response_id,birth_year,gender,industry,industry_detail,occupation,occupation_detail,company_size,is_manager,household_type,job_tenure,region_type
433,1983,Female,Information Media and Telecommunications,Broadcasting (except Internet),Professionals,Arts and Media Professionals,Between 1 and 4,Yes,Couple with dependent children,Between 1 and 5 years,Metro
704,1976,Male,"Professional, Scientific and Technical Services","Professional, Scientific and Technical Services",Professionals,"Business, Human Resource and Marketing Professionals",Between 1 and 4,Yes,Couple with dependent children,Between 1 and 5 years,Metro
1185,1964,Male,Retail Trade,Other Store-Based Retailing,Managers,"Chief Executives, General Managers and Legislators",Between 1 and 4,Yes,Couple with dependent children,Between 1 and 5 years,Metro
826,1973,Male,"Transport, Postal and Warehousing",Road Transport,Managers,"Chief Executives, General Managers and Legislators",Between 1 and 4,NA,Couple with dependent children,Between 1 and 5 years,Metro
1399,1959,Female,"Electricity, Gas, Water and Waste Services","Waste Collection, Treatment and Disposal Services",Managers,"Chief Executives, General Managers and Legislators",Between 1 and 4,NA,Couple with dependent children,Between 1 and 5 years,Metro
177,1990,Male,"Professional, Scientific and Technical Services","Professional, Scientific and Technical Services",Managers,Farmers and Farm Managers,Between 1 and 4,Yes,Couple with dependent children,Between 1 and 5 years,Metro
838,1972,Female,Administrative and Support Services,Administrative Services,Managers,"Hospitality, Retail and Service Managers",Between 1 and 4,No,Couple with dependent children,Between 1 and 5 years,Metro
332,1986,Male,Administrative and Support Services,Administrative Services,Professionals,ICT Professionals,Between 1 and 4,Yes,Couple with dependent children,Between 1 and 5 years,Metro
679,1977,Male,Construction,Building Construction,Machinery operators and drivers,Machine and Stationary Plant Operators,Between 1 and 4,No,Couple with dependent children,Between 1 and 5 years,Metro
860,1972,Female,"Professional, Scientific and Technical Services","Professional, Scientific and Technical Services",Managers,Specialist Managers,Between 1 and 4,No,Couple with dependent children,Between 1 and 5 years,Metro
659,1977,Female,Administrative and Support Services,Administrative Services,Professionals,Arts and Media Professionals,Between 20 and 199,No,Couple with dependent children,Between 1 and 5 years,Metro
855,1972,Male,Financial and Insurance Services,Finance,Professionals,"Business, Human Resource and Marketing Professionals",Between 20 and 199,No,Couple with dependent children,Between 1 and 5 years,Metro
79,1993,Male,Financial and Insurance Services,Insurance and Superannuation Funds,Professionals,"Business, Human Resource and Marketing Professionals",Between 20 and 199,Yes,Couple with dependent children,Between 1 and 5 years,Metro
1364,1959,Male,"Transport, Postal and Warehousing",Other Transport,Professionals,"Business, Human Resource and Marketing Professionals",Between 20 and 199,No,Couple with dependent children,Between 1 and 5 years,Metro
810,1973,Male,Education and Training,Preschool and School Education,Professionals,"Business, Human Resource and Marketing Professionals",Between 20 and 199,Yes,Couple with dependent children,Between 1 and 5 years,Metro
456,1983,Female,"Professional, Scientific and Technical Services","Professional, Scientific and Technical Services",Professionals,"Business, Human Resource and Marketing Professionals",Between 20 and 199,No,Couple with dependent children,Between 1 and 5 years,Metro
726,1975,Female,"Professional, Scientific and Technical Services","Professional, Scientific and Technical Services",Professionals,"Business, Human Resource and Marketing Professionals",Between 20 and 199,No,Couple with dependent children,Between 1 and 5 years,Metro
1393,1959,Female,"Professional, Scientific and Technical Services","Professional, Scientific and Technical Services",Professionals,"Business, Human Resource and Marketing Professionals",Between 20 and 199,No,Couple with dependent children,Between 1 and 5 years,Metro
617,1978,Male,"Professional, Scientific and Technical Services","Professional, Scientific and Technical Services",Professionals,"Business, Human Resource and Marketing Professionals",Between 20 and 199,No,Couple with dependent children,Between 1 and 5 years,Metro
850,1972,Male,"Professional, Scientific and Technical Services","Professional, Scientific and Technical Services",Professionals,"Business, Human Resource and Marketing Professionals",Between 20 and 199,Yes,Couple with dependent children,Between 1 and 5 years,Metro
171,1990,Female,Information Media and Telecommunications,Telecommunications Services,Professionals,"Business, Human Resource and Marketing Professionals",Between 20 and 199,Yes,Couple with dependent children,Between 1 and 5 years,Metro
716,1976,Female,"Electricity, Gas, Water and Waste Services","Water Supply, Sewerage and Drainage Services",Professionals,"Business, Human Resource and Marketing Professionals",Between 20 and 199,Yes,Couple with dependent children,Between 1 and 5 years,Metro
664,1977,Female,Education and Training,"Adult, Community and Other Education",Managers,"Chief Executives, General Managers and Legislators",Between 20 and 199,Yes,Couple with dependent children,Between 1 and 5 years,Metro
103,1992,Male,Manufacturing,Basic Chemical and Chemical Product Manufacturing,Managers,"Chief Executives, General Managers and Legislators",Between 20 and 199,Yes,Couple with dependent children,Between 1 and 5 years,Metro
632,1978,Female,Health Care and Social Assistance,Medical and Other Health Care Services,Managers,"Chief Executives, General Managers and Legislators",Between 20 and 199,Yes,Couple with dependent children,Between 1 and 5 years,Metro
1022,1968,Female,Health Care and Social Assistance,Medical and Other Health Care Services,Managers,"Chief Executives, General Managers and Legislators",Between 20 and 199,Yes,Couple with dependent children,Between 1 and 5 years,Metro
832,1972,Male,Health Care and Social Assistance,Medical and Other Health Care Services,Managers,"Chief Executives, General Managers and Legislators",Between 20 and 199,Yes,Couple with dependent children,Between 1 and 5 years,Metro
707,1976,Male,Manufacturing,Primary Metal and Metal Product Manufacturing,Managers,"Chief Executives, General Managers and Legislators",Between 20 and 199,Yes,Couple with dependent children,Between 1 and 5 years,Metro
1122,1965,Male,"Transport, Postal and Warehousing",Rail Transport,Managers,"Chief Executives, General Managers and Legislators",Between 20 and 199,Yes,Couple with dependent children,Between 1 and 5 years,Metro
565,1980,Female,Education and Training,Tertiary Education,Managers,"Chief Executives, General Managers and Legislators",Between 20 and 199,NA,Couple with dependent children,Between 1 and 5 years,Metro
689,1976,Female,"Professional, Scientific and Technical Services",Computer System Design and Related Services,Clerical and administrative ,Clerical and Office Support ,Between 20 and 199,No,Couple with dependent children,Between 1 and 5 years,Metro
627,1978,Female,Education and Training,Preschool and School Education,Clerical and administrative ,Clerical and Office Support ,Between 20 and 199,No,Couple with dependent children,Between 1 and 5 years,Metro
912,1970,Female,Health Care and Social Assistance,Social Assistance Services,Clerical and administrative ,Clerical and Office Support ,Between 20 and 199,No,Couple with dependent children,Between 1 and 5 years,Metro
666,1977,Female,"Transport, Postal and Warehousing",Water Transport,Clerical and administrative ,Clerical and Office Support ,Between 20 and 199,Yes,Couple with dependent children,Between 1 and 5 years,Metro
158,1990,Male,Health Care and Social Assistance,Medical and Other Health Care Services,Professionals,"Design, Engineering, Science and Transport Professionals",Between 20 and 199,No,Couple with dependent children,Between 1 and 5 years,Metro
465,1982,Male,Financial and Insurance Services,Finance,Professionals,Education Professionals,Between 20 and 199,No,Couple with dependent children,Between 1 and 5 years,Metro
457,1983,Male,"Professional, Scientific and Technical Services",Computer System Design and Related Services,Technicians and trades ,"Engineering, ICT and Science Technicians",Between 20 and 199,No,Couple with dependent children,Between 1 and 5 years,Metro
459,1983,Male,"Professional, Scientific and Technical Services",Computer System Design and Related Services,Technicians and trades ,"Engineering, ICT and Science Technicians",Between 20 and 199,NA,Couple with dependent children,Between 1 and 5 years,Metro
558,1980,Female,Information Media and Telecommunications,Internet Publishing and Broadcasting,Clerical and administrative ,General Clerical ,Between 20 and 199,Yes,Couple with dependent children,Between 1 and 5 years,Metro
142,1990,Female,Accommodation and Food Services,Food and Beverage Services,Managers,"Hospitality, Retail and Service Managers",Between 20 and 199,Yes,Couple with dependent children,Between 1 and 5 years,Metro
763,1974,Female,Wholesale Trade,Other Goods Wholesaling,Managers,"Hospitality, Retail and Service Managers",Between 20 and 199,Yes,Couple with dependent children,Between 1 and 5 years,Metro
264,1987,Female,"Professional, Scientific and Technical Services","Professional, Scientific and Technical Services",Professionals,ICT Professionals,Between 20 and 199,No,Couple with dependent children,Between 1 and 5 years,Metro
657,1977,Male,"Professional, Scientific and Technical Services",Computer System Design and Related Services,Professionals,"Legal, Social and Welfare Professionals",Between 20 and 199,Yes,Couple with dependent children,Between 1 and 5 years,Metro
1298,1961,Male,Public Administration and Safety,"Public Order, Safety and Regulatory Services",Professionals,"Legal, Social and Welfare Professionals",Between 20 and 199,No,Couple with dependent children,Between 1 and 5 years,Metro
330,1986,Female,Financial and Insurance Services,Insurance and Superannuation Funds,Clerical and administrative ,Office Managers and Program Administrators,Between 20 and 199,Yes,Couple with dependent children,Between 1 and 5 years,Metro
771,1974,Female,Financial and Insurance Services,Insurance and Superannuation Funds,Clerical and administrative ,Office Managers and Program Administrators,Between 20 and 199,No,Couple with dependent children,Between 1 and 5 years,Metro
858,1972,Female,Administrative and Support Services,Administrative Services,Clerical and administrative ,Other Clerical and Administrative ,Between 20 and 199,No,Couple with dependent children,Between 1 and 5 years,Metro
366,1985,Male,Manufacturing,Printing (including the Reproduction of Recorded Media),Sales ,Sales Assistants and Salespersons,Between 20 and 199,No,Couple with dependent children,Between 1 and 5 years,Metro
1047,1967,Male,Manufacturing,Fabricated Metal Product Manufacturing,Sales ,Sales Representatives and Agents,Between 20 and 199,No,Couple with dependent children,Between 1 and 5 years,Metro
326,1986,Male,Wholesale Trade,Other Goods Wholesaling,Sales ,Sales Representatives and Agents,Between 20 and 199,Yes,Couple with dependent children,Between 1 and 5 years,Metro
625,1978,Female,Information Media and Telecommunications,Telecommunications Services,Sales ,Sales Representatives and Agents,Between 20 and 199,No,Couple with dependent children,Between 1 and 5 years,Metro
42,1995,Male,Construction,Building Construction,Managers,Specialist Managers,Between 20 and 199,Yes,Couple with dependent children,Between 1 and 5 years,Metro
613,1978,Male,Construction,Building Construction,Managers,Specialist Managers,Between 20 and 199,Yes,Couple with dependent children,Between 1 and 5 years,Metro
889,1971,Male,Information Media and Telecommunications,"Internet Service Providers, Web Search Portals and Data Processing Services",Managers,Specialist Managers,Between 20 and 199,Yes,Couple with dependent children,Between 1 and 5 years,Metro
1186,1964,Male,Other Services,Personal and Other Services,Managers,Specialist Managers,Between 20 and 199,Yes,Couple with dependent children,Between 1 and 5 years,Metro
833,1972,Male,"Professional, Scientific and Technical Services","Professional, Scientific and Technical Services",Managers,Specialist Managers,Between 20 and 199,Yes,Couple with dependent children,Between 1 and 5 years,Metro
392,1985,Male,Mining,Oil and Gas Extraction,Technicians and trades ,Automotive and Engineering Trades ,Between 5 and 19,NA,Couple with dependent children,Between 1 and 5 years,Metro
615,1978,Female,Financial and Insurance Services,Finance,Professionals,"Business, Human Resource and Marketing Professionals",Between 5 and 19,No,Couple with dependent children,Between 1 and 5 years,Metro
101,1992,Female,Public Administration and Safety,Public Administration,Professionals,"Business, Human Resource and Marketing Professionals",Between 5 and 19,No,Couple with dependent children,Between 1 and 5 years,Metro
377,1985,Male,Manufacturing,"Textile, Leather, Clothing and Footwear Manufacturing",Professionals,"Business, Human Resource and Marketing Professionals",Between 5 and 19,Yes,Couple with dependent children,Between 1 and 5 years,Metro
263,1988,Male,Wholesale Trade,Basic Material Wholesaling,Managers,"Chief Executives, General Managers and Legislators",Between 5 and 19,NA,Couple with dependent children,Between 1 and 5 years,Metro
183,1990,Male,Construction,Building Construction,Managers,"Chief Executives, General Managers and Legislators",Between 5 and 19,NA,Couple with dependent children,Between 1 and 5 years,Metro
686,1977,Male,Construction,Building Construction,Labourers,Construction and Mining Labourers,Between 5 and 19,NA,Couple with dependent children,Between 1 and 5 years,Metro
181,1990,Male,Construction,Building Construction,Professionals,"Design, Engineering, Science and Transport Professionals",Between 5 and 19,NA,Couple with dependent children,Between 1 and 5 years,Metro
1243,1962,Male,"Electricity, Gas, Water and Waste Services",Electricity Supply,Professionals,"Design, Engineering, Science and Transport Professionals",Between 5 and 19,No,Couple with dependent children,Between 1 and 5 years,Metro
429,1984,Female,"Professional, Scientific and Technical Services","Professional, Scientific and Technical Services",Professionals,"Design, Engineering, Science and Transport Professionals",Between 5 and 19,NA,Couple with dependent children,Between 1 and 5 years,Metro
721,1976,Female,Retail Trade,Other Store-Based Retailing,Technicians and trades ,Electrotechnology and Telecommunications Trades ,Between 5 and 19,NA,Couple with dependent children,Between 1 and 5 years,Metro
271,1987,Male,Information Media and Telecommunications,Telecommunications Services,Technicians and trades ,Electrotechnology and Telecommunications Trades ,Between 5 and 19,Yes,Couple with dependent children,Between 1 and 5 years,Metro
714,1976,Male,"Professional, Scientific and Technical Services",Computer System Design and Related Services,Technicians and trades ,"Engineering, ICT and Science Technicians",Between 5 and 19,No,Couple with dependent children,Between 1 and 5 years,Metro
1018,1968,Female,Construction,Construction Services,Clerical and administrative ,General Clerical ,Between 5 and 19,No,Couple with dependent children,Between 1 and 5 years,Metro
309,1986,Female,Retail Trade,Other Store-Based Retailing,Professionals,Health Professionals,Between 5 and 19,No,Couple with dependent children,Between 1 and 5 years,Metro
250,1988,Female,"Professional, Scientific and Technical Services","Professional, Scientific and Technical Services",Professionals,Health Professionals,Between 5 and 19,No,Couple with dependent children,Between 1 and 5 years,Metro
303,1987,Male,"Electricity, Gas, Water and Waste Services",Gas Supply,Community and personal service ,Hospitality ,Between 5 and 19,NA,Couple with dependent children,Between 1 and 5 years,Metro
369,1985,Male,Manufacturing,"Textile, Leather, Clothing and Footwear Manufacturing",Community and personal service ,Hospitality ,Between 5 and 19,Yes,Couple with dependent children,Between 1 and 5 years,Metro
601,1978,Female,Accommodation and Food Services,Food and Beverage Services,Managers,"Hospitality, Retail and Service Managers",Between 5 and 19,Yes,Couple with dependent children,Between 1 and 5 years,Metro
1197,1963,Female,"Rental, Hiring and Real Estate Services",Property Operators and Real Estate Services,Managers,"Hospitality, Retail and Service Managers",Between 5 and 19,No,Couple with dependent children,Between 1 and 5 years,Metro
694,1976,Male,Information Media and Telecommunications,Internet Publishing and Broadcasting,Professionals,ICT Professionals,Between 5 and 19,Yes,Couple with dependent children,Between 1 and 5 years,Metro
526,1980,Female,Administrative and Support Services,Administrative Services,Clerical and administrative ,Other Clerical and Administrative ,Between 5 and 19,No,Couple with dependent children,Between 1 and 5 years,Metro
282,1987,Male,Accommodation and Food Services,Food and Beverage Services,Sales ,Sales Assistants and Salespersons,Between 5 and 19,Yes,Couple with dependent children,Between 1 and 5 years,Metro
161,1990,Female,Wholesale Trade,Other Goods Wholesaling,Sales ,Sales Assistants and Salespersons,Between 5 and 19,No,Couple with dependent children,Between 1 and 5 years,Metro
557,1980,Female,Retail Trade,Other Store-Based Retailing,Sales ,Sales Assistants and Salespersons,Between 5 and 19,Yes,Couple with dependent children,Between 1 and 5 years,Metro
519,1981,Male,Construction,Building Construction,Managers,Specialist Managers,Between 5 and 19,NA,Couple with dependent children,Between 1 and 5 years,Metro
778,1974,Male,Manufacturing,Food Product Manufacturing,Managers,Specialist Managers,Between 5 and 19,Yes,Couple with dependent children,Between 1 and 5 years,Metro
1216,1963,Female,Arts and Recreation Services,Creative and Performing Arts Activities,Professionals,Arts and Media Professionals,I am the only employee,No,Couple with dependent children,Between 1 and 5 years,Metro
706,1976,Female,Education and Training,"Adult, Community and Other Education",Professionals,"Business, Human Resource and Marketing Professionals",I am the only employee,Yes,Couple with dependent children,Between 1 and 5 years,Metro
1463,1957,Male,"Professional, Scientific and Technical Services","Professional, Scientific and Technical Services",Professionals,"Business, Human Resource and Marketing Professionals",I am the only employee,NA,Couple with dependent children,Between 1 and 5 years,Metro
1394,1959,Male,"Transport, Postal and Warehousing",Warehousing and Storage Services,Managers,"Chief Executives, General Managers and Legislators",I am the only employee,No,Couple with dependent children,Between 1 and 5 years,Metro
4,2000,Female,Education and Training,Preschool and School Education,Professionals,Education Professionals,I am the only employee,No,Couple with dependent children,Between 1 and 5 years,Metro
1290,1961,Female,Health Care and Social Assistance,Medical and Other Health Care Services,Professionals,Health Professionals,I am the only employee,No,Couple with dependent children,Between 1 and 5 years,Metro
1065,1966,Female,Public Administration and Safety,"Public Order, Safety and Regulatory Services",Labourers,Other Labourers,I am the only employee,No,Couple with dependent children,Between 1 and 5 years,Metro
533,1980,Male,Information Media and Telecommunications,Internet Publishing and Broadcasting,Managers,Specialist Managers,I am the only employee,Yes,Couple with dependent children,Between 1 and 5 years,Metro
713,1976,Female,"Transport, Postal and Warehousing",Transport Support Services,Professionals,Arts and Media Professionals,More than 200,No,Couple with dependent children,Between 1 and 5 years,Metro
267,1987,Female,Financial and Insurance Services,Auxiliary Finance and Insurance Services,Professionals,"Business, Human Resource and Marketing Professionals",More than 200,No,Couple with dependent children,Between 1 and 5 years,Metro
397,1984,Male,Financial and Insurance Services,Finance,Professionals,"Business, Human Resource and Marketing Professionals",More than 200,No,Couple with dependent children,Between 1 and 5 years,Metro
800,1973,Male,Financial and Insurance Services,Finance,Professionals,"Business, Human Resource and Marketing Professionals",More than 200,No,Couple with dependent children,Between 1 and 5 years,Metro
622,1978,Female,"Professional, Scientific and Technical Services","Professional, Scientific and Technical Services",Professionals,"Business, Human Resource and Marketing Professionals",More than 200,No,Couple with dependent children,Between 1 and 5 years,Metro
106,1992,Male,"Professional, Scientific and Technical Services","Professional, Scientific and Technical Services",Professionals,"Business, Human Resource and Marketing Professionals",More than 200,No,Couple with dependent children,Between 1 and 5 years,Metro
32,1996,Female,"Rental, Hiring and Real Estate Services",Property Operators and Real Estate Services,Professionals,"Business, Human Resource and Marketing Professionals",More than 200,No,Couple with dependent children,Between 1 and 5 years,Metro
998,1968,Male,Information Media and Telecommunications,Telecommunications Services,Professionals,"Business, Human Resource and Marketing Professionals",More than 200,No,Couple with dependent children,Between 1 and 5 years,Metro
670,1977,Female,Education and Training,Tertiary Education,Professionals,"Business, Human Resource and Marketing Professionals",More than 200,No,Couple with dependent children,Between 1 and 5 years,Metro
886,1971,Female,Arts and Recreation Services,Creative and Performing Arts Activities,Managers,"Chief Executives, General Managers and Legislators",More than 200,Yes,Couple with dependent children,Between 1 and 5 years,Metro
116,1991,Female,Financial and Insurance Services,Finance,Managers,"Chief Executives, General Managers and Legislators",More than 200,Yes,Couple with dependent children,Between 1 and 5 years,Metro
995,1968,Male,Manufacturing,Furniture and Other Manufacturing,Managers,"Chief Executives, General Managers and Legislators",More than 200,Yes,Couple with dependent children,Between 1 and 5 years,Metro
868,1971,Male,Wholesale Trade,"Grocery, Liquor and Tobacco Product Wholesaling",Managers,"Chief Executives, General Managers and Legislators",More than 200,Yes,Couple with dependent children,Between 1 and 5 years,Metro
293,1987,Male,Manufacturing,Machinery and Equipment Manufacturing,Managers,"Chief Executives, General Managers and Legislators",More than 200,Yes,Couple with dependent children,Between 1 and 5 years,Metro
356,1985,Male,Health Care and Social Assistance,Medical and Other Health Care Services,Managers,"Chief Executives, General Managers and Legislators",More than 200,Yes,Couple with dependent children,Between 1 and 5 years,Metro
340,1986,Male,Retail Trade,Motor Vehicle and Motor Vehicle Parts Retailing,Managers,"Chief Executives, General Managers and Legislators",More than 200,NA,Couple with dependent children,Between 1 and 5 years,Metro
734,1975,Male,Manufacturing,Non-Metallic Mineral Product Manufacturing,Managers,"Chief Executives, General Managers and Legislators",More than 200,Yes,Couple with dependent children,Between 1 and 5 years,Metro
986,1969,Female,Retail Trade,Other Store-Based Retailing,Managers,"Chief Executives, General Managers and Legislators",More than 200,Yes,Couple with dependent children,Between 1 and 5 years,Metro
313,1986,Female,"Professional, Scientific and Technical Services","Professional, Scientific and Technical Services",Managers,"Chief Executives, General Managers and Legislators",More than 200,Yes,Couple with dependent children,Between 1 and 5 years,Metro
927,1970,Male,Information Media and Telecommunications,Telecommunications Services,Managers,"Chief Executives, General Managers and Legislators",More than 200,Yes,Couple with dependent children,Between 1 and 5 years,Metro
29,1996,Female,Education and Training,Tertiary Education,Managers,"Chief Executives, General Managers and Legislators",More than 200,Yes,Couple with dependent children,Between 1 and 5 years,Metro
441,1983,Female,Administrative and Support Services,Administrative Services,Clerical and administrative ,Clerical and Office Support ,More than 200,No,Couple with dependent children,Between 1 and 5 years,Metro
645,1977,Female,Construction,Construction Services,Professionals,"Design, Engineering, Science and Transport Professionals",More than 200,No,Couple with dependent children,Between 1 and 5 years,Metro
325,1986,Male,"Electricity, Gas, Water and Waste Services",Electricity Supply,Professionals,"Design, Engineering, Science and Transport Professionals",More than 200,No,Couple with dependent children,Between 1 and 5 years,Metro
1145,1964,Male,"Electricity, Gas, Water and Waste Services",Gas Supply,Professionals,"Design, Engineering, Science and Transport Professionals",More than 200,No,Couple with dependent children,Between 1 and 5 years,Metro
522,1981,Female,Information Media and Telecommunications,"Internet Service Providers, Web Search Portals and Data Processing Services",Professionals,"Design, Engineering, Science and Transport Professionals",More than 200,NA,Couple with dependent children,Between 1 and 5 years,Metro
69,1994,Female,"Professional, Scientific and Technical Services","Professional, Scientific and Technical Services",Professionals,"Design, Engineering, Science and Transport Professionals",More than 200,Yes,Couple with dependent children,Between 1 and 5 years,Metro
740,1975,Male,Public Administration and Safety,"Public Order, Safety and Regulatory Services",Professionals,"Design, Engineering, Science and Transport Professionals",More than 200,No,Couple with dependent children,Between 1 and 5 years,Metro
1023,1968,Male,Public Administration and Safety,"Public Order, Safety and Regulatory Services",Professionals,"Design, Engineering, Science and Transport Professionals",More than 200,No,Couple with dependent children,Between 1 and 5 years,Metro
464,1982,Female,"Transport, Postal and Warehousing",Road Transport,Professionals,"Design, Engineering, Science and Transport Professionals",More than 200,No,Couple with dependent children,Between 1 and 5 years,Metro
674,1977,Female,Education and Training,"Adult, Community and Other Education",Professionals,Education Professionals,More than 200,No,Couple with dependent children,Between 1 and 5 years,Metro
269,1987,Female,Education and Training,Tertiary Education,Professionals,Education Professionals,More than 200,No,Couple with dependent children,Between 1 and 5 years,Metro
943,1970,Female,Education and Training,Tertiary Education,Professionals,Education Professionals,More than 200,No,Couple with dependent children,Between 1 and 5 years,Metro
829,1972,Male,Education and Training,Tertiary Education,Professionals,Education Professionals,More than 200,No,Couple with dependent children,Between 1 and 5 years,Metro
869,1971,Male,Education and Training,Tertiary Education,Professionals,Education Professionals,More than 200,Yes,Couple with dependent children,Between 1 and 5 years,Metro
333,1986,Male,Health Care and Social Assistance,Medical and Other Health Care Services,Managers,Farmers and Farm Managers,More than 200,Yes,Couple with dependent children,Between 1 and 5 years,Metro
1378,1959,Female,Administrative and Support Services,Administrative Services,Clerical and administrative ,General Clerical ,More than 200,No,Couple with dependent children,Between 1 and 5 years,Metro
504,1981,Female,Other Services,Personal and Other Services,Clerical and administrative ,General Clerical ,More than 200,No,Couple with dependent children,Between 1 and 5 years,Metro
31,1996,Female,Health Care and Social Assistance,Hospitals,Professionals,Health Professionals,More than 200,Yes,Couple with dependent children,Between 1 and 5 years,Metro
608,1978,Male,Health Care and Social Assistance,Hospitals,Professionals,Health Professionals,More than 200,Yes,Couple with dependent children,Between 1 and 5 years,Metro
809,1973,Male,Health Care and Social Assistance,Medical and Other Health Care Services,Professionals,Health Professionals,More than 200,Yes,Couple with dependent children,Between 1 and 5 years,Metro
414,1984,Male,"Professional, Scientific and Technical Services",Computer System Design and Related Services,Professionals,ICT Professionals,More than 200,Yes,Couple with dependent children,Between 1 and 5 years,Metro
614,1978,Male,"Professional, Scientific and Technical Services",Computer System Design and Related Services,Professionals,ICT Professionals,More than 200,No,Couple with dependent children,Between 1 and 5 years,Metro
857,1972,Male,"Professional, Scientific and Technical Services",Computer System Design and Related Services,Professionals,ICT Professionals,More than 200,No,Couple with dependent children,Between 1 and 5 years,Metro
966,1969,Male,"Professional, Scientific and Technical Services",Computer System Design and Related Services,Professionals,ICT Professionals,More than 200,No,Couple with dependent children,Between 1 and 5 years,Metro
651,1977,Male,Financial and Insurance Services,Finance,Professionals,ICT Professionals,More than 200,Yes,Couple with dependent children,Between 1 and 5 years,Metro
30,1996,Male,Information Media and Telecommunications,Internet Publishing and Broadcasting,Professionals,ICT Professionals,More than 200,No,Couple with dependent children,Between 1 and 5 years,Metro
346,1985,Female,"Professional, Scientific and Technical Services","Professional, Scientific and Technical Services",Professionals,ICT Professionals,More than 200,No,Couple with dependent children,Between 1 and 5 years,Metro
539,1980,Male,"Professional, Scientific and Technical Services","Professional, Scientific and Technical Services",Professionals,ICT Professionals,More than 200,No,Couple with dependent children,Between 1 and 5 years,Metro
846,1972,Male,Public Administration and Safety,Public Administration,Professionals,ICT Professionals,More than 200,No,Couple with dependent children,Between 1 and 5 years,Metro
272,1987,Female,Accommodation and Food Services,Accommodation,Professionals,"Legal, Social and Welfare Professionals",More than 200,Yes,Couple with dependent children,Between 1 and 5 years,Metro
631,1978,Male,"Professional, Scientific and Technical Services",Computer System Design and Related Services,Professionals,"Legal, Social and Welfare Professionals",More than 200,No,Couple with dependent children,Between 1 and 5 years,Metro
634,1978,Male,"Professional, Scientific and Technical Services",Computer System Design and Related Services,Professionals,"Legal, Social and Welfare Professionals",More than 200,No,Couple with dependent children,Between 1 and 5 years,Metro
492,1981,Male,Public Administration and Safety,Public Administration,Professionals,"Legal, Social and Welfare Professionals",More than 200,No,Couple with dependent children,Between 1 and 5 years,Metro
894,1971,Female,Construction,Building Construction,Clerical and administrative ,Numerical Clerks,More than 200,No,Couple with dependent children,Between 1 and 5 years,Metro
274,1987,Female,Mining,Coal Mining,Clerical and administrative ,Office Managers and Program Administrators,More than 200,Yes,Couple with dependent children,Between 1 and 5 years,Metro
291,1987,Female,Mining,Oil and Gas Extraction,Clerical and administrative ,Office Managers and Program Administrators,More than 200,Yes,Couple with dependent children,Between 1 and 5 years,Metro
36,1996,Female,Administrative and Support Services,Administrative Services,Clerical and administrative ,Other Clerical and Administrative ,More than 200,No,Couple with dependent children,Between 1 and 5 years,Metro
582,1979,Female,Education and Training,Preschool and School Education,Clerical and administrative ,Other Clerical and Administrative ,More than 200,No,Couple with dependent children,Between 1 and 5 years,Metro
665,1977,Female,Public Administration and Safety,Public Administration,Clerical and administrative ,Other Clerical and Administrative ,More than 200,No,Couple with dependent children,Between 1 and 5 years,Metro
57,1995,Female,Retail Trade,Other Store-Based Retailing,Technicians and trades ,Other Technicians and Trades ,More than 200,No,Couple with dependent children,Between 1 and 5 years,Metro
12,1999,Female,"Professional, Scientific and Technical Services","Professional, Scientific and Technical Services",Clerical and administrative ,Personal Assistants and Secretaries,More than 200,Yes,Couple with dependent children,Between 1 and 5 years,Metro
925,1970,Female,Financial and Insurance Services,Finance,Sales ,Sales Assistants and Salespersons,More than 200,No,Couple with dependent children,Between 1 and 5 years,Metro
82,1993,Male,Financial and Insurance Services,Insurance and Superannuation Funds,Sales ,Sales Representatives and Agents,More than 200,No,Couple with dependent children,Between 1 and 5 years,Metro
745,1975,Female,Wholesale Trade,Other Goods Wholesaling,Sales ,Sales Representatives and Agents,More than 200,No,Couple with dependent children,Between 1 and 5 years,Metro
981,1969,Male,Construction,Building Construction,Managers,Specialist Managers,More than 200,Yes,Couple with dependent children,Between 1 and 5 years,Metro
170,1990,Male,Retail Trade,Food Retailing,Managers,Specialist Managers,More than 200,Yes,Couple with dependent children,Between 1 and 5 years,Metro
903,1971,Male,Retail Trade,Food Retailing,Managers,Specialist Managers,More than 200,Yes,Couple with dependent children,Between 1 and 5 years,Metro
536,1980,Male,Health Care and Social Assistance,Hospitals,Managers,Specialist Managers,More than 200,Yes,Couple with dependent children,Between 1 and 5 years,Metro
505,1981,Female,Retail Trade,Non-Store Retailing and Retail Commission-Based Buying and/or Selling,Managers,Specialist Managers,More than 200,No,Couple with dependent children,Between 1 and 5 years,Metro
80,1993,Male,"Professional, Scientific and Technical Services","Professional, Scientific and Technical Services",Managers,Specialist Managers,More than 200,Yes,Couple with dependent children,Between 1 and 5 years,Metro
1237,1962,Male,Information Media and Telecommunications,Publishing (except Internet and Music Publishing),Managers,Specialist Managers,More than 200,Yes,Couple with dependent children,Between 1 and 5 years,Metro
5,2000,Male,Information Media and Telecommunications,Telecommunications Services,Managers,Specialist Managers,More than 200,Yes,Couple with dependent children,Between 1 and 5 years,Metro
577,1979,Male,Information Media and Telecommunications,Telecommunications Services,Managers,Specialist Managers,More than 200,Yes,Couple with dependent children,Between 1 and 5 years,Metro
1003,1968,Female,Accommodation and Food Services,Accommodation,Professionals,"Business, Human Resource and Marketing Professionals",Between 1 and 4,Yes,Couple with no dependent children,Between 1 and 5 years,Metro
1195,1963,Male,Financial and Insurance Services,Finance,Managers,"Chief Executives, General Managers and Legislators",Between 1 and 4,No,Couple with no dependent children,Between 1 and 5 years,Metro
261,1988,Female,"Professional, Scientific and Technical Services","Professional, Scientific and Technical Services",Clerical and administrative ,Clerical and Office Support ,Between 1 and 4,No,Couple with no dependent children,Between 1 and 5 years,Metro
1285,1961,Male,Education and Training,"Adult, Community and Other Education",Professionals,Education Professionals,Between 1 and 4,Yes,Couple with no dependent children,Between 1 and 5 years,Metro
796,1973,Male,Administrative and Support Services,Administrative Services,Managers,Specialist Managers,Between 1 and 4,Yes,Couple with no dependent children,Between 1 and 5 years,Metro
1136,1965,Male,Administrative and Support Services,Administrative Services,Managers,Specialist Managers,Between 1 and 4,Yes,Couple with no dependent children,Between 1 and 5 years,Metro
847,1972,Female,"Professional, Scientific and Technical Services","Professional, Scientific and Technical Services",Managers,Specialist Managers,Between 1 and 4,Yes,Couple with no dependent children,Between 1 and 5 years,Metro
616,1978,Female,Arts and Recreation Services,Creative and Performing Arts Activities,Professionals,"Business, Human Resource and Marketing Professionals",Between 20 and 199,No,Couple with no dependent children,Between 1 and 5 years,Metro
137,1990,Male,Arts and Recreation Services,Creative and Performing Arts Activities,Professionals,"Business, Human Resource and Marketing Professionals",Between 20 and 199,Yes,Couple with no dependent children,Between 1 and 5 years,Metro
1157,1964,Male,Financial and Insurance Services,Finance,Professionals,"Business, Human Resource and Marketing Professionals",Between 20 and 199,No,Couple with no dependent children,Between 1 and 5 years,Metro
741,1975,Male,Financial and Insurance Services,Insurance and Superannuation Funds,Professionals,"Business, Human Resource and Marketing Professionals",Between 20 and 199,Yes,Couple with no dependent children,Between 1 and 5 years,Metro
578,1979,Male,Wholesale Trade,Motor Vehicle and Motor Vehicle Parts Wholesaling,Community and personal service ,Carers and Aides,Between 20 and 199,Yes,Couple with no dependent children,Between 1 and 5 years,Metro
243,1988,Female,Administrative and Support Services,Administrative Services,Managers,"Chief Executives, General Managers and Legislators",Between 20 and 199,Yes,Couple with no dependent children,Between 1 and 5 years,Metro
1372,1959,Male,Health Care and Social Assistance,Medical and Other Health Care Services,Managers,"Chief Executives, General Managers and Legislators",Between 20 and 199,Yes,Couple with no dependent children,Between 1 and 5 years,Metro
487,1982,Male,"Transport, Postal and Warehousing",Warehousing and Storage Services,Managers,"Chief Executives, General Managers and Legislators",Between 20 and 199,NA,Couple with no dependent children,Between 1 and 5 years,Metro
599,1978,Female,Financial and Insurance Services,Auxiliary Finance and Insurance Services,Clerical and administrative ,Clerical and Office Support ,Between 20 and 199,No,Couple with no dependent children,Between 1 and 5 years,Metro
655,1977,Male,Construction,Building Construction,Professionals,"Design, Engineering, Science and Transport Professionals",Between 20 and 199,Yes,Couple with no dependent children,Between 1 and 5 years,Metro
1346,1960,Male,"Transport, Postal and Warehousing",Road Transport,Professionals,"Design, Engineering, Science and Transport Professionals",Between 20 and 199,No,Couple with no dependent children,Between 1 and 5 years,Metro
56,1995,Female,Education and Training,Preschool and School Education,Professionals,Education Professionals,Between 20 and 199,No,Couple with no dependent children,Between 1 and 5 years,Metro
20,1997,Female,Education and Training,Preschool and School Education,Clerical and administrative ,General Clerical ,Between 20 and 199,No,Couple with no dependent children,Between 1 and 5 years,Metro
280,1987,Female,Health Care and Social Assistance,Medical and Other Health Care Services,Professionals,Health Professionals,Between 20 and 199,No,Couple with no dependent children,Between 1 and 5 years,Metro
174,1990,Male,Health Care and Social Assistance,Medical and Other Health Care Services,Professionals,Health Professionals,Between 20 and 199,Yes,Couple with no dependent children,Between 1 and 5 years,Metro
136,1990,Male,Accommodation and Food Services,Accommodation,Managers,"Hospitality, Retail and Service Managers",Between 20 and 199,No,Couple with no dependent children,Between 1 and 5 years,Metro
974,1969,Male,"Professional, Scientific and Technical Services",Computer System Design and Related Services,Professionals,ICT Professionals,Between 20 and 199,Yes,Couple with no dependent children,Between 1 and 5 years,Metro
515,1981,Female,"Professional, Scientific and Technical Services","Professional, Scientific and Technical Services",Professionals,"Legal, Social and Welfare Professionals",Between 20 and 199,Yes,Couple with no dependent children,Between 1 and 5 years,Metro
337,1986,Female,Education and Training,"Adult, Community and Other Education",Clerical and administrative ,Other Clerical and Administrative ,Between 20 and 199,NA,Couple with no dependent children,Between 1 and 5 years,Metro
150,1990,Male,Public Administration and Safety,"Public Order, Safety and Regulatory Services",Technicians and trades ,Other Technicians and Trades ,Between 20 and 199,No,Couple with no dependent children,Between 1 and 5 years,Metro
626,1978,Male,"Professional, Scientific and Technical Services","Professional, Scientific and Technical Services",Clerical and administrative ,Personal Assistants and Secretaries,Between 20 and 199,No,Couple with no dependent children,Between 1 and 5 years,Metro
152,1990,Female,Education and Training,"Adult, Community and Other Education",Sales ,Sales Representatives and Agents,Between 20 and 199,Yes,Couple with no dependent children,Between 1 and 5 years,Metro
146,1990,Female,Retail Trade,Food Retailing,Sales ,Sales Representatives and Agents,Between 20 and 199,No,Couple with no dependent children,Between 1 and 5 years,Metro
1118,1965,Male,Retail Trade,Other Store-Based Retailing,Sales ,Sales Representatives and Agents,Between 20 and 199,No,Couple with no dependent children,Between 1 and 5 years,Metro
1447,1957,Male,Manufacturing,Primary Metal and Metal Product Manufacturing,Sales ,Sales Representatives and Agents,Between 20 and 199,Yes,Couple with no dependent children,Between 1 and 5 years,Metro
355,1985,Male,Financial and Insurance Services,Finance,Sales ,Sales Support ,Between 20 and 199,No,Couple with no dependent children,Between 1 and 5 years,Metro
906,1970,Female,"Professional, Scientific and Technical Services",Computer System Design and Related Services,Managers,Specialist Managers,Between 20 and 199,Yes,Couple with no dependent children,Between 1 and 5 years,Metro
1189,1964,Female,Financial and Insurance Services,Finance,Managers,Specialist Managers,Between 20 and 199,NA,Couple with no dependent children,Between 1 and 5 years,Metro
736,1975,Male,Financial and Insurance Services,Finance,Managers,Specialist Managers,Between 20 and 199,Yes,Couple with no dependent children,Between 1 and 5 years,Metro
195,1989,Male,Accommodation and Food Services,Food and Beverage Services,Managers,Specialist Managers,Between 20 and 199,Yes,Couple with no dependent children,Between 1 and 5 years,Metro
1076,1966,Female,Manufacturing,Furniture and Other Manufacturing,Managers,Specialist Managers,Between 20 and 199,No,Couple with no dependent children,Between 1 and 5 years,Metro
134,1991,Female,Manufacturing,Machinery and Equipment Manufacturing,Managers,Specialist Managers,Between 20 and 199,Yes,Couple with no dependent children,Between 1 and 5 years,Metro
358,1985,Female,Retail Trade,Non-Store Retailing and Retail Commission-Based Buying and/or Selling,Managers,Specialist Managers,Between 20 and 199,Yes,Couple with no dependent children,Between 1 and 5 years,Metro
776,1974,Male,"Professional, Scientific and Technical Services","Professional, Scientific and Technical Services",Managers,Specialist Managers,Between 20 and 199,Yes,Couple with no dependent children,Between 1 and 5 years,Metro
1015,1968,Female,Administrative and Support Services,Administrative Services,Professionals,"Business, Human Resource and Marketing Professionals",Between 5 and 19,No,Couple with no dependent children,Between 1 and 5 years,Metro
509,1981,Male,Financial and Insurance Services,Auxiliary Finance and Insurance Services,Professionals,"Business, Human Resource and Marketing Professionals",Between 5 and 19,No,Couple with no dependent children,Between 1 and 5 years,Metro
1070,1966,Male,Manufacturing,Beverage and Tobacco Product Manufacturing,Managers,"Chief Executives, General Managers and Legislators",Between 5 and 19,Yes,Couple with no dependent children,Between 1 and 5 years,Metro
1395,1959,Male,Accommodation and Food Services,Food and Beverage Services,Managers,"Chief Executives, General Managers and Legislators",Between 5 and 19,NA,Couple with no dependent children,Between 1 and 5 years,Metro
398,1984,Female,Health Care and Social Assistance,Residential Care Services,Managers,"Chief Executives, General Managers and Legislators",Between 5 and 19,Yes,Couple with no dependent children,Between 1 and 5 years,Metro
351,1985,Male,Health Care and Social Assistance,Social Assistance Services,Managers,"Chief Executives, General Managers and Legislators",Between 5 and 19,Yes,Couple with no dependent children,Between 1 and 5 years,Metro
83,1993,Female,"Professional, Scientific and Technical Services","Professional, Scientific and Technical Services",Professionals,"Design, Engineering, Science and Transport Professionals",Between 5 and 19,No,Couple with no dependent children,Between 1 and 5 years,Metro
758,1975,Female,Administrative and Support Services,Administrative Services,Clerical and administrative ,General Clerical ,Between 5 and 19,NA,Couple with no dependent children,Between 1 and 5 years,Metro
597,1978,Female,Administrative and Support Services,Administrative Services,Community and personal service ,Hospitality ,Between 5 and 19,No,Couple with no dependent children,Between 1 and 5 years,Metro
1473,1956,Male,Wholesale Trade,Other Goods Wholesaling,Managers,"Hospitality, Retail and Service Managers",Between 5 and 19,Yes,Couple with no dependent children,Between 1 and 5 years,Metro
284,1987,Male,"Professional, Scientific and Technical Services",Computer System Design and Related Services,Professionals,ICT Professionals,Between 5 and 19,No,Couple with no dependent children,Between 1 and 5 years,Metro
1107,1965,Female,Administrative and Support Services,Administrative Services,Clerical and administrative ,Office Managers and Program Administrators,Between 5 and 19,No,Couple with no dependent children,Between 1 and 5 years,Metro
39,1995,Female,Retail Trade,Other Store-Based Retailing,Sales ,Sales Representatives and Agents,Between 5 and 19,Yes,Couple with no dependent children,Between 1 and 5 years,Metro
113,1991,Female,Retail Trade,Other Store-Based Retailing,Sales ,Sales Representatives and Agents,Between 5 and 19,No,Couple with no dependent children,Between 1 and 5 years,Metro
484,1982,Female,Accommodation and Food Services,Accommodation,Sales ,Sales Support ,Between 5 and 19,No,Couple with no dependent children,Between 1 and 5 years,Metro
1452,1957,Male,Education and Training,"Adult, Community and Other Education",Managers,Specialist Managers,Between 5 and 19,No,Couple with no dependent children,Between 1 and 5 years,Metro
1437,1957,Male,Financial and Insurance Services,Finance,Managers,Specialist Managers,Between 5 and 19,No,Couple with no dependent children,Between 1 and 5 years,Metro
163,1990,Female,"Professional, Scientific and Technical Services","Professional, Scientific and Technical Services",Managers,Specialist Managers,Between 5 and 19,Yes,Couple with no dependent children,Between 1 and 5 years,Metro
407,1984,Female,"Professional, Scientific and Technical Services","Professional, Scientific and Technical Services",Managers,Specialist Managers,Between 5 and 19,Yes,Couple with no dependent children,Between 1 and 5 years,Metro
692,1976,Male,"Professional, Scientific and Technical Services","Professional, Scientific and Technical Services",Managers,Specialist Managers,Between 5 and 19,Yes,Couple with no dependent children,Between 1 and 5 years,Metro
490,1981,Male,"Rental, Hiring and Real Estate Services",Property Operators and Real Estate Services,Managers,Specialist Managers,Between 5 and 19,Yes,Couple with no dependent children,Between 1 and 5 years,Metro
602,1978,Female,Financial and Insurance Services,Insurance and Superannuation Funds,Professionals,"Business, Human Resource and Marketing Professionals",I am the only employee,No,Couple with no dependent children,Between 1 and 5 years,Metro
840,1972,Female,Health Care and Social Assistance,Social Assistance Services,Community and personal service ,Carers and Aides,I am the only employee,No,Couple with no dependent children,Between 1 and 5 years,Metro
1327,1960,Male,Financial and Insurance Services,Insurance and Superannuation Funds,Managers,"Chief Executives, General Managers and Legislators",I am the only employee,No,Couple with no dependent children,Between 1 and 5 years,Metro
1331,1960,Female,"Professional, Scientific and Technical Services","Professional, Scientific and Technical Services",Managers,"Chief Executives, General Managers and Legislators",I am the only employee,No,Couple with no dependent children,Between 1 and 5 years,Metro
1500,1955,Female,"Professional, Scientific and Technical Services","Professional, Scientific and Technical Services",Professionals,"Design, Engineering, Science and Transport Professionals",I am the only employee,No,Couple with no dependent children,Between 1 and 5 years,Metro
882,1971,Male,Financial and Insurance Services,Finance,Clerical and administrative ,General Clerical ,I am the only employee,No,Couple with no dependent children,Between 1 and 5 years,Metro
1486,1956,Female,Financial and Insurance Services,Finance,Professionals,"Legal, Social and Welfare Professionals",I am the only employee,No,Couple with no dependent children,Between 1 and 5 years,Metro
494,1981,Male,Other Services,Personal and Other Services,Sales ,Sales Representatives and Agents,I am the only employee,No,Couple with no dependent children,Between 1 and 5 years,Metro
225,1989,Female,Financial and Insurance Services,Auxiliary Finance and Insurance Services,Professionals,"Business, Human Resource and Marketing Professionals",More than 200,NA,Couple with no dependent children,Between 1 and 5 years,Metro
542,1980,Male,Construction,Construction Services,Professionals,"Business, Human Resource and Marketing Professionals",More than 200,Yes,Couple with no dependent children,Between 1 and 5 years,Metro
436,1983,Female,Financial and Insurance Services,Finance,Professionals,"Business, Human Resource and Marketing Professionals",More than 200,No,Couple with no dependent children,Between 1 and 5 years,Metro
1505,1937,Male,Financial and Insurance Services,Insurance and Superannuation Funds,Professionals,"Business, Human Resource and Marketing Professionals",More than 200,Yes,Couple with no dependent children,Between 1 and 5 years,Metro
320,1986,Male,Retail Trade,Non-Store Retailing and Retail Commission-Based Buying and/or Selling,Professionals,"Business, Human Resource and Marketing Professionals",More than 200,No,Couple with no dependent children,Between 1 and 5 years,Metro
443,1983,Female,"Rental, Hiring and Real Estate Services",Property Operators and Real Estate Services,Professionals,"Business, Human Resource and Marketing Professionals",More than 200,No,Couple with no dependent children,Between 1 and 5 years,Metro
70,1994,Female,"Rental, Hiring and Real Estate Services",Rental and Hiring Services (except Real Estate),Professionals,"Business, Human Resource and Marketing Professionals",More than 200,Yes,Couple with no dependent children,Between 1 and 5 years,Metro
530,1980,Female,Information Media and Telecommunications,Telecommunications Services,Professionals,"Business, Human Resource and Marketing Professionals",More than 200,No,Couple with no dependent children,Between 1 and 5 years,Metro
442,1983,Male,Wholesale Trade,"Grocery, Liquor and Tobacco Product Wholesaling",Managers,"Chief Executives, General Managers and Legislators",More than 200,No,Couple with no dependent children,Between 1 and 5 years,Metro
15,1998,Male,Retail Trade,Motor Vehicle and Motor Vehicle Parts Retailing,Managers,"Chief Executives, General Managers and Legislators",More than 200,Yes,Couple with no dependent children,Between 1 and 5 years,Metro
1088,1966,Male,Public Administration and Safety,Public Administration,Managers,"Chief Executives, General Managers and Legislators",More than 200,Yes,Couple with no dependent children,Between 1 and 5 years,Metro
1306,1961,Female,Public Administration and Safety,Public Administration,Clerical and administrative ,Clerical and Office Support ,More than 200,No,Couple with no dependent children,Between 1 and 5 years,Metro
226,1988,Male,Accommodation and Food Services,Accommodation,Professionals,"Design, Engineering, Science and Transport Professionals",More than 200,Yes,Couple with no dependent children,Between 1 and 5 years,Metro
162,1990,Female,"Transport, Postal and Warehousing",Air and Space Transport,Professionals,"Design, Engineering, Science and Transport Professionals",More than 200,No,Couple with no dependent children,Between 1 and 5 years,Metro
1316,1960,Male,Financial and Insurance Services,Finance,Professionals,"Design, Engineering, Science and Transport Professionals",More than 200,Yes,Couple with no dependent children,Between 1 and 5 years,Metro
157,1990,Male,"Professional, Scientific and Technical Services","Professional, Scientific and Technical Services",Professionals,"Design, Engineering, Science and Transport Professionals",More than 200,No,Couple with no dependent children,Between 1 and 5 years,Metro
365,1985,Female,Education and Training,"Adult, Community and Other Education",Professionals,Education Professionals,More than 200,No,Couple with no dependent children,Between 1 and 5 years,Metro
1302,1961,Female,Education and Training,Preschool and School Education,Professionals,Education Professionals,More than 200,No,Couple with no dependent children,Between 1 and 5 years,Metro
1241,1962,Female,"Professional, Scientific and Technical Services","Professional, Scientific and Technical Services",Professionals,Education Professionals,More than 200,No,Couple with no dependent children,Between 1 and 5 years,Metro
44,1995,Male,Education and Training,Tertiary Education,Professionals,Education Professionals,More than 200,Yes,Couple with no dependent children,Between 1 and 5 years,Metro
190,1989,Male,Administrative and Support Services,Administrative Services,Clerical and administrative ,General Clerical ,More than 200,No,Couple with no dependent children,Between 1 and 5 years,Metro
1144,1964,Male,Public Administration and Safety,Public Administration,Community and personal service ,Health and Welfare Support ,More than 200,No,Couple with no dependent children,Between 1 and 5 years,Metro
278,1987,Male,Other Services,Personal and Other Services,Professionals,Health Professionals,More than 200,Yes,Couple with no dependent children,Between 1 and 5 years,Metro
891,1971,Female,"Professional, Scientific and Technical Services","Professional, Scientific and Technical Services",Professionals,Health Professionals,More than 200,No,Couple with no dependent children,Between 1 and 5 years,Metro
18,1998,Female,Accommodation and Food Services,Accommodation,Managers,"Hospitality, Retail and Service Managers",More than 200,Yes,Couple with no dependent children,Between 1 and 5 years,Metro
888,1971,Male,Other Services,Personal and Other Services,Managers,"Hospitality, Retail and Service Managers",More than 200,Yes,Couple with no dependent children,Between 1 and 5 years,Metro
1159,1964,Male,"Rental, Hiring and Real Estate Services",Property Operators and Real Estate Services,Managers,"Hospitality, Retail and Service Managers",More than 200,No,Couple with no dependent children,Between 1 and 5 years,Metro
1042,1967,Male,"Professional, Scientific and Technical Services",Computer System Design and Related Services,Professionals,ICT Professionals,More than 200,Yes,Couple with no dependent children,Between 1 and 5 years,Metro
1363,1959,Male,Health Care and Social Assistance,Hospitals,Professionals,ICT Professionals,More than 200,Yes,Couple with no dependent children,Between 1 and 5 years,Metro
43,1995,Male,"Professional, Scientific and Technical Services","Professional, Scientific and Technical Services",Professionals,ICT Professionals,More than 200,No,Couple with no dependent children,Between 1 and 5 years,Metro
475,1982,Male,"Professional, Scientific and Technical Services","Professional, Scientific and Technical Services",Professionals,ICT Professionals,More than 200,Yes,Couple with no dependent children,Between 1 and 5 years,Metro
245,1988,Female,"Transport, Postal and Warehousing",Rail Transport,Professionals,ICT Professionals,More than 200,No,Couple with no dependent children,Between 1 and 5 years,Metro
516,1981,Female,"Transport, Postal and Warehousing",Transport Support Services,Professionals,ICT Professionals,More than 200,No,Couple with no dependent children,Between 1 and 5 years,Metro
294,1987,Female,Financial and Insurance Services,Insurance and Superannuation Funds,Clerical and administrative ,Numerical Clerks,More than 200,No,Couple with no dependent children,Between 1 and 5 years,Metro
409,1984,Male,Financial and Insurance Services,Insurance and Superannuation Funds,Clerical and administrative ,Office Managers and Program Administrators,More than 200,No,Couple with no dependent children,Between 1 and 5 years,Metro
431,1983,Female,Administrative and Support Services,Administrative Services,Clerical and administrative ,Other Clerical and Administrative ,More than 200,No,Couple with no dependent children,Between 1 and 5 years,Metro
529,1980,Male,Administrative and Support Services,Administrative Services,Clerical and administrative ,Other Clerical and Administrative ,More than 200,No,Couple with no dependent children,Between 1 and 5 years,Metro
941,1970,Female,Manufacturing,Basic Chemical and Chemical Product Manufacturing,Clerical and administrative ,Other Clerical and Administrative ,More than 200,No,Couple with no dependent children,Between 1 and 5 years,Metro
569,1979,Female,Health Care and Social Assistance,Medical and Other Health Care Services,Clerical and administrative ,Other Clerical and Administrative ,More than 200,Yes,Couple with no dependent children,Between 1 and 5 years,Metro
139,1990,Female,Administrative and Support Services,Administrative Services,Clerical and administrative ,Personal Assistants and Secretaries,More than 200,Yes,Couple with no dependent children,Between 1 and 5 years,Metro
914,1970,Female,Administrative and Support Services,Administrative Services,Clerical and administrative ,Personal Assistants and Secretaries,More than 200,No,Couple with no dependent children,Between 1 and 5 years,Metro
1027,1968,Female,"Transport, Postal and Warehousing",Air and Space Transport,Clerical and administrative ,Personal Assistants and Secretaries,More than 200,NA,Couple with no dependent children,Between 1 and 5 years,Metro
295,1987,Male,"Professional, Scientific and Technical Services","Professional, Scientific and Technical Services",Sales ,Sales Assistants and Salespersons,More than 200,Yes,Couple with no dependent children,Between 1 and 5 years,Metro
1380,1959,Male,"Electricity, Gas, Water and Waste Services","Waste Collection, Treatment and Disposal Services",Sales ,Sales Assistants and Salespersons,More than 200,No,Couple with no dependent children,Between 1 and 5 years,Metro
132,1991,Male,Manufacturing,Basic Chemical and Chemical Product Manufacturing,Sales ,Sales Support ,More than 200,No,Couple with no dependent children,Between 1 and 5 years,Metro
929,1970,Female,Construction,Construction Services,Managers,Specialist Managers,More than 200,Yes,Couple with no dependent children,Between 1 and 5 years,Metro
102,1992,Female,Financial and Insurance Services,Finance,Managers,Specialist Managers,More than 200,No,Couple with no dependent children,Between 1 and 5 years,Metro
540,1980,Female,Financial and Insurance Services,Finance,Managers,Specialist Managers,More than 200,Yes,Couple with no dependent children,Between 1 and 5 years,Metro
612,1978,Male,Financial and Insurance Services,Insurance and Superannuation Funds,Managers,Specialist Managers,More than 200,Yes,Couple with no dependent children,Between 1 and 5 years,Metro
1129,1965,Male,Financial and Insurance Services,Insurance and Superannuation Funds,Managers,Specialist Managers,More than 200,Yes,Couple with no dependent children,Between 1 and 5 years,Metro
290,1987,Female,Retail Trade,Other Store-Based Retailing,Managers,Specialist Managers,More than 200,No,Couple with no dependent children,Between 1 and 5 years,Metro
233,1988,Male,Retail Trade,Other Store-Based Retailing,Managers,Specialist Managers,More than 200,Yes,Couple with no dependent children,Between 1 and 5 years,Metro
1219,1963,Male,"Professional, Scientific and Technical Services","Professional, Scientific and Technical Services",Managers,Specialist Managers,More than 200,No,Couple with no dependent children,Between 1 and 5 years,Metro
1381,1959,Male,"Professional, Scientific and Technical Services","Professional, Scientific and Technical Services",Managers,Specialist Managers,More than 200,Yes,Couple with no dependent children,Between 1 and 5 years,Metro
128,1991,Male,Public Administration and Safety,Public Administration,Managers,Specialist Managers,More than 200,Yes,Couple with no dependent children,Between 1 and 5 years,Metro
86,1993,Female,Public Administration and Safety,"Public Order, Safety and Regulatory Services",Managers,Specialist Managers,More than 200,Yes,Couple with no dependent children,Between 1 and 5 years,Metro
695,1976,Male,Public Administration and Safety,"Public Order, Safety and Regulatory Services",Managers,Specialist Managers,More than 200,Yes,Couple with no dependent children,Between 1 and 5 years,Metro
991,1969,Male,Information Media and Telecommunications,Telecommunications Services,Managers,Specialist Managers,More than 200,NA,Couple with no dependent children,Between 1 and 5 years,Metro
1148,1964,Male,"Transport, Postal and Warehousing",Transport Support Services,Managers,Specialist Managers,More than 200,Yes,Couple with no dependent children,Between 1 and 5 years,Metro
1115,1965,Male,"Electricity, Gas, Water and Waste Services","Water Supply, Sewerage and Drainage Services",Managers,Specialist Managers,More than 200,Yes,Couple with no dependent children,Between 1 and 5 years,Metro
1058,1967,Female,Construction,Construction Services,Community and personal service ,Sports and Personal Service ,More than 200,NA,Couple with no dependent children,Between 1 and 5 years,Metro
247,1988,Male,Accommodation and Food Services,Accommodation,Sales ,Sales Representatives and Agents,Between 1 and 4,No,Group household,Between 1 and 5 years,Metro
702,1976,Female,Other Services,Personal and Other Services,Professionals,"Business, Human Resource and Marketing Professionals",Between 20 and 199,No,Group household,Between 1 and 5 years,Metro
312,1986,Male,Retail Trade,Non-Store Retailing and Retail Commission-Based Buying and/or Selling,Managers,"Chief Executives, General Managers and Legislators",Between 20 and 199,Yes,Group household,Between 1 and 5 years,Metro
51,1995,Female,Financial and Insurance Services,Auxiliary Finance and Insurance Services,Clerical and administrative ,Clerical and Office Support ,Between 20 and 199,No,Group household,Between 1 and 5 years,Metro
748,1975,Male,Financial and Insurance Services,Finance,Clerical and administrative ,Clerical and Office Support ,Between 20 and 199,No,Group household,Between 1 and 5 years,Metro
363,1985,Male,"Professional, Scientific and Technical Services","Professional, Scientific and Technical Services",Professionals,"Design, Engineering, Science and Transport Professionals",Between 20 and 199,Yes,Group household,Between 1 and 5 years,Metro
1343,1960,Male,Financial and Insurance Services,Auxiliary Finance and Insurance Services,Community and personal service ,Health and Welfare Support ,Between 20 and 199,No,Group household,Between 1 and 5 years,Metro
1109,1965,Male,"Electricity, Gas, Water and Waste Services",Electricity Supply,Professionals,ICT Professionals,Between 20 and 199,No,Group household,Between 1 and 5 years,Metro
232,1988,Male,"Professional, Scientific and Technical Services","Professional, Scientific and Technical Services",Sales ,Sales Representatives and Agents,Between 20 and 199,No,Group household,Between 1 and 5 years,Metro
160,1990,Female,Arts and Recreation Services,Creative and Performing Arts Activities,Managers,Specialist Managers,Between 5 and 19,No,Group household,Between 1 and 5 years,Metro
159,1990,Male,"Professional, Scientific and Technical Services","Professional, Scientific and Technical Services",Professionals,"Business, Human Resource and Marketing Professionals",More than 200,No,Group household,Between 1 and 5 years,Metro
33,1996,Male,"Transport, Postal and Warehousing",Air and Space Transport,Managers,"Chief Executives, General Managers and Legislators",More than 200,No,Group household,Between 1 and 5 years,Metro
420,1984,Female,Financial and Insurance Services,Finance,Managers,"Chief Executives, General Managers and Legislators",More than 200,Yes,Group household,Between 1 and 5 years,Metro
327,1986,Male,"Professional, Scientific and Technical Services","Professional, Scientific and Technical Services",Professionals,"Design, Engineering, Science and Transport Professionals",More than 200,No,Group household,Between 1 and 5 years,Metro
22,1997,Male,Education and Training,Tertiary Education,Professionals,"Design, Engineering, Science and Transport Professionals",More than 200,No,Group household,Between 1 and 5 years,Metro
364,1985,Male,"Professional, Scientific and Technical Services",Computer System Design and Related Services,Professionals,ICT Professionals,More than 200,No,Group household,Between 1 and 5 years,Metro
560,1980,Female,"Electricity, Gas, Water and Waste Services",Electricity Supply,Professionals,ICT Professionals,More than 200,No,Group household,Between 1 and 5 years,Metro
125,1991,Male,Information Media and Telecommunications,Library and Other Information Services,Professionals,ICT Professionals,More than 200,No,Group household,Between 1 and 5 years,Metro
767,1974,Male,Retail Trade,Other Store-Based Retailing,Professionals,ICT Professionals,More than 200,No,Group household,Between 1 and 5 years,Metro
244,1988,Female,"Professional, Scientific and Technical Services",Computer System Design and Related Services,Professionals,"Legal, Social and Welfare Professionals",More than 200,No,Group household,Between 1 and 5 years,Metro
109,1992,Female,Retail Trade,Other Store-Based Retailing,Clerical and administrative ,Other Clerical and Administrative ,More than 200,NA,Group household,Between 1 and 5 years,Metro
99,1992,Female,Public Administration and Safety,"Public Order, Safety and Regulatory Services",Clerical and administrative ,Other Clerical and Administrative ,More than 200,No,Group household,Between 1 and 5 years,Metro
97,1992,Female,Retail Trade,Other Store-Based Retailing,Clerical and administrative ,Clerical and Office Support ,Between 20 and 199,Yes,Multiple family household,Between 1 and 5 years,Metro
16,1998,Male,Financial and Insurance Services,Finance,Professionals,"Legal, Social and Welfare Professionals",Between 20 and 199,No,Multiple family household,Between 1 and 5 years,Metro
926,1970,Female,Administrative and Support Services,Administrative Services,Clerical and administrative ,Personal Assistants and Secretaries,Between 5 and 19,No,Multiple family household,Between 1 and 5 years,Metro
568,1979,Female,Information Media and Telecommunications,Internet Publishing and Broadcasting,Managers,Specialist Managers,Between 5 and 19,Yes,Multiple family household,Between 1 and 5 years,Metro
1398,1959,Male,"Transport, Postal and Warehousing",Warehousing and Storage Services,Managers,"Chief Executives, General Managers and Legislators",I am the only employee,NA,Multiple family household,Between 1 and 5 years,Metro
60,1995,Female,Public Administration and Safety,Public Administration,Professionals,"Business, Human Resource and Marketing Professionals",More than 200,NA,Multiple family household,Between 1 and 5 years,Metro
149,1990,Female,Other Services,Personal and Other Services,Managers,Specialist Managers,More than 200,Yes,Multiple family household,Between 1 and 5 years,Metro
506,1981,Female,Manufacturing,Machinery and Equipment Manufacturing,Managers,"Chief Executives, General Managers and Legislators",Between 20 and 199,Yes,One  parent family with dependent children,Between 1 and 5 years,Metro
1031,1967,Male,Other Services,Personal and Other Services,Managers,"Chief Executives, General Managers and Legislators",Between 20 and 199,Yes,One  parent family with dependent children,Between 1 and 5 years,Metro
521,1981,Female,Manufacturing,Basic Chemical and Chemical Product Manufacturing,Professionals,"Design, Engineering, Science and Transport Professionals",Between 20 and 199,NA,One  parent family with dependent children,Between 1 and 5 years,Metro
1173,1964,Female,"Professional, Scientific and Technical Services","Professional, Scientific and Technical Services",Professionals,Health Professionals,Between 20 and 199,No,One  parent family with dependent children,Between 1 and 5 years,Metro
831,1972,Male,Retail Trade,Non-Store Retailing and Retail Commission-Based Buying and/or Selling,Managers,"Hospitality, Retail and Service Managers",Between 20 and 199,Yes,One  parent family with dependent children,Between 1 and 5 years,Metro
739,1975,Female,Other Services,Personal and Other Services,Clerical and administrative ,Other Clerical and Administrative ,Between 20 and 199,No,One  parent family with dependent children,Between 1 and 5 years,Metro
848,1972,Female,Wholesale Trade,Other Goods Wholesaling,Sales ,Sales Representatives and Agents,Between 20 and 199,No,One  parent family with dependent children,Between 1 and 5 years,Metro
867,1971,Female,Retail Trade,Non-Store Retailing and Retail Commission-Based Buying and/or Selling,Sales ,Sales Support ,Between 20 and 199,No,One  parent family with dependent children,Between 1 and 5 years,Metro
1132,1965,Female,Financial and Insurance Services,Auxiliary Finance and Insurance Services,Managers,Specialist Managers,Between 20 and 199,Yes,One  parent family with dependent children,Between 1 and 5 years,Metro
892,1971,Female,Construction,Building Construction,Managers,Specialist Managers,Between 20 and 199,No,One  parent family with dependent children,Between 1 and 5 years,Metro
386,1985,Male,Construction,Heavy and Civil Engineering Construction,Managers,Specialist Managers,Between 20 and 199,Yes,One  parent family with dependent children,Between 1 and 5 years,Metro
802,1973,Male,"Professional, Scientific and Technical Services","Professional, Scientific and Technical Services",Managers,Specialist Managers,Between 20 and 199,Yes,One  parent family with dependent children,Between 1 and 5 years,Metro
466,1982,Female,"Rental, Hiring and Real Estate Services",Property Operators and Real Estate Services,Professionals,"Business, Human Resource and Marketing Professionals",Between 5 and 19,Yes,One  parent family with dependent children,Between 1 and 5 years,Metro
141,1990,Female,Other Services,Private Households Employing Staff and Undifferentiated Goods,Managers,"Chief Executives, General Managers and Legislators",Between 5 and 19,Yes,One  parent family with dependent children,Between 1 and 5 years,Metro
1093,1966,Female,Construction,Building Construction,Clerical and administrative ,Other Clerical and Administrative ,Between 5 and 19,No,One  parent family with dependent children,Between 1 and 5 years,Metro
930,1970,Female,Administrative and Support Services,Administrative Services,Clerical and administrative ,Personal Assistants and Secretaries,Between 5 and 19,No,One  parent family with dependent children,Between 1 and 5 years,Metro
738,1975,Female,Retail Trade,Other Store-Based Retailing,Sales ,Sales Assistants and Salespersons,Between 5 and 19,No,One  parent family with dependent children,Between 1 and 5 years,Metro
37,1996,Female,Other Services,Personal and Other Services,Professionals,"Business, Human Resource and Marketing Professionals",More than 200,No,One  parent family with dependent children,Between 1 and 5 years,Metro
396,1984,Male,"Transport, Postal and Warehousing",Other Transport,Managers,"Chief Executives, General Managers and Legislators",More than 200,Yes,One  parent family with dependent children,Between 1 and 5 years,Metro
854,1972,Female,Wholesale Trade,Commission-Based Wholesaling,Managers,"Hospitality, Retail and Service Managers",More than 200,Yes,One  parent family with dependent children,Between 1 and 5 years,Metro
1204,1963,Female,Financial and Insurance Services,Finance,Clerical and administrative ,Office Managers and Program Administrators,More than 200,Yes,One  parent family with dependent children,Between 1 and 5 years,Metro
897,1971,Female,Retail Trade,Other Store-Based Retailing,Sales ,Sales Assistants and Salespersons,More than 200,No,One  parent family with dependent children,Between 1 and 5 years,Metro
88,1993,Male,Retail Trade,Other Store-Based Retailing,Sales ,Sales Assistants and Salespersons,More than 200,Yes,One  parent family with dependent children,Between 1 and 5 years,Metro
23,1997,Female,Health Care and Social Assistance,Social Assistance Services,Sales ,Sales Assistants and Salespersons,More than 200,No,One  parent family with dependent children,Between 1 and 5 years,Metro
861,1972,Female,Retail Trade,Other Store-Based Retailing,Managers,Specialist Managers,More than 200,NA,One  parent family with dependent children,Between 1 and 5 years,Metro
266,1987,Female,Arts and Recreation Services,Creative and Performing Arts Activities,Clerical and administrative ,Other Clerical and Administrative ,Between 1 and 4,No,Other one family household,Between 1 and 5 years,Metro
1037,1967,Male,"Professional, Scientific and Technical Services","Professional, Scientific and Technical Services",Professionals,"Design, Engineering, Science and Transport Professionals",Between 20 and 199,No,Other one family household,Between 1 and 5 years,Metro
71,1994,Male,Public Administration and Safety,Public Administration,Clerical and administrative ,General Clerical ,Between 20 and 199,No,Other one family household,Between 1 and 5 years,Metro
1421,1958,Female,Other Services,Personal and Other Services,Managers,Specialist Managers,Between 20 and 199,Yes,Other one family household,Between 1 and 5 years,Metro
148,1990,Rather not say,"Professional, Scientific and Technical Services","Professional, Scientific and Technical Services",Clerical and administrative ,Office Managers and Program Administrators,Between 5 and 19,No,Other one family household,Between 1 and 5 years,Metro
201,1989,Male,Retail Trade,Other Store-Based Retailing,Professionals,Arts and Media Professionals,More than 200,No,Other one family household,Between 1 and 5 years,Metro
194,1989,Male,Financial and Insurance Services,Finance,Professionals,ICT Professionals,More than 200,Yes,Other one family household,Between 1 and 5 years,Metro
98,1992,Female,Retail Trade,Non-Store Retailing and Retail Commission-Based Buying and/or Selling,Managers,Specialist Managers,More than 200,Yes,Other one family household,Between 1 and 5 years,Metro
480,1982,Female,Public Administration and Safety,Public Administration,Managers,Specialist Managers,More than 200,Yes,Other one family household,Between 1 and 5 years,Metro
1442,1957,Male,"Professional, Scientific and Technical Services",Computer System Design and Related Services,Professionals,ICT Professionals,Between 1 and 4,Yes,Single person,Between 1 and 5 years,Metro
450,1983,Female,Information Media and Telecommunications,"Internet Service Providers, Web Search Portals and Data Processing Services",Professionals,ICT Professionals,Between 1 and 4,No,Single person,Between 1 and 5 years,Metro
497,1981,Female,Information Media and Telecommunications,Internet Publishing and Broadcasting,Professionals,Arts and Media Professionals,Between 20 and 199,No,Single person,Between 1 and 5 years,Metro
21,1997,Male,Manufacturing,Transport Equipment Manufacturing,Professionals,Arts and Media Professionals,Between 20 and 199,No,Single person,Between 1 and 5 years,Metro
105,1992,Male,"Professional, Scientific and Technical Services",Computer System Design and Related Services,Professionals,"Business, Human Resource and Marketing Professionals",Between 20 and 199,Yes,Single person,Between 1 and 5 years,Metro
681,1977,Male,"Professional, Scientific and Technical Services",Computer System Design and Related Services,Professionals,"Business, Human Resource and Marketing Professionals",Between 20 and 199,NA,Single person,Between 1 and 5 years,Metro
90,1993,Male,Financial and Insurance Services,Finance,Professionals,"Business, Human Resource and Marketing Professionals",Between 20 and 199,NA,Single person,Between 1 and 5 years,Metro
1090,1966,Male,Financial and Insurance Services,Finance,Professionals,"Business, Human Resource and Marketing Professionals",Between 20 and 199,No,Single person,Between 1 and 5 years,Metro
209,1989,Female,"Professional, Scientific and Technical Services","Professional, Scientific and Technical Services",Professionals,"Business, Human Resource and Marketing Professionals",Between 20 and 199,Yes,Single person,Between 1 and 5 years,Metro
281,1987,Female,"Professional, Scientific and Technical Services","Professional, Scientific and Technical Services",Professionals,"Business, Human Resource and Marketing Professionals",Between 20 and 199,Yes,Single person,Between 1 and 5 years,Metro
952,1970,Female,"Rental, Hiring and Real Estate Services",Property Operators and Real Estate Services,Professionals,"Business, Human Resource and Marketing Professionals",Between 20 and 199,NA,Single person,Between 1 and 5 years,Metro
75,1994,Male,Financial and Insurance Services,Finance,Managers,"Chief Executives, General Managers and Legislators",Between 20 and 199,NA,Single person,Between 1 and 5 years,Metro
842,1972,Male,Financial and Insurance Services,Finance,Managers,"Chief Executives, General Managers and Legislators",Between 20 and 199,Yes,Single person,Between 1 and 5 years,Metro
59,1995,Male,"Professional, Scientific and Technical Services","Professional, Scientific and Technical Services",Managers,"Chief Executives, General Managers and Legislators",Between 20 and 199,Yes,Single person,Between 1 and 5 years,Metro
938,1970,Female,"Rental, Hiring and Real Estate Services",Rental and Hiring Services (except Real Estate),Managers,"Chief Executives, General Managers and Legislators",Between 20 and 199,Yes,Single person,Between 1 and 5 years,Metro
820,1973,Female,Other Services,Personal and Other Services,Labourers,Cleaners and Laundry ,Between 20 and 199,No,Single person,Between 1 and 5 years,Metro
87,1993,Male,Administrative and Support Services,Administrative Services,Clerical and administrative ,Clerical and Office Support ,Between 20 and 199,No,Single person,Between 1 and 5 years,Metro
532,1980,Male,Other Services,Personal and Other Services,Professionals,"Design, Engineering, Science and Transport Professionals",Between 20 and 199,No,Single person,Between 1 and 5 years,Metro
187,1989,Female,Education and Training,Tertiary Education,Professionals,Education Professionals,Between 20 and 199,No,Single person,Between 1 and 5 years,Metro
1332,1960,Male,Other Services,Repair and Maintenance,Technicians and trades ,Electrotechnology and Telecommunications Trades ,Between 20 and 199,No,Single person,Between 1 and 5 years,Metro
360,1985,Male,"Professional, Scientific and Technical Services","Professional, Scientific and Technical Services",Technicians and trades ,"Engineering, ICT and Science Technicians",Between 20 and 199,Yes,Single person,Between 1 and 5 years,Metro
61,1995,Male,"Rental, Hiring and Real Estate Services",Rental and Hiring Services (except Real Estate),Technicians and trades ,"Engineering, ICT and Science Technicians",Between 20 and 199,NA,Single person,Between 1 and 5 years,Metro
19,1998,Male,Health Care and Social Assistance,Hospitals,Professionals,Health Professionals,Between 20 and 199,NA,Single person,Between 1 and 5 years,Metro
424,1984,Female,"Professional, Scientific and Technical Services","Professional, Scientific and Technical Services",Professionals,ICT Professionals,Between 20 and 199,No,Single person,Between 1 and 5 years,Metro
1011,1968,Male,Information Media and Telecommunications,Telecommunications Services,Professionals,ICT Professionals,Between 20 and 199,No,Single person,Between 1 and 5 years,Metro
959,1969,Female,Construction,Building Construction,Clerical and administrative ,Numerical Clerks,Between 20 and 199,No,Single person,Between 1 and 5 years,Metro
1248,1962,Female,Administrative and Support Services,Administrative Services,Clerical and administrative ,Other Clerical and Administrative ,Between 20 and 199,No,Single person,Between 1 and 5 years,Metro
374,1985,Male,"Professional, Scientific and Technical Services","Professional, Scientific and Technical Services",Technicians and trades ,Other Technicians and Trades ,Between 20 and 199,Yes,Single person,Between 1 and 5 years,Metro
72,1994,Female,Administrative and Support Services,Administrative Services,Clerical and administrative ,Personal Assistants and Secretaries,Between 20 and 199,No,Single person,Between 1 and 5 years,Metro
638,1978,Male,Retail Trade,Other Store-Based Retailing,Sales ,Sales Assistants and Salespersons,Between 20 and 199,No,Single person,Between 1 and 5 years,Metro
185,1989,Male,Retail Trade,Food Retailing,Sales ,Sales Support ,Between 20 and 199,No,Single person,Between 1 and 5 years,Metro
1152,1964,Male,Arts and Recreation Services,Creative and Performing Arts Activities,Professionals,Arts and Media Professionals,Between 5 and 19,Yes,Single person,Between 1 and 5 years,Metro
169,1990,Male,"Professional, Scientific and Technical Services","Professional, Scientific and Technical Services",Professionals,"Business, Human Resource and Marketing Professionals",Between 5 and 19,No,Single person,Between 1 and 5 years,Metro
24,1997,Male,Financial and Insurance Services,Finance,Managers,"Chief Executives, General Managers and Legislators",Between 5 and 19,Yes,Single person,Between 1 and 5 years,Metro
1485,1956,Female,Wholesale Trade,Other Goods Wholesaling,Managers,"Chief Executives, General Managers and Legislators",Between 5 and 19,Yes,Single person,Between 1 and 5 years,Metro
9,2000,Male,Education and Training,Preschool and School Education,Professionals,Education Professionals,Between 5 and 19,No,Single person,Between 1 and 5 years,Metro
172,1990,Male,Information Media and Telecommunications,Publishing (except Internet and Music Publishing),Technicians and trades ,"Engineering, ICT and Science Technicians",Between 5 and 19,Yes,Single person,Between 1 and 5 years,Metro
947,1970,Male,Other Services,Personal and Other Services,Community and personal service ,Hospitality ,Between 5 and 19,Yes,Single person,Between 1 and 5 years,Metro
302,1987,Male,"Professional, Scientific and Technical Services","Professional, Scientific and Technical Services",Professionals,ICT Professionals,Between 5 and 19,NA,Single person,Between 1 and 5 years,Metro
257,1988,Male,Financial and Insurance Services,Finance,Clerical and administrative ,Office Managers and Program Administrators,Between 5 and 19,No,Single person,Between 1 and 5 years,Metro
1169,1964,Female,Health Care and Social Assistance,Medical and Other Health Care Services,Clerical and administrative ,Personal Assistants and Secretaries,Between 5 and 19,No,Single person,Between 1 and 5 years,Metro
703,1976,Male,"Professional, Scientific and Technical Services",Computer System Design and Related Services,Sales ,Sales Representatives and Agents,Between 5 and 19,No,Single person,Between 1 and 5 years,Metro
688,1976,Female,Retail Trade,Other Store-Based Retailing,Managers,Specialist Managers,Between 5 and 19,No,Single person,Between 1 and 5 years,Metro
939,1970,Female,Other Services,Personal and Other Services,Community and personal service ,Sports and Personal Service ,Between 5 and 19,Yes,Single person,Between 1 and 5 years,Metro
403,1984,Female,Education and Training,"Adult, Community and Other Education",Professionals,Education Professionals,I am the only employee,No,Single person,Between 1 and 5 years,Metro
133,1991,Male,Financial and Insurance Services,Finance,Technicians and trades ,Automotive and Engineering Trades ,More than 200,No,Single person,Between 1 and 5 years,Metro
66,1994,Male,Financial and Insurance Services,Finance,Professionals,"Business, Human Resource and Marketing Professionals",More than 200,No,Single person,Between 1 and 5 years,Metro
815,1973,Female,Financial and Insurance Services,Insurance and Superannuation Funds,Professionals,"Business, Human Resource and Marketing Professionals",More than 200,No,Single person,Between 1 and 5 years,Metro
537,1980,Male,"Professional, Scientific and Technical Services","Professional, Scientific and Technical Services",Professionals,"Business, Human Resource and Marketing Professionals",More than 200,No,Single person,Between 1 and 5 years,Metro
1124,1965,Female,Public Administration and Safety,Public Administration,Professionals,"Business, Human Resource and Marketing Professionals",More than 200,No,Single person,Between 1 and 5 years,Metro
384,1985,Male,Construction,Building Construction,Managers,"Chief Executives, General Managers and Legislators",More than 200,No,Single person,Between 1 and 5 years,Metro
49,1995,Female,"Professional, Scientific and Technical Services","Professional, Scientific and Technical Services",Managers,"Chief Executives, General Managers and Legislators",More than 200,Yes,Single person,Between 1 and 5 years,Metro
393,1985,Male,"Professional, Scientific and Technical Services","Professional, Scientific and Technical Services",Managers,"Chief Executives, General Managers and Legislators",More than 200,NA,Single person,Between 1 and 5 years,Metro
286,1987,Female,Information Media and Telecommunications,Publishing (except Internet and Music Publishing),Managers,"Chief Executives, General Managers and Legislators",More than 200,Yes,Single person,Between 1 and 5 years,Metro
660,1977,Female,Administrative and Support Services,Administrative Services,Clerical and administrative ,Clerical and Office Support ,More than 200,No,Single person,Between 1 and 5 years,Metro
1422,1958,Male,Health Care and Social Assistance,Hospitals,Clerical and administrative ,Clerical and Office Support ,More than 200,Yes,Single person,Between 1 and 5 years,Metro
749,1975,Female,Education and Training,Tertiary Education,Clerical and administrative ,Clerical and Office Support ,More than 200,No,Single person,Between 1 and 5 years,Metro
13,1998,Female,"Professional, Scientific and Technical Services","Professional, Scientific and Technical Services",Professionals,"Design, Engineering, Science and Transport Professionals",More than 200,No,Single person,Between 1 and 5 years,Metro
1279,1961,Male,"Professional, Scientific and Technical Services","Professional, Scientific and Technical Services",Professionals,"Design, Engineering, Science and Transport Professionals",More than 200,Yes,Single person,Between 1 and 5 years,Metro
682,1977,Male,Other Services,Repair and Maintenance,Professionals,"Design, Engineering, Science and Transport Professionals",More than 200,NA,Single person,Between 1 and 5 years,Metro
1276,1961,Female,Financial and Insurance Services,Finance,Professionals,Education Professionals,More than 200,No,Single person,Between 1 and 5 years,Metro
865,1971,Female,Education and Training,Preschool and School Education,Professionals,Education Professionals,More than 200,No,Single person,Between 1 and 5 years,Metro
400,1984,Female,"Professional, Scientific and Technical Services","Professional, Scientific and Technical Services",Professionals,Education Professionals,More than 200,No,Single person,Between 1 and 5 years,Metro
818,1973,Female,"Professional, Scientific and Technical Services","Professional, Scientific and Technical Services",Professionals,Education Professionals,More than 200,No,Single person,Between 1 and 5 years,Metro
258,1988,Female,Retail Trade,Food Retailing,Clerical and administrative ,General Clerical ,More than 200,Yes,Single person,Between 1 and 5 years,Metro
1507,1900,Female,Health Care and Social Assistance,Hospitals,Community and personal service ,Health and Welfare Support ,More than 200,Yes,Single person,Between 1 and 5 years,Metro
1103,1965,Male,Health Care and Social Assistance,Medical and Other Health Care Services,Managers,"Hospitality, Retail and Service Managers",More than 200,Yes,Single person,Between 1 and 5 years,Metro
34,1996,Male,Retail Trade,Other Store-Based Retailing,Managers,"Hospitality, Retail and Service Managers",More than 200,Yes,Single person,Between 1 and 5 years,Metro
38,1996,Male,Retail Trade,Other Store-Based Retailing,Managers,"Hospitality, Retail and Service Managers",More than 200,NA,Single person,Between 1 and 5 years,Metro
268,1987,Male,"Professional, Scientific and Technical Services",Computer System Design and Related Services,Professionals,ICT Professionals,More than 200,No,Single person,Between 1 and 5 years,Metro
155,1990,Male,Financial and Insurance Services,Finance,Professionals,ICT Professionals,More than 200,No,Single person,Between 1 and 5 years,Metro
10,2000,Male,Information Media and Telecommunications,"Internet Service Providers, Web Search Portals and Data Processing Services",Professionals,ICT Professionals,More than 200,Yes,Single person,Between 1 and 5 years,Metro
1461,1957,Female,Other Services,Personal and Other Services,Clerical and administrative ,Inquiry Clerks and Receptionists,More than 200,No,Single person,Between 1 and 5 years,Metro
350,1985,Female,"Professional, Scientific and Technical Services","Professional, Scientific and Technical Services",Professionals,"Legal, Social and Welfare Professionals",More than 200,No,Single person,Between 1 and 5 years,Metro
64,1994,Male,"Professional, Scientific and Technical Services","Professional, Scientific and Technical Services",Professionals,"Legal, Social and Welfare Professionals",More than 200,No,Single person,Between 1 and 5 years,Metro
1017,1968,Male,"Professional, Scientific and Technical Services","Professional, Scientific and Technical Services",Professionals,"Legal, Social and Welfare Professionals",More than 200,No,Single person,Between 1 and 5 years,Metro
430,1983,Female,Arts and Recreation Services,Sports and Recreation Activities,Clerical and administrative ,Numerical Clerks,More than 200,No,Single person,Between 1 and 5 years,Metro
292,1987,Male,Administrative and Support Services,Administrative Services,Clerical and administrative ,Office Managers and Program Administrators,More than 200,No,Single person,Between 1 and 5 years,Metro
1213,1963,Female,Information Media and Telecommunications,Library and Other Information Services,Clerical and administrative ,Other Clerical and Administrative ,More than 200,No,Single person,Between 1 and 5 years,Metro
690,1976,Female,Public Administration and Safety,Public Administration,Clerical and administrative ,Other Clerical and Administrative ,More than 200,No,Single person,Between 1 and 5 years,Metro
697,1976,Female,Public Administration and Safety,Public Administration,Clerical and administrative ,Other Clerical and Administrative ,More than 200,No,Single person,Between 1 and 5 years,Metro
648,1977,Female,Information Media and Telecommunications,Library and Other Information Services,Clerical and administrative ,Personal Assistants and Secretaries,More than 200,No,Single person,Between 1 and 5 years,Metro
129,1991,Male,Financial and Insurance Services,Finance,Sales ,Sales Representatives and Agents,More than 200,No,Single person,Between 1 and 5 years,Metro
785,1974,Female,Financial and Insurance Services,Insurance and Superannuation Funds,Sales ,Sales Representatives and Agents,More than 200,No,Single person,Between 1 and 5 years,Metro
1411,1958,Male,"Electricity, Gas, Water and Waste Services",Electricity Supply,Managers,Specialist Managers,More than 200,Yes,Single person,Between 1 and 5 years,Metro
1013,1968,Male,Financial and Insurance Services,Finance,Managers,Specialist Managers,More than 200,Yes,Single person,Between 1 and 5 years,Metro
289,1987,Female,Other Services,Personal and Other Services,Managers,Specialist Managers,More than 200,Yes,Single person,Between 1 and 5 years,Metro
227,1988,Male,"Professional, Scientific and Technical Services","Professional, Scientific and Technical Services",Managers,Specialist Managers,More than 200,Yes,Single person,Between 1 and 5 years,Metro
1082,1966,Male,Information Media and Telecommunications,Telecommunications Services,Managers,Specialist Managers,More than 200,No,Single person,Between 1 and 5 years,Metro
421,1984,Female,Construction,Building Construction,Professionals,Arts and Media Professionals,Between 1 and 4,Yes,Couple with dependent children,Between 6 and 12 months,Metro
1506,1900,Male,Construction,Heavy and Civil Engineering Construction,Technicians and trades ,Construction Trades ,Between 1 and 4,Yes,Couple with dependent children,Between 6 and 12 months,Metro
781,1974,Female,Mining,Metal Ore Mining,Professionals,"Design, Engineering, Science and Transport Professionals",Between 1 and 4,Yes,Couple with dependent children,Between 6 and 12 months,Metro
1182,1964,Male,Manufacturing,Wood Product Manufacturing,Technicians and trades ,Automotive and Engineering Trades ,Between 20 and 199,Yes,Couple with dependent children,Between 6 and 12 months,Metro
262,1988,Male,Wholesale Trade,Basic Material Wholesaling,Professionals,"Business, Human Resource and Marketing Professionals",Between 20 and 199,NA,Couple with dependent children,Between 6 and 12 months,Metro
834,1972,Female,Mining,Exploration and Other Mining Support Services,Professionals,"Business, Human Resource and Marketing Professionals",Between 20 and 199,No,Couple with dependent children,Between 6 and 12 months,Metro
299,1987,Female,"Rental, Hiring and Real Estate Services",Property Operators and Real Estate Services,Professionals,"Business, Human Resource and Marketing Professionals",Between 20 and 199,Yes,Couple with dependent children,Between 6 and 12 months,Metro
300,1987,Female,"Rental, Hiring and Real Estate Services",Property Operators and Real Estate Services,Professionals,"Business, Human Resource and Marketing Professionals",Between 20 and 199,Yes,Couple with dependent children,Between 6 and 12 months,Metro
942,1970,Female,"Professional, Scientific and Technical Services","Professional, Scientific and Technical Services",Professionals,"Design, Engineering, Science and Transport Professionals",Between 20 and 199,No,Couple with dependent children,Between 6 and 12 months,Metro
52,1995,Female,Arts and Recreation Services,Creative and Performing Arts Activities,Technicians and trades ,"Engineering, ICT and Science Technicians",Between 20 and 199,Yes,Couple with dependent children,Between 6 and 12 months,Metro
8,2000,Female,Other Services,Personal and Other Services,Technicians and trades ,"Engineering, ICT and Science Technicians",Between 20 and 199,No,Couple with dependent children,Between 6 and 12 months,Metro
761,1974,Male,"Professional, Scientific and Technical Services","Professional, Scientific and Technical Services",Professionals,Health Professionals,Between 20 and 199,No,Couple with dependent children,Between 6 and 12 months,Metro
997,1968,Male,"Transport, Postal and Warehousing",Water Transport,Sales ,Sales Representatives and Agents,Between 20 and 199,Yes,Couple with dependent children,Between 6 and 12 months,Metro
362,1985,Female,Public Administration and Safety,"Public Order, Safety and Regulatory Services",Managers,Specialist Managers,Between 20 and 199,Yes,Couple with dependent children,Between 6 and 12 months,Metro
74,1994,Male,Construction,Building Construction,Professionals,Arts and Media Professionals,Between 5 and 19,Yes,Couple with dependent children,Between 6 and 12 months,Metro
460,1983,Female,Information Media and Telecommunications,Publishing (except Internet and Music Publishing),Professionals,Arts and Media Professionals,Between 5 and 19,NA,Couple with dependent children,Between 6 and 12 months,Metro
77,1994,Male,Construction,Building Construction,Professionals,"Business, Human Resource and Marketing Professionals",Between 5 and 19,NA,Couple with dependent children,Between 6 and 12 months,Metro
178,1990,Male,Construction,Building Construction,Professionals,"Business, Human Resource and Marketing Professionals",Between 5 and 19,Yes,Couple with dependent children,Between 6 and 12 months,Metro
576,1979,Male,Accommodation and Food Services,Food and Beverage Services,Professionals,"Business, Human Resource and Marketing Professionals",Between 5 and 19,Yes,Couple with dependent children,Between 6 and 12 months,Metro
378,1985,Male,Retail Trade,Food Retailing,Professionals,"Business, Human Resource and Marketing Professionals",Between 5 and 19,Yes,Couple with dependent children,Between 6 and 12 months,Metro
455,1983,Female,Construction,Heavy and Civil Engineering Construction,Professionals,"Business, Human Resource and Marketing Professionals",Between 5 and 19,Yes,Couple with dependent children,Between 6 and 12 months,Metro
381,1985,Male,Construction,Heavy and Civil Engineering Construction,Professionals,"Business, Human Resource and Marketing Professionals",Between 5 and 19,Yes,Couple with dependent children,Between 6 and 12 months,Metro
367,1985,Male,"Electricity, Gas, Water and Waste Services","Waste Collection, Treatment and Disposal Services",Professionals,"Business, Human Resource and Marketing Professionals",Between 5 and 19,Yes,Couple with dependent children,Between 6 and 12 months,Metro
1021,1968,Male,Health Care and Social Assistance,Medical and Other Health Care Services,Managers,"Chief Executives, General Managers and Legislators",Between 5 and 19,Yes,Couple with dependent children,Between 6 and 12 months,Metro
91,1992,Male,Manufacturing,Polymer Product and Rubber Product Manufacturing,Managers,"Chief Executives, General Managers and Legislators",Between 5 and 19,Yes,Couple with dependent children,Between 6 and 12 months,Metro
256,1988,Female,Other Services,Personal and Other Services,Professionals,"Design, Engineering, Science and Transport Professionals",Between 5 and 19,Yes,Couple with dependent children,Between 6 and 12 months,Metro
435,1983,Male,"Electricity, Gas, Water and Waste Services","Water Supply, Sewerage and Drainage Services",Technicians and trades ,"Engineering, ICT and Science Technicians",Between 5 and 19,Yes,Couple with dependent children,Between 6 and 12 months,Metro
849,1972,Male,Manufacturing,Wood Product Manufacturing,Clerical and administrative ,General Clerical ,Between 5 and 19,No,Couple with dependent children,Between 6 and 12 months,Metro
454,1983,Male,Information Media and Telecommunications,"Internet Service Providers, Web Search Portals and Data Processing Services",Professionals,ICT Professionals,Between 5 and 19,Yes,Couple with dependent children,Between 6 and 12 months,Metro
1222,1963,Female,Administrative and Support Services,Administrative Services,Clerical and administrative ,Inquiry Clerks and Receptionists,Between 5 and 19,No,Couple with dependent children,Between 6 and 12 months,Metro
1376,1959,Male,Other Services,Personal and Other Services,Labourers,Other Labourers,Between 5 and 19,Yes,Couple with dependent children,Between 6 and 12 months,Metro
798,1973,Male,Manufacturing,"Textile, Leather, Clothing and Footwear Manufacturing",Clerical and administrative ,Personal Assistants and Secretaries,Between 5 and 19,Yes,Couple with dependent children,Between 6 and 12 months,Metro
1061,1966,Male,"Professional, Scientific and Technical Services",Computer System Design and Related Services,Sales ,Sales Representatives and Agents,Between 5 and 19,Yes,Couple with dependent children,Between 6 and 12 months,Metro
175,1990,Male,Construction,Building Construction,Sales ,Sales Support ,Between 5 and 19,Yes,Couple with dependent children,Between 6 and 12 months,Metro
1035,1967,Male,Financial and Insurance Services,Finance,Managers,Specialist Managers,Between 5 and 19,No,Couple with dependent children,Between 6 and 12 months,Metro
1365,1959,Male,Information Media and Telecommunications,Broadcasting (except Internet),Managers,"Chief Executives, General Managers and Legislators",More than 200,No,Couple with dependent children,Between 6 and 12 months,Metro
76,1994,Male,Construction,Building Construction,Managers,Farmers and Farm Managers,More than 200,NA,Couple with dependent children,Between 6 and 12 months,Metro
211,1989,Female,Administrative and Support Services,Administrative Services,Clerical and administrative ,General Clerical ,More than 200,Yes,Couple with dependent children,Between 6 and 12 months,Metro
482,1982,Male,Information Media and Telecommunications,"Internet Service Providers, Web Search Portals and Data Processing Services",Managers,"Hospitality, Retail and Service Managers",More than 200,Yes,Couple with dependent children,Between 6 and 12 months,Metro
265,1987,Male,"Professional, Scientific and Technical Services",Computer System Design and Related Services,Professionals,ICT Professionals,More than 200,No,Couple with dependent children,Between 6 and 12 months,Metro
949,1970,Male,"Electricity, Gas, Water and Waste Services",Electricity Supply,Professionals,ICT Professionals,More than 200,No,Couple with dependent children,Between 6 and 12 months,Metro
371,1985,Male,Financial and Insurance Services,Finance,Clerical and administrative ,Other Clerical and Administrative ,More than 200,No,Couple with dependent children,Between 6 and 12 months,Metro
955,1969,Male,Administrative and Support Services,Administrative Services,Clerical and administrative ,Personal Assistants and Secretaries,More than 200,No,Couple with dependent children,Between 6 and 12 months,Metro
677,1977,Male,Construction,Construction Services,Managers,Specialist Managers,More than 200,Yes,Couple with dependent children,Between 6 and 12 months,Metro
773,1974,Male,Financial and Insurance Services,Finance,Managers,Specialist Managers,More than 200,Yes,Couple with dependent children,Between 6 and 12 months,Metro
1318,1960,Male,Financial and Insurance Services,Insurance and Superannuation Funds,Managers,Specialist Managers,More than 200,Yes,Couple with dependent children,Between 6 and 12 months,Metro
621,1978,Female,"Professional, Scientific and Technical Services","Professional, Scientific and Technical Services",Managers,Specialist Managers,More than 200,Yes,Couple with dependent children,Between 6 and 12 months,Metro
918,1970,Male,Education and Training,Tertiary Education,Managers,Specialist Managers,More than 200,Yes,Couple with dependent children,Between 6 and 12 months,Metro
131,1991,Male,Other Services,Personal and Other Services,Professionals,"Legal, Social and Welfare Professionals",Between 1 and 4,No,Couple with no dependent children,Between 6 and 12 months,Metro
359,1985,Female,Wholesale Trade,Machinery and Equipment Wholesaling,Professionals,"Business, Human Resource and Marketing Professionals",Between 20 and 199,Yes,Couple with no dependent children,Between 6 and 12 months,Metro
55,1995,Male,Information Media and Telecommunications,"Internet Service Providers, Web Search Portals and Data Processing Services",Managers,"Chief Executives, General Managers and Legislators",Between 20 and 199,Yes,Couple with no dependent children,Between 6 and 12 months,Metro
242,1988,Male,Information Media and Telecommunications,Internet Publishing and Broadcasting,Professionals,"Design, Engineering, Science and Transport Professionals",Between 20 and 199,Yes,Couple with no dependent children,Between 6 and 12 months,Metro
323,1986,Female,"Professional, Scientific and Technical Services","Professional, Scientific and Technical Services",Professionals,"Design, Engineering, Science and Transport Professionals",Between 20 and 199,No,Couple with no dependent children,Between 6 and 12 months,Metro
554,1980,Male,"Professional, Scientific and Technical Services",Computer System Design and Related Services,Technicians and trades ,Electrotechnology and Telecommunications Trades ,Between 20 and 199,Yes,Couple with no dependent children,Between 6 and 12 months,Metro
236,1988,Female,Health Care and Social Assistance,Medical and Other Health Care Services,Professionals,Health Professionals,Between 20 and 199,No,Couple with no dependent children,Between 6 and 12 months,Metro
6,2000,Female,Education and Training,"Adult, Community and Other Education",Managers,"Hospitality, Retail and Service Managers",Between 20 and 199,Yes,Couple with no dependent children,Between 6 and 12 months,Metro
856,1972,Male,"Professional, Scientific and Technical Services",Computer System Design and Related Services,Professionals,ICT Professionals,Between 20 and 199,No,Couple with no dependent children,Between 6 and 12 months,Metro
259,1988,Female,Financial and Insurance Services,Finance,Clerical and administrative ,Office Managers and Program Administrators,Between 20 and 199,No,Couple with no dependent children,Between 6 and 12 months,Metro
11,2000,Male,Manufacturing,Food Product Manufacturing,Sales ,Sales Support ,Between 20 and 199,NA,Couple with no dependent children,Between 6 and 12 months,Metro
179,1990,Female,"Professional, Scientific and Technical Services",Computer System Design and Related Services,Managers,Specialist Managers,Between 20 and 199,Yes,Couple with no dependent children,Between 6 and 12 months,Metro
401,1984,Male,Information Media and Telecommunications,Publishing (except Internet and Music Publishing),Professionals,Arts and Media Professionals,Between 5 and 19,Yes,Couple with no dependent children,Between 6 and 12 months,Metro
715,1976,Male,Wholesale Trade,Machinery and Equipment Wholesaling,Professionals,"Business, Human Resource and Marketing Professionals",Between 5 and 19,Yes,Couple with no dependent children,Between 6 and 12 months,Metro
1006,1968,Male,Information Media and Telecommunications,"Internet Service Providers, Web Search Portals and Data Processing Services",Managers,"Chief Executives, General Managers and Legislators",Between 5 and 19,Yes,Couple with no dependent children,Between 6 and 12 months,Metro
472,1982,Female,Information Media and Telecommunications,Telecommunications Services,Managers,"Chief Executives, General Managers and Legislators",Between 5 and 19,No,Couple with no dependent children,Between 6 and 12 months,Metro
166,1990,Female,Manufacturing,Furniture and Other Manufacturing,Professionals,"Design, Engineering, Science and Transport Professionals",Between 5 and 19,No,Couple with no dependent children,Between 6 and 12 months,Metro
297,1987,Female,"Electricity, Gas, Water and Waste Services","Water Supply, Sewerage and Drainage Services",Professionals,Education Professionals,Between 5 and 19,Yes,Couple with no dependent children,Between 6 and 12 months,Metro
1503,1955,Female,"Transport, Postal and Warehousing",Warehousing and Storage Services,Clerical and administrative ,Office Managers and Program Administrators,Between 5 and 19,Yes,Couple with no dependent children,Between 6 and 12 months,Metro
808,1973,Female,Administrative and Support Services,Administrative Services,Clerical and administrative ,Personal Assistants and Secretaries,Between 5 and 19,No,Couple with no dependent children,Between 6 and 12 months,Metro
387,1985,Male,Retail Trade,Fuel Retailing,Managers,Specialist Managers,Between 5 and 19,Yes,Couple with no dependent children,Between 6 and 12 months,Metro
41,1995,Female,Other Services,Personal and Other Services,Professionals,Arts and Media Professionals,I am the only employee,No,Couple with no dependent children,Between 6 and 12 months,Metro
40,1995,Female,Education and Training,Preschool and School Education,Professionals,Arts and Media Professionals,More than 200,No,Couple with no dependent children,Between 6 and 12 months,Metro
507,1981,Male,Administrative and Support Services,Administrative Services,Professionals,"Business, Human Resource and Marketing Professionals",More than 200,No,Couple with no dependent children,Between 6 and 12 months,Metro
14,1998,Female,Financial and Insurance Services,Finance,Professionals,"Business, Human Resource and Marketing Professionals",More than 200,No,Couple with no dependent children,Between 6 and 12 months,Metro
478,1982,Male,Retail Trade,Food Retailing,Professionals,"Business, Human Resource and Marketing Professionals",More than 200,Yes,Couple with no dependent children,Between 6 and 12 months,Metro
230,1988,Female,Administrative and Support Services,Administrative Services,Managers,"Chief Executives, General Managers and Legislators",More than 200,Yes,Couple with no dependent children,Between 6 and 12 months,Metro
845,1972,Male,Information Media and Telecommunications,Telecommunications Services,Managers,"Chief Executives, General Managers and Legislators",More than 200,Yes,Couple with no dependent children,Between 6 and 12 months,Metro
1119,1965,Male,"Professional, Scientific and Technical Services","Professional, Scientific and Technical Services",Professionals,"Design, Engineering, Science and Transport Professionals",More than 200,No,Couple with no dependent children,Between 6 and 12 months,Metro
1062,1966,Female,Health Care and Social Assistance,Residential Care Services,Community and personal service ,Health and Welfare Support ,More than 200,No,Couple with no dependent children,Between 6 and 12 months,Metro
219,1989,Female,Financial and Insurance Services,Auxiliary Finance and Insurance Services,Professionals,Health Professionals,More than 200,No,Couple with no dependent children,Between 6 and 12 months,Metro
48,1995,Female,"Professional, Scientific and Technical Services","Professional, Scientific and Technical Services",Professionals,Health Professionals,More than 200,No,Couple with no dependent children,Between 6 and 12 months,Metro
1375,1959,Female,"Electricity, Gas, Water and Waste Services",Electricity Supply,Professionals,ICT Professionals,More than 200,Yes,Couple with no dependent children,Between 6 and 12 months,Metro
208,1989,Male,Financial and Insurance Services,Finance,Professionals,ICT Professionals,More than 200,No,Couple with no dependent children,Between 6 and 12 months,Metro
237,1988,Male,Information Media and Telecommunications,Telecommunications Services,Professionals,ICT Professionals,More than 200,No,Couple with no dependent children,Between 6 and 12 months,Metro
404,1984,Male,Financial and Insurance Services,Finance,Clerical and administrative ,Other Clerical and Administrative ,More than 200,No,Couple with no dependent children,Between 6 and 12 months,Metro
118,1991,Female,Retail Trade,Non-Store Retailing and Retail Commission-Based Buying and/or Selling,Sales ,Sales Support ,More than 200,No,Couple with no dependent children,Between 6 and 12 months,Metro
248,1988,Male,Financial and Insurance Services,Insurance and Superannuation Funds,Managers,Specialist Managers,More than 200,Yes,Couple with no dependent children,Between 6 and 12 months,Metro
553,1980,Male,Other Services,Personal and Other Services,Managers,Specialist Managers,More than 200,Yes,Couple with no dependent children,Between 6 and 12 months,Metro
1270,1961,Male,Arts and Recreation Services,Sports and Recreation Activities,Managers,Specialist Managers,More than 200,Yes,Couple with no dependent children,Between 6 and 12 months,Metro
140,1990,Male,Construction,Building Construction,Labourers,Construction and Mining Labourers,Between 20 and 199,Yes,Group household,Between 6 and 12 months,Metro
3,2000,Male,Education and Training,Preschool and School Education,Professionals,Education Professionals,Between 20 and 199,No,Group household,Between 6 and 12 months,Metro
45,1995,Female,Information Media and Telecommunications,Publishing (except Internet and Music Publishing),Professionals,Arts and Media Professionals,Between 5 and 19,No,Group household,Between 6 and 12 months,Metro
110,1992,Male,Education and Training,"Adult, Community and Other Education",Professionals,"Business, Human Resource and Marketing Professionals",More than 200,NA,Group household,Between 6 and 12 months,Metro
1,2001,Female,Public Administration and Safety,"Public Order, Safety and Regulatory Services",Managers,"Chief Executives, General Managers and Legislators",More than 200,Yes,Group household,Between 6 and 12 months,Metro
95,1992,Female,Education and Training,Tertiary Education,Professionals,Education Professionals,More than 200,No,Group household,Between 6 and 12 months,Metro
104,1992,Female,Education and Training,Tertiary Education,Professionals,Education Professionals,More than 200,No,Group household,Between 6 and 12 months,Metro
193,1989,Female,Administrative and Support Services,Administrative Services,Professionals,"Legal, Social and Welfare Professionals",More than 200,Yes,Group household,Between 6 and 12 months,Metro
107,1992,Male,Administrative and Support Services,Administrative Services,Managers,Specialist Managers,More than 200,Yes,Group household,Between 6 and 12 months,Metro
63,1994,Female,Financial and Insurance Services,Finance,Managers,Specialist Managers,More than 200,No,Group household,Between 6 and 12 months,Metro
17,1998,Male,Construction,Building Construction,Managers,"Chief Executives, General Managers and Legislators",Between 5 and 19,Yes,Multiple family household,Between 6 and 12 months,Metro
335,1986,Male,Manufacturing,Printing (including the Reproduction of Recorded Media),Community and personal service ,Hospitality ,Between 5 and 19,No,Multiple family household,Between 6 and 12 months,Metro
567,1979,Male,Information Media and Telecommunications,Telecommunications Services,Managers,Specialist Managers,More than 200,Yes,Multiple family household,Between 6 and 12 months,Metro
1207,1963,Female,Manufacturing,Beverage and Tobacco Product Manufacturing,Managers,"Chief Executives, General Managers and Legislators",Between 20 and 199,No,One  parent family with dependent children,Between 6 and 12 months,Metro
338,1986,Female,"Professional, Scientific and Technical Services","Professional, Scientific and Technical Services",Professionals,"Legal, Social and Welfare Professionals",Between 20 and 199,NA,One  parent family with dependent children,Between 6 and 12 months,Metro
1200,1963,Male,"Professional, Scientific and Technical Services","Professional, Scientific and Technical Services",Managers,Specialist Managers,Between 20 and 199,No,One  parent family with dependent children,Between 6 and 12 months,Metro
517,1981,Female,Other Services,Personal and Other Services,Professionals,Arts and Media Professionals,Between 5 and 19,Yes,One  parent family with dependent children,Between 6 and 12 months,Metro
254,1988,Female,Retail Trade,Fuel Retailing,Technicians and trades ,Construction Trades ,Between 5 and 19,No,One  parent family with dependent children,Between 6 and 12 months,Metro
452,1983,Male,Retail Trade,Fuel Retailing,Technicians and trades ,Construction Trades ,Between 5 and 19,Yes,One  parent family with dependent children,Between 6 and 12 months,Metro
1104,1965,Male,Retail Trade,Non-Store Retailing and Retail Commission-Based Buying and/or Selling,Sales ,Sales Representatives and Agents,Between 5 and 19,Yes,One  parent family with dependent children,Between 6 and 12 months,Metro
549,1980,Male,Wholesale Trade,"Grocery, Liquor and Tobacco Product Wholesaling",Managers,"Chief Executives, General Managers and Legislators",More than 200,Yes,One  parent family with dependent children,Between 6 and 12 months,Metro
25,1997,Male,"Professional, Scientific and Technical Services","Professional, Scientific and Technical Services",Professionals,Arts and Media Professionals,Between 20 and 199,Yes,Other one family household,Between 6 and 12 months,Metro
306,1986,Female,Retail Trade,Non-Store Retailing and Retail Commission-Based Buying and/or Selling,Sales ,Sales Assistants and Salespersons,Between 20 and 199,No,Other one family household,Between 6 and 12 months,Metro
742,1975,Male,Education and Training,"Adult, Community and Other Education",Professionals,Education Professionals,More than 200,No,Other one family household,Between 6 and 12 months,Metro
47,1995,Male,Education and Training,Preschool and School Education,Managers,Specialist Managers,Between 1 and 4,No,Single person,Between 6 and 12 months,Metro
28,1996,Female,Arts and Recreation Services,Creative and Performing Arts Activities,Professionals,Arts and Media Professionals,Between 20 and 199,Yes,Single person,Between 6 and 12 months,Metro
180,1990,Male,Construction,Building Construction,Professionals,"Design, Engineering, Science and Transport Professionals",Between 20 and 199,NA,Single person,Between 6 and 12 months,Metro
127,1991,Male,Information Media and Telecommunications,Internet Publishing and Broadcasting,Professionals,"Design, Engineering, Science and Transport Professionals",Between 20 and 199,No,Single person,Between 6 and 12 months,Metro
812,1973,Male,"Professional, Scientific and Technical Services",Computer System Design and Related Services,Community and personal service ,Hospitality ,Between 20 and 199,Yes,Single person,Between 6 and 12 months,Metro
908,1970,Female,Information Media and Telecommunications,"Internet Service Providers, Web Search Portals and Data Processing Services",Professionals,ICT Professionals,Between 20 and 199,No,Single person,Between 6 and 12 months,Metro
2,2001,Male,Manufacturing,Machinery and Equipment Manufacturing,Machinery operators and drivers,Machine and Stationary Plant Operators,Between 20 and 199,NA,Single person,Between 6 and 12 months,Metro
65,1994,Female,Financial and Insurance Services,Finance,Managers,Specialist Managers,Between 20 and 199,Yes,Single person,Between 6 and 12 months,Metro
58,1995,Male,Education and Training,Tertiary Education,Managers,Specialist Managers,Between 20 and 199,Yes,Single person,Between 6 and 12 months,Metro
324,1986,Female,Arts and Recreation Services,Creative and Performing Arts Activities,Professionals,"Legal, Social and Welfare Professionals",Between 5 and 19,No,Single person,Between 6 and 12 months,Metro
821,1973,Female,Administrative and Support Services,Administrative Services,Clerical and administrative ,Office Managers and Program Administrators,Between 5 and 19,No,Single person,Between 6 and 12 months,Metro
246,1988,Male,Manufacturing,"Pulp, Paper and Converted Paper Product Manufacturing",Community and personal service ,Protective Service ,Between 5 and 19,Yes,Single person,Between 6 and 12 months,Metro
62,1994,Female,Financial and Insurance Services,Insurance and Superannuation Funds,Professionals,"Business, Human Resource and Marketing Professionals",More than 200,No,Single person,Between 6 and 12 months,Metro
27,1996,Male,"Professional, Scientific and Technical Services","Professional, Scientific and Technical Services",Professionals,"Business, Human Resource and Marketing Professionals",More than 200,No,Single person,Between 6 and 12 months,Metro
422,1984,Male,Information Media and Telecommunications,"Internet Service Providers, Web Search Portals and Data Processing Services",Managers,"Chief Executives, General Managers and Legislators",More than 200,Yes,Single person,Between 6 and 12 months,Metro
928,1970,Male,"Professional, Scientific and Technical Services","Professional, Scientific and Technical Services",Professionals,"Design, Engineering, Science and Transport Professionals",More than 200,Yes,Single person,Between 6 and 12 months,Metro
1038,1967,Male,Public Administration and Safety,Public Administration,Professionals,"Design, Engineering, Science and Transport Professionals",More than 200,Yes,Single person,Between 6 and 12 months,Metro
81,1993,Male,"Transport, Postal and Warehousing",Transport Support Services,Professionals,"Design, Engineering, Science and Transport Professionals",More than 200,No,Single person,Between 6 and 12 months,Metro
353,1985,Female,Education and Training,"Adult, Community and Other Education",Professionals,Education Professionals,More than 200,No,Single person,Between 6 and 12 months,Metro
523,1980,Female,Administrative and Support Services,Administrative Services,Clerical and administrative ,General Clerical ,More than 200,No,Single person,Between 6 and 12 months,Metro
962,1969,Male,Other Services,Personal and Other Services,Managers,"Hospitality, Retail and Service Managers",More than 200,Yes,Single person,Between 6 and 12 months,Metro
287,1987,Male,Financial and Insurance Services,Finance,Professionals,ICT Professionals,More than 200,No,Single person,Between 6 and 12 months,Metro
683,1977,Female,Health Care and Social Assistance,Residential Care Services,Professionals,"Legal, Social and Welfare Professionals",More than 200,NA,Single person,Between 6 and 12 months,Metro
799,1973,Female,Administrative and Support Services,Administrative Services,Clerical and administrative ,Personal Assistants and Secretaries,More than 200,Yes,Single person,Between 6 and 12 months,Metro
774,1974,Female,Information Media and Telecommunications,Telecommunications Services,Managers,Specialist Managers,More than 200,Yes,Single person,Between 6 and 12 months,Metro
1075,1966,Female,Information Media and Telecommunications,Telecommunications Services,Managers,Specialist Managers,More than 200,No,Single person,Between 6 and 12 months,Metro
1127,1965,Female,"Professional, Scientific and Technical Services","Professional, Scientific and Technical Services",Professionals,"Business, Human Resource and Marketing Professionals",Between 1 and 4,No,Couple with dependent children,More than 5 years,Metro
757,1975,Male,Retail Trade,Non-Store Retailing and Retail Commission-Based Buying and/or Selling,Managers,"Chief Executives, General Managers and Legislators",Between 1 and 4,NA,Couple with dependent children,More than 5 years,Metro
828,1972,Male,Wholesale Trade,Other Goods Wholesaling,Managers,"Chief Executives, General Managers and Legislators",Between 1 and 4,Yes,Couple with dependent children,More than 5 years,Metro
1293,1961,Male,"Professional, Scientific and Technical Services","Professional, Scientific and Technical Services",Managers,"Chief Executives, General Managers and Legislators",Between 1 and 4,Yes,Couple with dependent children,More than 5 years,Metro
1284,1961,Male,"Professional, Scientific and Technical Services","Professional, Scientific and Technical Services",Professionals,"Design, Engineering, Science and Transport Professionals",Between 1 and 4,Yes,Couple with dependent children,More than 5 years,Metro
751,1975,Female,Retail Trade,Other Store-Based Retailing,Managers,"Hospitality, Retail and Service Managers",Between 1 and 4,Yes,Couple with dependent children,More than 5 years,Metro
1415,1958,Male,Retail Trade,Other Store-Based Retailing,Managers,"Hospitality, Retail and Service Managers",Between 1 and 4,Yes,Couple with dependent children,More than 5 years,Metro
1105,1965,Female,"Professional, Scientific and Technical Services",Computer System Design and Related Services,Professionals,ICT Professionals,Between 1 and 4,No,Couple with dependent children,More than 5 years,Metro
841,1972,Male,"Professional, Scientific and Technical Services","Professional, Scientific and Technical Services",Professionals,ICT Professionals,Between 1 and 4,No,Couple with dependent children,More than 5 years,Metro
852,1972,Male,Education and Training,"Adult, Community and Other Education",Professionals,"Legal, Social and Welfare Professionals",Between 1 and 4,Yes,Couple with dependent children,More than 5 years,Metro
916,1970,Female,Retail Trade,Other Store-Based Retailing,Clerical and administrative ,Other Clerical and Administrative ,Between 1 and 4,No,Couple with dependent children,More than 5 years,Metro
189,1989,Female,Other Services,Repair and Maintenance,Technicians and trades ,Other Technicians and Trades ,Between 1 and 4,Yes,Couple with dependent children,More than 5 years,Metro
719,1976,Male,"Professional, Scientific and Technical Services",Computer System Design and Related Services,Managers,Specialist Managers,Between 1 and 4,NA,Couple with dependent children,More than 5 years,Metro
623,1978,Female,Financial and Insurance Services,Insurance and Superannuation Funds,Professionals,"Business, Human Resource and Marketing Professionals",Between 20 and 199,Yes,Couple with dependent children,More than 5 years,Metro
723,1975,Male,Financial and Insurance Services,Insurance and Superannuation Funds,Professionals,"Business, Human Resource and Marketing Professionals",Between 20 and 199,No,Couple with dependent children,More than 5 years,Metro
145,1990,Female,"Professional, Scientific and Technical Services","Professional, Scientific and Technical Services",Professionals,"Business, Human Resource and Marketing Professionals",Between 20 and 199,Yes,Couple with dependent children,More than 5 years,Metro
426,1984,Female,"Professional, Scientific and Technical Services","Professional, Scientific and Technical Services",Professionals,"Business, Human Resource and Marketing Professionals",Between 20 and 199,Yes,Couple with dependent children,More than 5 years,Metro
775,1974,Male,"Professional, Scientific and Technical Services","Professional, Scientific and Technical Services",Professionals,"Business, Human Resource and Marketing Professionals",Between 20 and 199,Yes,Couple with dependent children,More than 5 years,Metro
637,1978,Female,Education and Training,Preschool and School Education,Community and personal service ,Carers and Aides,Between 20 and 199,No,Couple with dependent children,More than 5 years,Metro
453,1983,Female,Administrative and Support Services,Administrative Services,Managers,"Chief Executives, General Managers and Legislators",Between 20 and 199,Yes,Couple with dependent children,More than 5 years,Metro
727,1975,Male,Administrative and Support Services,Administrative Services,Managers,"Chief Executives, General Managers and Legislators",Between 20 and 199,Yes,Couple with dependent children,More than 5 years,Metro
663,1977,Female,Education and Training,"Adult, Community and Other Education",Managers,"Chief Executives, General Managers and Legislators",Between 20 and 199,Yes,Couple with dependent children,More than 5 years,Metro
979,1969,Male,Construction,Construction Services,Managers,"Chief Executives, General Managers and Legislators",Between 20 and 199,Yes,Couple with dependent children,More than 5 years,Metro
1049,1967,Male,Manufacturing,Fabricated Metal Product Manufacturing,Managers,"Chief Executives, General Managers and Legislators",Between 20 and 199,Yes,Couple with dependent children,More than 5 years,Metro
896,1971,Male,Financial and Insurance Services,Finance,Managers,"Chief Executives, General Managers and Legislators",Between 20 and 199,Yes,Couple with dependent children,More than 5 years,Metro
872,1971,Male,Accommodation and Food Services,Food and Beverage Services,Managers,"Chief Executives, General Managers and Legislators",Between 20 and 199,Yes,Couple with dependent children,More than 5 years,Metro
1012,1968,Male,Accommodation and Food Services,Food and Beverage Services,Managers,"Chief Executives, General Managers and Legislators",Between 20 and 199,Yes,Couple with dependent children,More than 5 years,Metro
1101,1965,Male,Accommodation and Food Services,Food and Beverage Services,Managers,"Chief Executives, General Managers and Legislators",Between 20 and 199,Yes,Couple with dependent children,More than 5 years,Metro
1180,1964,Male,Accommodation and Food Services,Food and Beverage Services,Managers,"Chief Executives, General Managers and Legislators",Between 20 and 199,Yes,Couple with dependent children,More than 5 years,Metro
184,1990,Female,Wholesale Trade,"Grocery, Liquor and Tobacco Product Wholesaling",Managers,"Chief Executives, General Managers and Legislators",Between 20 and 199,NA,Couple with dependent children,More than 5 years,Metro
347,1985,Male,Information Media and Telecommunications,"Internet Service Providers, Web Search Portals and Data Processing Services",Managers,"Chief Executives, General Managers and Legislators",Between 20 and 199,Yes,Couple with dependent children,More than 5 years,Metro
598,1978,Female,Wholesale Trade,Machinery and Equipment Wholesaling,Managers,"Chief Executives, General Managers and Legislators",Between 20 and 199,Yes,Couple with dependent children,More than 5 years,Metro
489,1982,Male,Retail Trade,Other Store-Based Retailing,Managers,"Chief Executives, General Managers and Legislators",Between 20 and 199,NA,Couple with dependent children,More than 5 years,Metro
910,1970,Male,Retail Trade,Other Store-Based Retailing,Managers,"Chief Executives, General Managers and Legislators",Between 20 and 199,Yes,Couple with dependent children,More than 5 years,Metro
1054,1967,Male,Manufacturing,Primary Metal and Metal Product Manufacturing,Managers,"Chief Executives, General Managers and Legislators",Between 20 and 199,Yes,Couple with dependent children,More than 5 years,Metro
579,1979,Male,"Professional, Scientific and Technical Services","Professional, Scientific and Technical Services",Managers,"Chief Executives, General Managers and Legislators",Between 20 and 199,Yes,Couple with dependent children,More than 5 years,Metro
624,1978,Male,"Professional, Scientific and Technical Services","Professional, Scientific and Technical Services",Managers,"Chief Executives, General Managers and Legislators",Between 20 and 199,Yes,Couple with dependent children,More than 5 years,Metro
1242,1962,Male,"Professional, Scientific and Technical Services","Professional, Scientific and Technical Services",Managers,"Chief Executives, General Managers and Legislators",Between 20 and 199,No,Couple with dependent children,More than 5 years,Metro
1350,1960,Male,"Professional, Scientific and Technical Services","Professional, Scientific and Technical Services",Managers,"Chief Executives, General Managers and Legislators",Between 20 and 199,Yes,Couple with dependent children,More than 5 years,Metro
546,1980,Male,"Transport, Postal and Warehousing",Road Transport,Managers,"Chief Executives, General Managers and Legislators",Between 20 and 199,Yes,Couple with dependent children,More than 5 years,Metro
653,1977,Male,Information Media and Telecommunications,Telecommunications Services,Managers,"Chief Executives, General Managers and Legislators",Between 20 and 199,Yes,Couple with dependent children,More than 5 years,Metro
883,1971,Male,"Transport, Postal and Warehousing",Water Transport,Managers,"Chief Executives, General Managers and Legislators",Between 20 and 199,Yes,Couple with dependent children,More than 5 years,Metro
551,1980,Female,Construction,Heavy and Civil Engineering Construction,Technicians and trades ,Construction Trades ,Between 20 and 199,Yes,Couple with dependent children,More than 5 years,Metro
720,1976,Male,Information Media and Telecommunications,Internet Publishing and Broadcasting,Professionals,"Design, Engineering, Science and Transport Professionals",Between 20 and 199,NA,Couple with dependent children,More than 5 years,Metro
273,1987,Female,Information Media and Telecommunications,"Internet Service Providers, Web Search Portals and Data Processing Services",Professionals,"Design, Engineering, Science and Transport Professionals",Between 20 and 199,Yes,Couple with dependent children,More than 5 years,Metro
417,1984,Male,"Professional, Scientific and Technical Services","Professional, Scientific and Technical Services",Professionals,"Design, Engineering, Science and Transport Professionals",Between 20 and 199,Yes,Couple with dependent children,More than 5 years,Metro
427,1984,Male,"Professional, Scientific and Technical Services","Professional, Scientific and Technical Services",Professionals,"Design, Engineering, Science and Transport Professionals",Between 20 and 199,NA,Couple with dependent children,More than 5 years,Metro
1029,1967,Male,Public Administration and Safety,Public Administration,Professionals,"Design, Engineering, Science and Transport Professionals",Between 20 and 199,No,Couple with dependent children,More than 5 years,Metro
814,1973,Male,Public Administration and Safety,"Public Order, Safety and Regulatory Services",Professionals,"Design, Engineering, Science and Transport Professionals",Between 20 and 199,Yes,Couple with dependent children,More than 5 years,Metro
822,1973,Male,Public Administration and Safety,"Public Order, Safety and Regulatory Services",Professionals,"Design, Engineering, Science and Transport Professionals",Between 20 and 199,Yes,Couple with dependent children,More than 5 years,Metro
825,1973,Male,Public Administration and Safety,"Public Order, Safety and Regulatory Services",Professionals,"Design, Engineering, Science and Transport Professionals",Between 20 and 199,NA,Couple with dependent children,More than 5 years,Metro
701,1976,Male,Education and Training,"Adult, Community and Other Education",Professionals,Education Professionals,Between 20 and 199,Yes,Couple with dependent children,More than 5 years,Metro
574,1979,Female,Education and Training,Preschool and School Education,Professionals,Education Professionals,Between 20 and 199,No,Couple with dependent children,More than 5 years,Metro
881,1971,Female,Education and Training,Preschool and School Education,Professionals,Education Professionals,Between 20 and 199,No,Couple with dependent children,More than 5 years,Metro
945,1970,Female,Education and Training,Preschool and School Education,Professionals,Education Professionals,Between 20 and 199,No,Couple with dependent children,More than 5 years,Metro
345,1985,Female,Education and Training,Tertiary Education,Professionals,Education Professionals,Between 20 and 199,No,Couple with dependent children,More than 5 years,Metro
1000,1968,Female,Administrative and Support Services,Administrative Services,Clerical and administrative ,General Clerical ,Between 20 and 199,No,Couple with dependent children,More than 5 years,Metro
1278,1961,Female,Accommodation and Food Services,Food and Beverage Services,Managers,"Hospitality, Retail and Service Managers",Between 20 and 199,Yes,Couple with dependent children,More than 5 years,Metro
344,1985,Female,"Professional, Scientific and Technical Services",Computer System Design and Related Services,Professionals,ICT Professionals,Between 20 and 199,No,Couple with dependent children,More than 5 years,Metro
1142,1964,Male,Financial and Insurance Services,Finance,Professionals,ICT Professionals,Between 20 and 199,Yes,Couple with dependent children,More than 5 years,Metro
520,1981,Male,Financial and Insurance Services,Insurance and Superannuation Funds,Professionals,ICT Professionals,Between 20 and 199,NA,Couple with dependent children,More than 5 years,Metro
859,1972,Male,Information Media and Telecommunications,"Internet Service Providers, Web Search Portals and Data Processing Services",Professionals,ICT Professionals,Between 20 and 199,No,Couple with dependent children,More than 5 years,Metro
329,1986,Female,"Professional, Scientific and Technical Services","Professional, Scientific and Technical Services",Professionals,ICT Professionals,Between 20 and 199,No,Couple with dependent children,More than 5 years,Metro
965,1969,Male,"Professional, Scientific and Technical Services","Professional, Scientific and Technical Services",Professionals,ICT Professionals,Between 20 and 199,No,Couple with dependent children,More than 5 years,Metro
1455,1957,Male,Administrative and Support Services,Administrative Services,Professionals,"Legal, Social and Welfare Professionals",Between 20 and 199,No,Couple with dependent children,More than 5 years,Metro
824,1973,Male,Other Services,Personal and Other Services,Professionals,"Legal, Social and Welfare Professionals",Between 20 and 199,NA,Couple with dependent children,More than 5 years,Metro
26,1997,Male,Mining,Coal Mining,Clerical and administrative ,Office Managers and Program Administrators,Between 20 and 199,Yes,Couple with dependent children,More than 5 years,Metro
755,1975,Female,Financial and Insurance Services,Finance,Clerical and administrative ,Office Managers and Program Administrators,Between 20 and 199,Yes,Couple with dependent children,More than 5 years,Metro
1456,1957,Male,Other Services,Personal and Other Services,Clerical and administrative ,Other Clerical and Administrative ,Between 20 and 199,Yes,Couple with dependent children,More than 5 years,Metro
1193,1963,Female,"Transport, Postal and Warehousing",Water Transport,Clerical and administrative ,Other Clerical and Administrative ,Between 20 and 199,No,Couple with dependent children,More than 5 years,Metro
768,1974,Female,Administrative and Support Services,Administrative Services,Clerical and administrative ,Personal Assistants and Secretaries,Between 20 and 199,No,Couple with dependent children,More than 5 years,Metro
1474,1956,Male,Financial and Insurance Services,Finance,Sales ,Sales Representatives and Agents,Between 20 and 199,No,Couple with dependent children,More than 5 years,Metro
165,1990,Female,Wholesale Trade,Basic Material Wholesaling,Managers,Specialist Managers,Between 20 and 199,Yes,Couple with dependent children,More than 5 years,Metro
899,1971,Female,"Professional, Scientific and Technical Services",Computer System Design and Related Services,Managers,Specialist Managers,Between 20 and 199,Yes,Couple with dependent children,More than 5 years,Metro
534,1980,Female,Financial and Insurance Services,Finance,Managers,Specialist Managers,Between 20 and 199,Yes,Couple with dependent children,More than 5 years,Metro
678,1977,Male,Financial and Insurance Services,Finance,Managers,Specialist Managers,Between 20 and 199,Yes,Couple with dependent children,More than 5 years,Metro
1287,1961,Male,Financial and Insurance Services,Finance,Managers,Specialist Managers,Between 20 and 199,Yes,Couple with dependent children,More than 5 years,Metro
729,1975,Male,Wholesale Trade,Other Goods Wholesaling,Managers,Specialist Managers,Between 20 and 199,Yes,Couple with dependent children,More than 5 years,Metro
1391,1959,Male,"Professional, Scientific and Technical Services","Professional, Scientific and Technical Services",Managers,Specialist Managers,Between 20 and 199,Yes,Couple with dependent children,More than 5 years,Metro
1496,1955,Male,"Professional, Scientific and Technical Services","Professional, Scientific and Technical Services",Managers,Specialist Managers,Between 20 and 199,Yes,Couple with dependent children,More than 5 years,Metro
1223,1963,Male,"Rental, Hiring and Real Estate Services",Property Operators and Real Estate Services,Managers,Specialist Managers,Between 20 and 199,Yes,Couple with dependent children,More than 5 years,Metro
993,1968,Male,Information Media and Telecommunications,Library and Other Information Services,Professionals,Arts and Media Professionals,Between 5 and 19,Yes,Couple with dependent children,More than 5 years,Metro
673,1977,Female,"Professional, Scientific and Technical Services","Professional, Scientific and Technical Services",Professionals,Arts and Media Professionals,Between 5 and 19,No,Couple with dependent children,More than 5 years,Metro
1369,1959,Male,Financial and Insurance Services,Insurance and Superannuation Funds,Professionals,"Business, Human Resource and Marketing Professionals",Between 5 and 19,Yes,Couple with dependent children,More than 5 years,Metro
1001,1968,Male,Wholesale Trade,Basic Material Wholesaling,Managers,"Chief Executives, General Managers and Legislators",Between 5 and 19,Yes,Couple with dependent children,More than 5 years,Metro
1069,1966,Male,Wholesale Trade,Machinery and Equipment Wholesaling,Managers,"Chief Executives, General Managers and Legislators",Between 5 and 19,Yes,Couple with dependent children,More than 5 years,Metro
978,1969,Female,Wholesale Trade,Other Goods Wholesaling,Managers,"Chief Executives, General Managers and Legislators",Between 5 and 19,Yes,Couple with dependent children,More than 5 years,Metro
728,1975,Female,Other Services,Personal and Other Services,Managers,"Chief Executives, General Managers and Legislators",Between 5 and 19,Yes,Couple with dependent children,More than 5 years,Metro
1164,1964,Male,Manufacturing,"Pulp, Paper and Converted Paper Product Manufacturing",Managers,"Chief Executives, General Managers and Legislators",Between 5 and 19,No,Couple with dependent children,More than 5 years,Metro
1178,1964,Male,Manufacturing,"Pulp, Paper and Converted Paper Product Manufacturing",Managers,"Chief Executives, General Managers and Legislators",Between 5 and 19,No,Couple with dependent children,More than 5 years,Metro
1177,1964,Female,Financial and Insurance Services,Insurance and Superannuation Funds,Clerical and administrative ,Clerical and Office Support ,Between 5 and 19,Yes,Couple with dependent children,More than 5 years,Metro
1184,1964,Female,Financial and Insurance Services,Insurance and Superannuation Funds,Clerical and administrative ,Clerical and Office Support ,Between 5 and 19,No,Couple with dependent children,More than 5 years,Metro
699,1976,Male,Construction,Construction Services,Technicians and trades ,Construction Trades ,Between 5 and 19,No,Couple with dependent children,More than 5 years,Metro
718,1976,Male,Information Media and Telecommunications,Broadcasting (except Internet),Professionals,"Design, Engineering, Science and Transport Professionals",Between 5 and 19,NA,Couple with dependent children,More than 5 years,Metro
513,1981,Male,Construction,Building Construction,Professionals,"Design, Engineering, Science and Transport Professionals",Between 5 and 19,No,Couple with dependent children,More than 5 years,Metro
905,1971,Female,"Rental, Hiring and Real Estate Services",Rental and Hiring Services (except Real Estate),Clerical and administrative ,General Clerical ,Between 5 and 19,NA,Couple with dependent children,More than 5 years,Metro
379,1985,Male,Arts and Recreation Services,Sports and Recreation Activities,Clerical and administrative ,General Clerical ,Between 5 and 19,Yes,Couple with dependent children,More than 5 years,Metro
711,1976,Male,"Professional, Scientific and Technical Services","Professional, Scientific and Technical Services",Professionals,Health Professionals,Between 5 and 19,Yes,Couple with dependent children,More than 5 years,Metro
1053,1967,Male,Retail Trade,Other Store-Based Retailing,Managers,"Hospitality, Retail and Service Managers",Between 5 and 19,Yes,Couple with dependent children,More than 5 years,Metro
1154,1964,Male,"Transport, Postal and Warehousing",Warehousing and Storage Services,Managers,"Hospitality, Retail and Service Managers",Between 5 and 19,Yes,Couple with dependent children,More than 5 years,Metro
724,1975,Male,Administrative and Support Services,Administrative Services,Professionals,ICT Professionals,Between 5 and 19,Yes,Couple with dependent children,More than 5 years,Metro
1386,1959,Male,"Professional, Scientific and Technical Services",Computer System Design and Related Services,Professionals,ICT Professionals,Between 5 and 19,No,Couple with dependent children,More than 5 years,Metro
982,1969,Female,"Professional, Scientific and Technical Services","Professional, Scientific and Technical Services",Professionals,"Legal, Social and Welfare Professionals",Between 5 and 19,Yes,Couple with dependent children,More than 5 years,Metro
878,1971,Female,Construction,Building Construction,Clerical and administrative ,Office Managers and Program Administrators,Between 5 and 19,Yes,Couple with dependent children,More than 5 years,Metro
880,1971,Female,Construction,Building Construction,Clerical and administrative ,Office Managers and Program Administrators,Between 5 and 19,No,Couple with dependent children,More than 5 years,Metro
543,1980,Male,"Professional, Scientific and Technical Services","Professional, Scientific and Technical Services",Technicians and trades ,Other Technicians and Trades ,Between 5 and 19,Yes,Couple with dependent children,More than 5 years,Metro
862,1972,Female,Construction,Building Construction,Clerical and administrative ,Personal Assistants and Secretaries,Between 5 and 19,NA,Couple with dependent children,More than 5 years,Metro
1230,1962,Female,Construction,Heavy and Civil Engineering Construction,Clerical and administrative ,Personal Assistants and Secretaries,Between 5 and 19,No,Couple with dependent children,More than 5 years,Metro
750,1975,Female,Manufacturing,Petroleum and Coal Product Manufacturing,Community and personal service ,Protective Service ,Between 5 and 19,Yes,Couple with dependent children,More than 5 years,Metro
760,1974,Male,Education and Training,"Adult, Community and Other Education",Sales ,Sales Representatives and Agents,Between 5 and 19,Yes,Couple with dependent children,More than 5 years,Metro
807,1973,Female,Other Services,Personal and Other Services,Sales ,Sales Representatives and Agents,Between 5 and 19,Yes,Couple with dependent children,More than 5 years,Metro
1028,1967,Female,Other Services,Personal and Other Services,Sales ,Sales Representatives and Agents,Between 5 and 19,No,Couple with dependent children,More than 5 years,Metro
1140,1965,Male,Construction,Building Construction,Managers,Specialist Managers,Between 5 and 19,NA,Couple with dependent children,More than 5 years,Metro
123,1991,Female,Financial and Insurance Services,Finance,Managers,Specialist Managers,Between 5 and 19,No,Couple with dependent children,More than 5 years,Metro
1188,1964,Male,Manufacturing,Printing (including the Reproduction of Recorded Media),Managers,Specialist Managers,Between 5 and 19,NA,Couple with dependent children,More than 5 years,Metro
566,1980,Male,Information Media and Telecommunications,Telecommunications Services,Managers,Specialist Managers,Between 5 and 19,NA,Couple with dependent children,More than 5 years,Metro
685,1977,Female,Financial and Insurance Services,Insurance and Superannuation Funds,Professionals,"Business, Human Resource and Marketing Professionals",I am the only employee,NA,Couple with dependent children,More than 5 years,Metro
445,1983,Female,"Professional, Scientific and Technical Services","Professional, Scientific and Technical Services",Professionals,"Design, Engineering, Science and Transport Professionals",I am the only employee,No,Couple with dependent children,More than 5 years,Metro
1194,1963,Female,Information Media and Telecommunications,Telecommunications Services,Managers,Specialist Managers,I am the only employee,No,Couple with dependent children,More than 5 years,Metro
559,1980,Female,Information Media and Telecommunications,Internet Publishing and Broadcasting,Professionals,Arts and Media Professionals,More than 200,No,Couple with dependent children,More than 5 years,Metro
1275,1961,Male,"Professional, Scientific and Technical Services",Computer System Design and Related Services,Professionals,"Business, Human Resource and Marketing Professionals",More than 200,No,Couple with dependent children,More than 5 years,Metro
988,1969,Male,"Electricity, Gas, Water and Waste Services",Electricity Supply,Professionals,"Business, Human Resource and Marketing Professionals",More than 200,Yes,Couple with dependent children,More than 5 years,Metro
639,1978,Female,Financial and Insurance Services,Finance,Professionals,"Business, Human Resource and Marketing Professionals",More than 200,NA,Couple with dependent children,More than 5 years,Metro
769,1974,Male,Financial and Insurance Services,Finance,Professionals,"Business, Human Resource and Marketing Professionals",More than 200,Yes,Couple with dependent children,More than 5 years,Metro
772,1974,Male,Financial and Insurance Services,Finance,Professionals,"Business, Human Resource and Marketing Professionals",More than 200,Yes,Couple with dependent children,More than 5 years,Metro
1208,1963,Male,Financial and Insurance Services,Finance,Professionals,"Business, Human Resource and Marketing Professionals",More than 200,No,Couple with dependent children,More than 5 years,Metro
607,1978,Male,Wholesale Trade,"Grocery, Liquor and Tobacco Product Wholesaling",Professionals,"Business, Human Resource and Marketing Professionals",More than 200,No,Couple with dependent children,More than 5 years,Metro
1210,1963,Female,Health Care and Social Assistance,Hospitals,Professionals,"Business, Human Resource and Marketing Professionals",More than 200,Yes,Couple with dependent children,More than 5 years,Metro
1171,1964,Male,Financial and Insurance Services,Insurance and Superannuation Funds,Professionals,"Business, Human Resource and Marketing Professionals",More than 200,Yes,Couple with dependent children,More than 5 years,Metro
1476,1956,Male,Financial and Insurance Services,Insurance and Superannuation Funds,Professionals,"Business, Human Resource and Marketing Professionals",More than 200,No,Couple with dependent children,More than 5 years,Metro
310,1986,Male,Retail Trade,Other Store-Based Retailing,Professionals,"Business, Human Resource and Marketing Professionals",More than 200,No,Couple with dependent children,More than 5 years,Metro
1202,1963,Female,"Transport, Postal and Warehousing",Other Transport,Professionals,"Business, Human Resource and Marketing Professionals",More than 200,No,Couple with dependent children,More than 5 years,Metro
804,1973,Male,Manufacturing,Polymer Product and Rubber Product Manufacturing,Professionals,"Business, Human Resource and Marketing Professionals",More than 200,Yes,Couple with dependent children,More than 5 years,Metro
1095,1966,Male,"Transport, Postal and Warehousing",Postal and Courier Pick-up and Delivery Services,Professionals,"Business, Human Resource and Marketing Professionals",More than 200,Yes,Couple with dependent children,More than 5 years,Metro
1094,1966,Male,Public Administration and Safety,Public Administration,Professionals,"Business, Human Resource and Marketing Professionals",More than 200,Yes,Couple with dependent children,More than 5 years,Metro
1097,1966,Male,Public Administration and Safety,Public Administration,Professionals,"Business, Human Resource and Marketing Professionals",More than 200,Yes,Couple with dependent children,More than 5 years,Metro
1098,1966,Male,Public Administration and Safety,Public Administration,Professionals,"Business, Human Resource and Marketing Professionals",More than 200,NA,Couple with dependent children,More than 5 years,Metro
591,1979,Male,Information Media and Telecommunications,Telecommunications Services,Professionals,"Business, Human Resource and Marketing Professionals",More than 200,NA,Couple with dependent children,More than 5 years,Metro
277,1987,Male,"Professional, Scientific and Technical Services",Computer System Design and Related Services,Managers,"Chief Executives, General Managers and Legislators",More than 200,Yes,Couple with dependent children,More than 5 years,Metro
1167,1964,Male,Financial and Insurance Services,Finance,Managers,"Chief Executives, General Managers and Legislators",More than 200,Yes,Couple with dependent children,More than 5 years,Metro
84,1993,Female,Wholesale Trade,"Grocery, Liquor and Tobacco Product Wholesaling",Managers,"Chief Executives, General Managers and Legislators",More than 200,Yes,Couple with dependent children,More than 5 years,Metro
752,1975,Female,Information Media and Telecommunications,Internet Publishing and Broadcasting,Managers,"Chief Executives, General Managers and Legislators",More than 200,Yes,Couple with dependent children,More than 5 years,Metro
296,1987,Female,Information Media and Telecommunications,"Internet Service Providers, Web Search Portals and Data Processing Services",Managers,"Chief Executives, General Managers and Legislators",More than 200,Yes,Couple with dependent children,More than 5 years,Metro
336,1986,Male,Retail Trade,Motor Vehicle and Motor Vehicle Parts Retailing,Managers,"Chief Executives, General Managers and Legislators",More than 200,Yes,Couple with dependent children,More than 5 years,Metro
1112,1965,Male,Wholesale Trade,Motor Vehicle and Motor Vehicle Parts Wholesaling,Managers,"Chief Executives, General Managers and Legislators",More than 200,Yes,Couple with dependent children,More than 5 years,Metro
1259,1962,Female,Other Services,Personal and Other Services,Managers,"Chief Executives, General Managers and Legislators",More than 200,Yes,Couple with dependent children,More than 5 years,Metro
556,1980,Male,Other Services,Personal and Other Services,Managers,"Chief Executives, General Managers and Legislators",More than 200,No,Couple with dependent children,More than 5 years,Metro
339,1986,Male,"Professional, Scientific and Technical Services","Professional, Scientific and Technical Services",Managers,"Chief Executives, General Managers and Legislators",More than 200,NA,Couple with dependent children,More than 5 years,Metro
1233,1962,Male,Public Administration and Safety,Public Administration,Managers,"Chief Executives, General Managers and Legislators",More than 200,Yes,Couple with dependent children,More than 5 years,Metro
388,1985,Male,"Rental, Hiring and Real Estate Services",Rental and Hiring Services (except Real Estate),Managers,"Chief Executives, General Managers and Legislators",More than 200,Yes,Couple with dependent children,More than 5 years,Metro
389,1985,Male,Manufacturing,Transport Equipment Manufacturing,Managers,"Chief Executives, General Managers and Legislators",More than 200,NA,Couple with dependent children,More than 5 years,Metro
759,1974,Male,Manufacturing,Furniture and Other Manufacturing,Clerical and administrative ,Clerical and Office Support ,More than 200,No,Couple with dependent children,More than 5 years,Metro
583,1979,Male,Financial and Insurance Services,Insurance and Superannuation Funds,Clerical and administrative ,Clerical and Office Support ,More than 200,No,Couple with dependent children,More than 5 years,Metro
1187,1964,Female,Wholesale Trade,Machinery and Equipment Wholesaling,Clerical and administrative ,Clerical and Office Support ,More than 200,No,Couple with dependent children,More than 5 years,Metro
1191,1964,Female,Wholesale Trade,Other Goods Wholesaling,Clerical and administrative ,Clerical and Office Support ,More than 200,NA,Couple with dependent children,More than 5 years,Metro
463,1982,Female,Other Services,Personal and Other Services,Clerical and administrative ,Clerical and Office Support ,More than 200,No,Couple with dependent children,More than 5 years,Metro
1371,1959,Male,Health Care and Social Assistance,Hospitals,Professionals,"Design, Engineering, Science and Transport Professionals",More than 200,Yes,Couple with dependent children,More than 5 years,Metro
588,1979,Female,Information Media and Telecommunications,"Internet Service Providers, Web Search Portals and Data Processing Services",Professionals,"Design, Engineering, Science and Transport Professionals",More than 200,Yes,Couple with dependent children,More than 5 years,Metro
580,1979,Male,Other Services,Personal and Other Services,Professionals,"Design, Engineering, Science and Transport Professionals",More than 200,No,Couple with dependent children,More than 5 years,Metro
1123,1965,Male,"Professional, Scientific and Technical Services","Professional, Scientific and Technical Services",Professionals,"Design, Engineering, Science and Transport Professionals",More than 200,Yes,Couple with dependent children,More than 5 years,Metro
434,1983,Female,Information Media and Telecommunications,Telecommunications Services,Professionals,"Design, Engineering, Science and Transport Professionals",More than 200,No,Couple with dependent children,More than 5 years,Metro
1370,1959,Male,Information Media and Telecommunications,Telecommunications Services,Professionals,"Design, Engineering, Science and Transport Professionals",More than 200,No,Couple with dependent children,More than 5 years,Metro
1374,1959,Male,"Electricity, Gas, Water and Waste Services","Water Supply, Sewerage and Drainage Services",Professionals,"Design, Engineering, Science and Transport Professionals",More than 200,Yes,Couple with dependent children,More than 5 years,Metro
875,1971,Female,Education and Training,Preschool and School Education,Professionals,Education Professionals,More than 200,No,Couple with dependent children,More than 5 years,Metro
911,1970,Female,Education and Training,Preschool and School Education,Professionals,Education Professionals,More than 200,Yes,Couple with dependent children,More than 5 years,Metro
1020,1968,Female,Education and Training,Preschool and School Education,Professionals,Education Professionals,More than 200,No,Couple with dependent children,More than 5 years,Metro
1007,1968,Male,Education and Training,Preschool and School Education,Professionals,Education Professionals,More than 200,Yes,Couple with dependent children,More than 5 years,Metro
1341,1960,Male,Education and Training,Preschool and School Education,Professionals,Education Professionals,More than 200,Yes,Couple with dependent children,More than 5 years,Metro
1092,1966,Female,"Professional, Scientific and Technical Services","Professional, Scientific and Technical Services",Professionals,Education Professionals,More than 200,No,Couple with dependent children,More than 5 years,Metro
1254,1962,Male,Education and Training,Tertiary Education,Professionals,Education Professionals,More than 200,Yes,Couple with dependent children,More than 5 years,Metro
791,1973,Male,Financial and Insurance Services,Finance,Technicians and trades ,Electrotechnology and Telecommunications Trades ,More than 200,No,Couple with dependent children,More than 5 years,Metro
619,1978,Male,"Professional, Scientific and Technical Services",Computer System Design and Related Services,Technicians and trades ,"Engineering, ICT and Science Technicians",More than 200,No,Couple with dependent children,More than 5 years,Metro
1086,1966,Male,"Electricity, Gas, Water and Waste Services",Electricity Supply,Technicians and trades ,"Engineering, ICT and Science Technicians",More than 200,No,Couple with dependent children,More than 5 years,Metro
794,1973,Male,Information Media and Telecommunications,"Internet Service Providers, Web Search Portals and Data Processing Services",Technicians and trades ,"Engineering, ICT and Science Technicians",More than 200,No,Couple with dependent children,More than 5 years,Metro
789,1973,Male,Financial and Insurance Services,Finance,Clerical and administrative ,General Clerical ,More than 200,No,Couple with dependent children,More than 5 years,Metro
691,1976,Male,Manufacturing,Machinery and Equipment Manufacturing,Clerical and administrative ,General Clerical ,More than 200,No,Couple with dependent children,More than 5 years,Metro
524,1980,Female,Retail Trade,Motor Vehicle and Motor Vehicle Parts Retailing,Clerical and administrative ,General Clerical ,More than 200,No,Couple with dependent children,More than 5 years,Metro
535,1980,Female,Other Services,Personal and Other Services,Clerical and administrative ,General Clerical ,More than 200,No,Couple with dependent children,More than 5 years,Metro
646,1977,Female,Health Care and Social Assistance,Hospitals,Professionals,Health Professionals,More than 200,Yes,Couple with dependent children,More than 5 years,Metro
766,1974,Female,Health Care and Social Assistance,Hospitals,Professionals,Health Professionals,More than 200,No,Couple with dependent children,More than 5 years,Metro
687,1977,Female,Health Care and Social Assistance,Medical and Other Health Care Services,Professionals,Health Professionals,More than 200,NA,Couple with dependent children,More than 5 years,Metro
446,1983,Male,Other Services,Personal and Other Services,Professionals,Health Professionals,More than 200,Yes,Couple with dependent children,More than 5 years,Metro
1161,1964,Female,"Professional, Scientific and Technical Services","Professional, Scientific and Technical Services",Professionals,Health Professionals,More than 200,No,Couple with dependent children,More than 5 years,Metro
1024,1968,Male,Health Care and Social Assistance,Residential Care Services,Professionals,Health Professionals,More than 200,Yes,Couple with dependent children,More than 5 years,Metro
120,1991,Female,"Transport, Postal and Warehousing",Air and Space Transport,Managers,"Hospitality, Retail and Service Managers",More than 200,Yes,Couple with dependent children,More than 5 years,Metro
696,1976,Male,Retail Trade,Motor Vehicle and Motor Vehicle Parts Retailing,Managers,"Hospitality, Retail and Service Managers",More than 200,Yes,Couple with dependent children,More than 5 years,Metro
1354,1960,Female,"Professional, Scientific and Technical Services",Computer System Design and Related Services,Professionals,ICT Professionals,More than 200,No,Couple with dependent children,More than 5 years,Metro
571,1979,Male,"Professional, Scientific and Technical Services",Computer System Design and Related Services,Professionals,ICT Professionals,More than 200,No,Couple with dependent children,More than 5 years,Metro
909,1970,Male,"Professional, Scientific and Technical Services",Computer System Design and Related Services,Professionals,ICT Professionals,More than 200,Yes,Couple with dependent children,More than 5 years,Metro
915,1970,Male,"Professional, Scientific and Technical Services",Computer System Design and Related Services,Professionals,ICT Professionals,More than 200,No,Couple with dependent children,More than 5 years,Metro
958,1969,Male,"Professional, Scientific and Technical Services",Computer System Design and Related Services,Professionals,ICT Professionals,More than 200,No,Couple with dependent children,More than 5 years,Metro
1373,1959,Male,"Professional, Scientific and Technical Services",Computer System Design and Related Services,Professionals,ICT Professionals,More than 200,No,Couple with dependent children,More than 5 years,Metro
1498,1955,Male,"Professional, Scientific and Technical Services",Computer System Design and Related Services,Professionals,ICT Professionals,More than 200,No,Couple with dependent children,More than 5 years,Metro
693,1976,Male,Financial and Insurance Services,Finance,Professionals,ICT Professionals,More than 200,No,Couple with dependent children,More than 5 years,Metro
779,1974,Male,Financial and Insurance Services,Finance,Professionals,ICT Professionals,More than 200,No,Couple with dependent children,More than 5 years,Metro
1143,1964,Female,Retail Trade,Food Retailing,Professionals,ICT Professionals,More than 200,Yes,Couple with dependent children,More than 5 years,Metro
301,1987,Female,Financial and Insurance Services,Insurance and Superannuation Funds,Professionals,ICT Professionals,More than 200,NA,Couple with dependent children,More than 5 years,Metro
528,1980,Male,Information Media and Telecommunications,"Internet Service Providers, Web Search Portals and Data Processing Services",Professionals,ICT Professionals,More than 200,No,Couple with dependent children,More than 5 years,Metro
1431,1957,Male,Information Media and Telecommunications,"Internet Service Providers, Web Search Portals and Data Processing Services",Professionals,ICT Professionals,More than 200,Yes,Couple with dependent children,More than 5 years,Metro
675,1977,Female,Information Media and Telecommunications,Library and Other Information Services,Professionals,ICT Professionals,More than 200,No,Couple with dependent children,More than 5 years,Metro
423,1984,Male,Health Care and Social Assistance,Medical and Other Health Care Services,Professionals,ICT Professionals,More than 200,Yes,Couple with dependent children,More than 5 years,Metro
967,1969,Male,Manufacturing,Non-Metallic Mineral Product Manufacturing,Professionals,ICT Professionals,More than 200,No,Couple with dependent children,More than 5 years,Metro
980,1969,Male,Manufacturing,Non-Metallic Mineral Product Manufacturing,Professionals,ICT Professionals,More than 200,No,Couple with dependent children,More than 5 years,Metro
990,1969,Male,Manufacturing,Non-Metallic Mineral Product Manufacturing,Professionals,ICT Professionals,More than 200,NA,Couple with dependent children,More than 5 years,Metro
1322,1960,Male,Other Services,Personal and Other Services,Professionals,ICT Professionals,More than 200,No,Couple with dependent children,More than 5 years,Metro
238,1988,Male,"Professional, Scientific and Technical Services","Professional, Scientific and Technical Services",Professionals,ICT Professionals,More than 200,Yes,Couple with dependent children,More than 5 years,Metro
349,1985,Male,"Professional, Scientific and Technical Services","Professional, Scientific and Technical Services",Professionals,ICT Professionals,More than 200,No,Couple with dependent children,More than 5 years,Metro
408,1984,Male,"Professional, Scientific and Technical Services","Professional, Scientific and Technical Services",Professionals,ICT Professionals,More than 200,Yes,Couple with dependent children,More than 5 years,Metro
606,1978,Male,Information Media and Telecommunications,Telecommunications Services,Professionals,ICT Professionals,More than 200,No,Couple with dependent children,More than 5 years,Metro
1102,1965,Male,"Professional, Scientific and Technical Services","Professional, Scientific and Technical Services",Professionals,"Legal, Social and Welfare Professionals",More than 200,Yes,Couple with dependent children,More than 5 years,Metro
390,1985,Female,Health Care and Social Assistance,Social Assistance Services,Professionals,"Legal, Social and Welfare Professionals",More than 200,NA,Couple with dependent children,More than 5 years,Metro
1005,1968,Male,Public Administration and Safety,"Public Order, Safety and Regulatory Services",Machinery operators and drivers,Machine and Stationary Plant Operators,More than 200,Yes,Couple with dependent children,More than 5 years,Metro
413,1984,Male,Manufacturing,Beverage and Tobacco Product Manufacturing,Clerical and administrative ,Numerical Clerks,More than 200,No,Couple with dependent children,More than 5 years,Metro
488,1982,Male,Retail Trade,Motor Vehicle and Motor Vehicle Parts Retailing,Clerical and administrative ,Office Managers and Program Administrators,More than 200,NA,Couple with dependent children,More than 5 years,Metro
1074,1966,Female,"Professional, Scientific and Technical Services","Professional, Scientific and Technical Services",Clerical and administrative ,Office Managers and Program Administrators,More than 200,No,Couple with dependent children,More than 5 years,Metro
548,1980,Male,Public Administration and Safety,Public Administration,Clerical and administrative ,Office Managers and Program Administrators,More than 200,No,Couple with dependent children,More than 5 years,Metro
481,1982,Female,"Transport, Postal and Warehousing",Air and Space Transport,Clerical and administrative ,Other Clerical and Administrative ,More than 200,Yes,Couple with dependent children,More than 5 years,Metro
922,1970,Female,Other Services,Personal and Other Services,Clerical and administrative ,Other Clerical and Administrative ,More than 200,No,Couple with dependent children,More than 5 years,Metro
620,1978,Female,Public Administration and Safety,Public Administration,Clerical and administrative ,Other Clerical and Administrative ,More than 200,No,Couple with dependent children,More than 5 years,Metro
321,1986,Male,Other Services,Personal and Other Services,Technicians and trades ,Other Technicians and Trades ,More than 200,Yes,Couple with dependent children,More than 5 years,Metro
444,1983,Female,Administrative and Support Services,Administrative Services,Clerical and administrative ,Personal Assistants and Secretaries,More than 200,No,Couple with dependent children,More than 5 years,Metro
762,1974,Female,Administrative and Support Services,Administrative Services,Clerical and administrative ,Personal Assistants and Secretaries,More than 200,No,Couple with dependent children,More than 5 years,Metro
1203,1963,Female,"Professional, Scientific and Technical Services","Professional, Scientific and Technical Services",Clerical and administrative ,Personal Assistants and Secretaries,More than 200,No,Couple with dependent children,More than 5 years,Metro
954,1969,Male,Public Administration and Safety,Public Administration,Community and personal service ,Protective Service ,More than 200,No,Couple with dependent children,More than 5 years,Metro
1339,1960,Male,"Transport, Postal and Warehousing",Road Transport,Machinery operators and drivers,Road and Rail Drivers,More than 200,No,Couple with dependent children,More than 5 years,Metro
144,1990,Female,Information Media and Telecommunications,Telecommunications Services,Sales ,Sales Assistants and Salespersons,More than 200,No,Couple with dependent children,More than 5 years,Metro
525,1980,Male,Manufacturing,Food Product Manufacturing,Sales ,Sales Representatives and Agents,More than 200,No,Couple with dependent children,More than 5 years,Metro
921,1970,Female,Other Services,Personal and Other Services,Sales ,Sales Representatives and Agents,More than 200,Yes,Couple with dependent children,More than 5 years,Metro
541,1980,Male,"Transport, Postal and Warehousing",Air and Space Transport,Managers,Specialist Managers,More than 200,No,Couple with dependent children,More than 5 years,Metro
308,1986,Male,"Professional, Scientific and Technical Services",Computer System Design and Related Services,Managers,Specialist Managers,More than 200,Yes,Couple with dependent children,More than 5 years,Metro
1310,1961,Male,"Professional, Scientific and Technical Services",Computer System Design and Related Services,Managers,Specialist Managers,More than 200,Yes,Couple with dependent children,More than 5 years,Metro
1430,1957,Male,Public Administration and Safety,Defence,Managers,Specialist Managers,More than 200,Yes,Couple with dependent children,More than 5 years,Metro
200,1989,Male,Financial and Insurance Services,Finance,Managers,Specialist Managers,More than 200,No,Couple with dependent children,More than 5 years,Metro
361,1985,Male,Financial and Insurance Services,Finance,Managers,Specialist Managers,More than 200,Yes,Couple with dependent children,More than 5 years,Metro
493,1981,Male,Financial and Insurance Services,Finance,Managers,Specialist Managers,More than 200,Yes,Couple with dependent children,More than 5 years,Metro
518,1981,Male,Financial and Insurance Services,Finance,Managers,Specialist Managers,More than 200,NA,Couple with dependent children,More than 5 years,Metro
630,1978,Male,Financial and Insurance Services,Finance,Managers,Specialist Managers,More than 200,No,Couple with dependent children,More than 5 years,Metro
640,1978,Male,Financial and Insurance Services,Finance,Managers,Specialist Managers,More than 200,NA,Couple with dependent children,More than 5 years,Metro
961,1969,Male,Financial and Insurance Services,Finance,Managers,Specialist Managers,More than 200,Yes,Couple with dependent children,More than 5 years,Metro
975,1969,Male,Financial and Insurance Services,Finance,Managers,Specialist Managers,More than 200,Yes,Couple with dependent children,More than 5 years,Metro
1323,1960,Male,Financial and Insurance Services,Finance,Managers,Specialist Managers,More than 200,Yes,Couple with dependent children,More than 5 years,Metro
1400,1958,Male,Financial and Insurance Services,Finance,Managers,Specialist Managers,More than 200,No,Couple with dependent children,More than 5 years,Metro
743,1975,Male,Manufacturing,Furniture and Other Manufacturing,Managers,Specialist Managers,More than 200,No,Couple with dependent children,More than 5 years,Metro
512,1981,Male,Arts and Recreation Services,Gambling Activities,Managers,Specialist Managers,More than 200,Yes,Couple with dependent children,More than 5 years,Metro
210,1989,Female,Health Care and Social Assistance,Hospitals,Managers,Specialist Managers,More than 200,Yes,Couple with dependent children,More than 5 years,Metro
844,1972,Male,Health Care and Social Assistance,Hospitals,Managers,Specialist Managers,More than 200,Yes,Couple with dependent children,More than 5 years,Metro
879,1971,Male,Health Care and Social Assistance,Medical and Other Health Care Services,Managers,Specialist Managers,More than 200,Yes,Couple with dependent children,More than 5 years,Metro
913,1970,Male,Wholesale Trade,Other Goods Wholesaling,Managers,Specialist Managers,More than 200,Yes,Couple with dependent children,More than 5 years,Metro
224,1989,Male,Retail Trade,Other Store-Based Retailing,Managers,Specialist Managers,More than 200,NA,Couple with dependent children,More than 5 years,Metro
503,1981,Female,Public Administration and Safety,Public Administration,Managers,Specialist Managers,More than 200,Yes,Couple with dependent children,More than 5 years,Metro
448,1983,Male,"Transport, Postal and Warehousing",Rail Transport,Managers,Specialist Managers,More than 200,Yes,Couple with dependent children,More than 5 years,Metro
458,1983,Male,"Transport, Postal and Warehousing",Rail Transport,Managers,Specialist Managers,More than 200,NA,Couple with dependent children,More than 5 years,Metro
722,1975,Male,Information Media and Telecommunications,Telecommunications Services,Managers,Specialist Managers,More than 200,Yes,Couple with dependent children,More than 5 years,Metro
790,1973,Male,Information Media and Telecommunications,Telecommunications Services,Managers,Specialist Managers,More than 200,Yes,Couple with dependent children,More than 5 years,Metro
1368,1959,Male,Arts and Recreation Services,Creative and Performing Arts Activities,Professionals,Arts and Media Professionals,Between 1 and 4,Yes,Couple with no dependent children,More than 5 years,Metro
1401,1958,Male,Other Services,Personal and Other Services,Professionals,"Business, Human Resource and Marketing Professionals",Between 1 and 4,Yes,Couple with no dependent children,More than 5 years,Metro
1121,1965,Female,Education and Training,"Adult, Community and Other Education",Managers,"Chief Executives, General Managers and Legislators",Between 1 and 4,Yes,Couple with no dependent children,More than 5 years,Metro
1133,1965,Female,Education and Training,"Adult, Community and Other Education",Managers,"Chief Executives, General Managers and Legislators",Between 1 and 4,Yes,Couple with no dependent children,More than 5 years,Metro
1436,1957,Male,Arts and Recreation Services,Creative and Performing Arts Activities,Managers,"Chief Executives, General Managers and Legislators",Between 1 and 4,Yes,Couple with no dependent children,More than 5 years,Metro
999,1968,Male,Wholesale Trade,Other Goods Wholesaling,Managers,"Chief Executives, General Managers and Legislators",Between 1 and 4,Yes,Couple with no dependent children,More than 5 years,Metro
1147,1964,Male,Retail Trade,Other Store-Based Retailing,Managers,"Chief Executives, General Managers and Legislators",Between 1 and 4,Yes,Couple with no dependent children,More than 5 years,Metro
1407,1958,Male,"Professional, Scientific and Technical Services","Professional, Scientific and Technical Services",Managers,"Chief Executives, General Managers and Legislators",Between 1 and 4,Yes,Couple with no dependent children,More than 5 years,Metro
864,1971,Female,"Transport, Postal and Warehousing",Road Transport,Clerical and administrative ,Clerical and Office Support ,Between 1 and 4,No,Couple with no dependent children,More than 5 years,Metro
1480,1956,Male,Construction,Construction Services,Professionals,"Design, Engineering, Science and Transport Professionals",Between 1 and 4,No,Couple with no dependent children,More than 5 years,Metro
1272,1961,Male,"Professional, Scientific and Technical Services",Computer System Design and Related Services,Professionals,ICT Professionals,Between 1 and 4,Yes,Couple with no dependent children,More than 5 years,Metro
1464,1957,Male,"Agriculture, Forestry and Fishing",Forestry and Logging,Machinery operators and drivers,Mobile Plant Operators,Between 1 and 4,NA,Couple with no dependent children,More than 5 years,Metro
1106,1965,Female,Administrative and Support Services,Administrative Services,Clerical and administrative ,Office Managers and Program Administrators,Between 1 and 4,No,Couple with no dependent children,More than 5 years,Metro
874,1971,Female,Administrative and Support Services,Administrative Services,Clerical and administrative ,Personal Assistants and Secretaries,Between 1 and 4,No,Couple with no dependent children,More than 5 years,Metro
901,1971,Female,Administrative and Support Services,Administrative Services,Clerical and administrative ,Personal Assistants and Secretaries,Between 1 and 4,No,Couple with no dependent children,More than 5 years,Metro
1283,1961,Female,Other Services,Personal and Other Services,Clerical and administrative ,Personal Assistants and Secretaries,Between 1 and 4,No,Couple with no dependent children,More than 5 years,Metro
1111,1965,Male,"Rental, Hiring and Real Estate Services",Rental and Hiring Services (except Real Estate),Managers,Specialist Managers,Between 1 and 4,No,Couple with no dependent children,More than 5 years,Metro
198,1989,Male,Education and Training,Preschool and School Education,Community and personal service ,Sports and Personal Service ,Between 1 and 4,Yes,Couple with no dependent children,More than 5 years,Metro
96,1992,Female,"Professional, Scientific and Technical Services","Professional, Scientific and Technical Services",Professionals,Arts and Media Professionals,Between 20 and 199,Yes,Couple with no dependent children,More than 5 years,Metro
1239,1962,Male,"Professional, Scientific and Technical Services","Professional, Scientific and Technical Services",Professionals,Arts and Media Professionals,Between 20 and 199,No,Couple with no dependent children,More than 5 years,Metro
239,1988,Female,Information Media and Telecommunications,Publishing (except Internet and Music Publishing),Professionals,Arts and Media Professionals,Between 20 and 199,Yes,Couple with no dependent children,More than 5 years,Metro
285,1987,Male,"Professional, Scientific and Technical Services","Professional, Scientific and Technical Services",Professionals,"Business, Human Resource and Marketing Professionals",Between 20 and 199,No,Couple with no dependent children,More than 5 years,Metro
527,1980,Male,"Professional, Scientific and Technical Services","Professional, Scientific and Technical Services",Professionals,"Business, Human Resource and Marketing Professionals",Between 20 and 199,Yes,Couple with no dependent children,More than 5 years,Metro
1235,1962,Female,Health Care and Social Assistance,Social Assistance Services,Professionals,"Business, Human Resource and Marketing Professionals",Between 20 and 199,No,Couple with no dependent children,More than 5 years,Metro
1321,1960,Male,"Professional, Scientific and Technical Services",Computer System Design and Related Services,Managers,"Chief Executives, General Managers and Legislators",Between 20 and 199,No,Couple with no dependent children,More than 5 years,Metro
544,1980,Male,Financial and Insurance Services,Finance,Managers,"Chief Executives, General Managers and Legislators",Between 20 and 199,Yes,Couple with no dependent children,More than 5 years,Metro
904,1971,Male,Financial and Insurance Services,Finance,Managers,"Chief Executives, General Managers and Legislators",Between 20 and 199,NA,Couple with no dependent children,More than 5 years,Metro
1221,1963,Male,Wholesale Trade,Machinery and Equipment Wholesaling,Managers,"Chief Executives, General Managers and Legislators",Between 20 and 199,Yes,Couple with no dependent children,More than 5 years,Metro
1155,1964,Male,Other Services,Personal and Other Services,Managers,"Chief Executives, General Managers and Legislators",Between 20 and 199,Yes,Couple with no dependent children,More than 5 years,Metro
1274,1961,Male,Manufacturing,Polymer Product and Rubber Product Manufacturing,Managers,"Chief Executives, General Managers and Legislators",Between 20 and 199,Yes,Couple with no dependent children,More than 5 years,Metro
399,1984,Male,"Professional, Scientific and Technical Services","Professional, Scientific and Technical Services",Managers,"Chief Executives, General Managers and Legislators",Between 20 and 199,Yes,Couple with no dependent children,More than 5 years,Metro
873,1971,Male,"Professional, Scientific and Technical Services","Professional, Scientific and Technical Services",Managers,"Chief Executives, General Managers and Legislators",Between 20 and 199,Yes,Couple with no dependent children,More than 5 years,Metro
963,1969,Male,Health Care and Social Assistance,Social Assistance Services,Managers,"Chief Executives, General Managers and Legislators",Between 20 and 199,Yes,Couple with no dependent children,More than 5 years,Metro
1179,1964,Female,Financial and Insurance Services,Finance,Clerical and administrative ,Clerical and Office Support ,Between 20 and 199,No,Couple with no dependent children,More than 5 years,Metro
1229,1963,Female,Education and Training,Preschool and School Education,Clerical and administrative ,Clerical and Office Support ,Between 20 and 199,NA,Couple with no dependent children,More than 5 years,Metro
1457,1957,Male,Public Administration and Safety,Public Administration,Clerical and administrative ,Clerical and Office Support ,Between 20 and 199,Yes,Couple with no dependent children,More than 5 years,Metro
765,1974,Female,Arts and Recreation Services,Heritage Activities,Professionals,"Design, Engineering, Science and Transport Professionals",Between 20 and 199,No,Couple with no dependent children,More than 5 years,Metro
1125,1965,Male,Other Services,Personal and Other Services,Professionals,"Design, Engineering, Science and Transport Professionals",Between 20 and 199,No,Couple with no dependent children,More than 5 years,Metro
1418,1958,Female,Education and Training,Preschool and School Education,Professionals,Education Professionals,Between 20 and 199,Yes,Couple with no dependent children,More than 5 years,Metro
1353,1960,Male,Administrative and Support Services,Administrative Services,Clerical and administrative ,General Clerical ,Between 20 and 199,No,Couple with no dependent children,More than 5 years,Metro
1170,1964,Female,Health Care and Social Assistance,Residential Care Services,Professionals,Health Professionals,Between 20 and 199,No,Couple with no dependent children,More than 5 years,Metro
754,1975,Male,Health Care and Social Assistance,Residential Care Services,Professionals,Health Professionals,Between 20 and 199,Yes,Couple with no dependent children,More than 5 years,Metro
1238,1962,Male,Information Media and Telecommunications,"Internet Service Providers, Web Search Portals and Data Processing Services",Professionals,ICT Professionals,Between 20 and 199,No,Couple with no dependent children,More than 5 years,Metro
1357,1960,Male,Other Services,Personal and Other Services,Professionals,ICT Professionals,Between 20 and 199,No,Couple with no dependent children,More than 5 years,Metro
1267,1962,Male,Information Media and Telecommunications,Telecommunications Services,Professionals,ICT Professionals,Between 20 and 199,NA,Couple with no dependent children,More than 5 years,Metro
1087,1966,Female,Construction,Heavy and Civil Engineering Construction,Clerical and administrative ,Office Managers and Program Administrators,Between 20 and 199,Yes,Couple with no dependent children,More than 5 years,Metro
1328,1960,Male,Information Media and Telecommunications,Motion Picture and Sound Recording Activities,Clerical and administrative ,Office Managers and Program Administrators,Between 20 and 199,Yes,Couple with no dependent children,More than 5 years,Metro
1263,1962,Female,Education and Training,Preschool and School Education,Technicians and trades ,Other Technicians and Trades ,Between 20 and 199,No,Couple with no dependent children,More than 5 years,Metro
735,1975,Female,Other Services,Personal and Other Services,Clerical and administrative ,Personal Assistants and Secretaries,Between 20 and 199,No,Couple with no dependent children,More than 5 years,Metro
476,1982,Female,Financial and Insurance Services,Insurance and Superannuation Funds,Sales ,Sales Representatives and Agents,Between 20 and 199,No,Couple with no dependent children,More than 5 years,Metro
1206,1963,Female,Other Services,Personal and Other Services,Sales ,Sales Representatives and Agents,Between 20 and 199,No,Couple with no dependent children,More than 5 years,Metro
1181,1964,Male,"Professional, Scientific and Technical Services","Professional, Scientific and Technical Services",Sales ,Sales Representatives and Agents,Between 20 and 199,No,Couple with no dependent children,More than 5 years,Metro
1168,1964,Female,Information Media and Telecommunications,Telecommunications Services,Sales ,Sales Representatives and Agents,Between 20 and 199,No,Couple with no dependent children,More than 5 years,Metro
204,1989,Female,Administrative and Support Services,Administrative Services,Managers,Specialist Managers,Between 20 and 199,Yes,Couple with no dependent children,More than 5 years,Metro
1277,1961,Male,Manufacturing,Machinery and Equipment Manufacturing,Managers,Specialist Managers,Between 20 and 199,Yes,Couple with no dependent children,More than 5 years,Metro
1300,1961,Male,Wholesale Trade,Motor Vehicle and Motor Vehicle Parts Wholesaling,Managers,Specialist Managers,Between 20 and 199,No,Couple with no dependent children,More than 5 years,Metro
594,1979,Male,"Rental, Hiring and Real Estate Services",Property Operators and Real Estate Services,Managers,Specialist Managers,Between 20 and 199,NA,Couple with no dependent children,More than 5 years,Metro
610,1978,Male,Education and Training,Tertiary Education,Managers,Specialist Managers,Between 20 and 199,Yes,Couple with no dependent children,More than 5 years,Metro
1427,1958,Female,Education and Training,"Adult, Community and Other Education",Managers,"Chief Executives, General Managers and Legislators",Between 5 and 19,NA,Couple with no dependent children,More than 5 years,Metro
1160,1964,Male,Financial and Insurance Services,Auxiliary Finance and Insurance Services,Managers,"Chief Executives, General Managers and Legislators",Between 5 and 19,Yes,Couple with no dependent children,More than 5 years,Metro
604,1978,Male,Arts and Recreation Services,Creative and Performing Arts Activities,Managers,"Chief Executives, General Managers and Legislators",Between 5 and 19,Yes,Couple with no dependent children,More than 5 years,Metro
811,1973,Male,Arts and Recreation Services,Creative and Performing Arts Activities,Managers,"Chief Executives, General Managers and Legislators",Between 5 and 19,Yes,Couple with no dependent children,More than 5 years,Metro
1041,1967,Male,Financial and Insurance Services,Finance,Managers,"Chief Executives, General Managers and Legislators",Between 5 and 19,Yes,Couple with no dependent children,More than 5 years,Metro
1317,1960,Female,Retail Trade,Other Store-Based Retailing,Managers,"Chief Executives, General Managers and Legislators",Between 5 and 19,Yes,Couple with no dependent children,More than 5 years,Metro
994,1968,Male,"Professional, Scientific and Technical Services","Professional, Scientific and Technical Services",Managers,"Chief Executives, General Managers and Legislators",Between 5 and 19,Yes,Couple with no dependent children,More than 5 years,Metro
996,1968,Male,Public Administration and Safety,Public Administration,Managers,"Chief Executives, General Managers and Legislators",Between 5 and 19,Yes,Couple with no dependent children,More than 5 years,Metro
1326,1960,Male,"Professional, Scientific and Technical Services","Professional, Scientific and Technical Services",Professionals,"Design, Engineering, Science and Transport Professionals",Between 5 and 19,Yes,Couple with no dependent children,More than 5 years,Metro
1416,1958,Male,"Professional, Scientific and Technical Services","Professional, Scientific and Technical Services",Professionals,"Design, Engineering, Science and Transport Professionals",Between 5 and 19,Yes,Couple with no dependent children,More than 5 years,Metro
643,1977,Male,Information Media and Telecommunications,Telecommunications Services,Professionals,"Design, Engineering, Science and Transport Professionals",Between 5 and 19,Yes,Couple with no dependent children,More than 5 years,Metro
477,1982,Male,"Professional, Scientific and Technical Services","Professional, Scientific and Technical Services",Professionals,Education Professionals,Between 5 and 19,Yes,Couple with no dependent children,More than 5 years,Metro
656,1977,Male,Information Media and Telecommunications,"Internet Service Providers, Web Search Portals and Data Processing Services",Technicians and trades ,"Engineering, ICT and Science Technicians",Between 5 and 19,No,Couple with no dependent children,More than 5 years,Metro
787,1974,Female,"Professional, Scientific and Technical Services","Professional, Scientific and Technical Services",Clerical and administrative ,General Clerical ,Between 5 and 19,NA,Couple with no dependent children,More than 5 years,Metro
756,1975,Female,Public Administration and Safety,Public Administration,Clerical and administrative ,General Clerical ,Between 5 and 19,Yes,Couple with no dependent children,More than 5 years,Metro
1158,1964,Female,Health Care and Social Assistance,Social Assistance Services,Community and personal service ,Health and Welfare Support ,Between 5 and 19,No,Couple with no dependent children,More than 5 years,Metro
1271,1961,Female,Health Care and Social Assistance,Medical and Other Health Care Services,Professionals,Health Professionals,Between 5 and 19,No,Couple with no dependent children,More than 5 years,Metro
1335,1960,Male,Health Care and Social Assistance,Medical and Other Health Care Services,Professionals,Health Professionals,Between 5 and 19,No,Couple with no dependent children,More than 5 years,Metro
78,1993,Female,Accommodation and Food Services,Food and Beverage Services,Managers,"Hospitality, Retail and Service Managers",Between 5 and 19,Yes,Couple with no dependent children,More than 5 years,Metro
1051,1967,Female,Retail Trade,Other Store-Based Retailing,Managers,"Hospitality, Retail and Service Managers",Between 5 and 19,No,Couple with no dependent children,More than 5 years,Metro
964,1969,Male,"Professional, Scientific and Technical Services",Computer System Design and Related Services,Professionals,ICT Professionals,Between 5 and 19,Yes,Couple with no dependent children,More than 5 years,Metro
1261,1962,Male,"Professional, Scientific and Technical Services",Computer System Design and Related Services,Professionals,ICT Professionals,Between 5 and 19,Yes,Couple with no dependent children,More than 5 years,Metro
944,1970,Male,Information Media and Telecommunications,"Internet Service Providers, Web Search Portals and Data Processing Services",Professionals,ICT Professionals,Between 5 and 19,No,Couple with no dependent children,More than 5 years,Metro
853,1972,Female,Other Services,Repair and Maintenance,Clerical and administrative ,Office Managers and Program Administrators,Between 5 and 19,Yes,Couple with no dependent children,More than 5 years,Metro
1385,1959,Male,Financial and Insurance Services,Finance,Managers,Specialist Managers,Between 5 and 19,Yes,Couple with no dependent children,More than 5 years,Metro
1026,1968,Female,Wholesale Trade,Other Goods Wholesaling,Managers,Specialist Managers,Between 5 and 19,Yes,Couple with no dependent children,More than 5 years,Metro
111,1991,Male,"Transport, Postal and Warehousing",Other Transport,Managers,Specialist Managers,Between 5 and 19,Yes,Couple with no dependent children,More than 5 years,Metro
1356,1960,Female,"Professional, Scientific and Technical Services","Professional, Scientific and Technical Services",Managers,Specialist Managers,Between 5 and 19,No,Couple with no dependent children,More than 5 years,Metro
1502,1955,Male,Financial and Insurance Services,Auxiliary Finance and Insurance Services,Professionals,"Business, Human Resource and Marketing Professionals",I am the only employee,Yes,Couple with no dependent children,More than 5 years,Metro
1472,1956,Male,"Professional, Scientific and Technical Services","Professional, Scientific and Technical Services",Professionals,"Legal, Social and Welfare Professionals",I am the only employee,No,Couple with no dependent children,More than 5 years,Metro
462,1982,Female,Other Services,Personal and Other Services,Community and personal service ,Sports and Personal Service ,I am the only employee,No,Couple with no dependent children,More than 5 years,Metro
275,1987,Female,Information Media and Telecommunications,Broadcasting (except Internet),Professionals,Arts and Media Professionals,More than 200,No,Couple with no dependent children,More than 5 years,Metro
1428,1958,Male,Information Media and Telecommunications,Broadcasting (except Internet),Professionals,Arts and Media Professionals,More than 200,NA,Couple with no dependent children,More than 5 years,Metro
731,1975,Male,Public Administration and Safety,Defence,Professionals,"Business, Human Resource and Marketing Professionals",More than 200,No,Couple with no dependent children,More than 5 years,Metro
1419,1958,Female,Financial and Insurance Services,Finance,Professionals,"Business, Human Resource and Marketing Professionals",More than 200,Yes,Couple with no dependent children,More than 5 years,Metro
186,1989,Male,Financial and Insurance Services,Finance,Professionals,"Business, Human Resource and Marketing Professionals",More than 200,No,Couple with no dependent children,More than 5 years,Metro
197,1989,Male,Financial and Insurance Services,Finance,Professionals,"Business, Human Resource and Marketing Professionals",More than 200,No,Couple with no dependent children,More than 5 years,Metro
483,1982,Female,Financial and Insurance Services,Insurance and Superannuation Funds,Professionals,"Business, Human Resource and Marketing Professionals",More than 200,Yes,Couple with no dependent children,More than 5 years,Metro
199,1989,Male,Financial and Insurance Services,Insurance and Superannuation Funds,Professionals,"Business, Human Resource and Marketing Professionals",More than 200,No,Couple with no dependent children,More than 5 years,Metro
1113,1965,Male,Financial and Insurance Services,Insurance and Superannuation Funds,Professionals,"Business, Human Resource and Marketing Professionals",More than 200,Yes,Couple with no dependent children,More than 5 years,Metro
1454,1957,Male,Financial and Insurance Services,Insurance and Superannuation Funds,Professionals,"Business, Human Resource and Marketing Professionals",More than 200,No,Couple with no dependent children,More than 5 years,Metro
510,1981,Male,Retail Trade,Other Store-Based Retailing,Professionals,"Business, Human Resource and Marketing Professionals",More than 200,Yes,Couple with no dependent children,More than 5 years,Metro
1475,1956,Female,"Professional, Scientific and Technical Services","Professional, Scientific and Technical Services",Professionals,"Business, Human Resource and Marketing Professionals",More than 200,Yes,Couple with no dependent children,More than 5 years,Metro
1334,1960,Female,"Transport, Postal and Warehousing",Air and Space Transport,Managers,"Chief Executives, General Managers and Legislators",More than 200,Yes,Couple with no dependent children,More than 5 years,Metro
485,1982,Female,Financial and Insurance Services,Finance,Managers,"Chief Executives, General Managers and Legislators",More than 200,Yes,Couple with no dependent children,More than 5 years,Metro
114,1991,Male,Financial and Insurance Services,Finance,Managers,"Chief Executives, General Managers and Legislators",More than 200,Yes,Couple with no dependent children,More than 5 years,Metro
1084,1966,Male,Financial and Insurance Services,Finance,Managers,"Chief Executives, General Managers and Legislators",More than 200,Yes,Couple with no dependent children,More than 5 years,Metro
1488,1956,Male,Manufacturing,Food Product Manufacturing,Managers,"Chief Executives, General Managers and Legislators",More than 200,No,Couple with no dependent children,More than 5 years,Metro
1114,1965,Male,Manufacturing,Furniture and Other Manufacturing,Managers,"Chief Executives, General Managers and Legislators",More than 200,Yes,Couple with no dependent children,More than 5 years,Metro
173,1990,Male,Other Services,Personal and Other Services,Managers,"Chief Executives, General Managers and Legislators",More than 200,Yes,Couple with no dependent children,More than 5 years,Metro
1055,1967,Male,Information Media and Telecommunications,Telecommunications Services,Managers,"Chief Executives, General Managers and Legislators",More than 200,Yes,Couple with no dependent children,More than 5 years,Metro
1010,1968,Female,Financial and Insurance Services,Finance,Clerical and administrative ,Clerical and Office Support ,More than 200,No,Couple with no dependent children,More than 5 years,Metro
1080,1966,Female,Education and Training,Preschool and School Education,Clerical and administrative ,Clerical and Office Support ,More than 200,No,Couple with no dependent children,More than 5 years,Metro
649,1977,Female,Health Care and Social Assistance,Social Assistance Services,Clerical and administrative ,Clerical and Office Support ,More than 200,No,Couple with no dependent children,More than 5 years,Metro
667,1977,Female,Health Care and Social Assistance,Social Assistance Services,Clerical and administrative ,Clerical and Office Support ,More than 200,No,Couple with no dependent children,More than 5 years,Metro
1501,1955,Female,Health Care and Social Assistance,Social Assistance Services,Clerical and administrative ,Clerical and Office Support ,More than 200,No,Couple with no dependent children,More than 5 years,Metro
1484,1956,Female,Arts and Recreation Services,Sports and Recreation Activities,Clerical and administrative ,Clerical and Office Support ,More than 200,No,Couple with no dependent children,More than 5 years,Metro
410,1984,Male,Information Media and Telecommunications,Telecommunications Services,Clerical and administrative ,Clerical and Office Support ,More than 200,No,Couple with no dependent children,More than 5 years,Metro
376,1985,Male,"Transport, Postal and Warehousing",Air and Space Transport,Professionals,"Design, Engineering, Science and Transport Professionals",More than 200,Yes,Couple with no dependent children,More than 5 years,Metro
121,1991,Male,"Professional, Scientific and Technical Services",Computer System Design and Related Services,Professionals,"Design, Engineering, Science and Transport Professionals",More than 200,No,Couple with no dependent children,More than 5 years,Metro
1231,1962,Male,Financial and Insurance Services,Finance,Professionals,"Design, Engineering, Science and Transport Professionals",More than 200,Yes,Couple with no dependent children,More than 5 years,Metro
1432,1957,Male,Retail Trade,Other Store-Based Retailing,Professionals,"Design, Engineering, Science and Transport Professionals",More than 200,No,Couple with no dependent children,More than 5 years,Metro
1451,1957,Male,Manufacturing,Petroleum and Coal Product Manufacturing,Professionals,"Design, Engineering, Science and Transport Professionals",More than 200,No,Couple with no dependent children,More than 5 years,Metro
1358,1960,Female,"Professional, Scientific and Technical Services","Professional, Scientific and Technical Services",Professionals,"Design, Engineering, Science and Transport Professionals",More than 200,No,Couple with no dependent children,More than 5 years,Metro
1362,1960,Female,"Professional, Scientific and Technical Services","Professional, Scientific and Technical Services",Professionals,"Design, Engineering, Science and Transport Professionals",More than 200,NA,Couple with no dependent children,More than 5 years,Metro
698,1976,Male,"Transport, Postal and Warehousing",Warehousing and Storage Services,Professionals,"Design, Engineering, Science and Transport Professionals",More than 200,Yes,Couple with no dependent children,More than 5 years,Metro
973,1969,Female,Education and Training,Preschool and School Education,Professionals,Education Professionals,More than 200,Yes,Couple with no dependent children,More than 5 years,Metro
1406,1958,Female,Education and Training,Tertiary Education,Professionals,Education Professionals,More than 200,No,Couple with no dependent children,More than 5 years,Metro
876,1971,Male,Education and Training,Tertiary Education,Professionals,Education Professionals,More than 200,Yes,Couple with no dependent children,More than 5 years,Metro
1135,1965,Male,Education and Training,Tertiary Education,Professionals,Education Professionals,More than 200,Yes,Couple with no dependent children,More than 5 years,Metro
1412,1958,Male,Education and Training,Tertiary Education,Professionals,Education Professionals,More than 200,Yes,Couple with no dependent children,More than 5 years,Metro
1424,1958,Male,Education and Training,Tertiary Education,Professionals,Education Professionals,More than 200,Yes,Couple with no dependent children,More than 5 years,Metro
1438,1957,Male,Education and Training,Tertiary Education,Professionals,Education Professionals,More than 200,No,Couple with no dependent children,More than 5 years,Metro
1466,1956,Male,Education and Training,Tertiary Education,Professionals,Education Professionals,More than 200,Yes,Couple with no dependent children,More than 5 years,Metro
1319,1960,Male,"Transport, Postal and Warehousing",Transport Support Services,Professionals,Education Professionals,More than 200,Yes,Couple with no dependent children,More than 5 years,Metro
1025,1968,Female,Health Care and Social Assistance,Medical and Other Health Care Services,Technicians and trades ,Electrotechnology and Telecommunications Trades ,More than 200,Yes,Couple with no dependent children,More than 5 years,Metro
946,1970,Male,Information Media and Telecommunications,Telecommunications Services,Technicians and trades ,Electrotechnology and Telecommunications Trades ,More than 200,No,Couple with no dependent children,More than 5 years,Metro
502,1981,Female,"Professional, Scientific and Technical Services","Professional, Scientific and Technical Services",Technicians and trades ,"Engineering, ICT and Science Technicians",More than 200,No,Couple with no dependent children,More than 5 years,Metro
1244,1962,Male,Public Administration and Safety,Public Administration,Community and personal service ,Health and Welfare Support ,More than 200,Yes,Couple with no dependent children,More than 5 years,Metro
1409,1958,Female,Financial and Insurance Services,Insurance and Superannuation Funds,Professionals,Health Professionals,More than 200,Yes,Couple with no dependent children,More than 5 years,Metro
1199,1963,Male,Health Care and Social Assistance,Medical and Other Health Care Services,Professionals,Health Professionals,More than 200,Yes,Couple with no dependent children,More than 5 years,Metro
977,1969,Female,"Professional, Scientific and Technical Services","Professional, Scientific and Technical Services",Community and personal service ,Hospitality ,More than 200,No,Couple with no dependent children,More than 5 years,Metro
1443,1957,Female,Administrative and Support Services,Administrative Services,Managers,"Hospitality, Retail and Service Managers",More than 200,Yes,Couple with no dependent children,More than 5 years,Metro
205,1989,Male,"Transport, Postal and Warehousing",Air and Space Transport,Managers,"Hospitality, Retail and Service Managers",More than 200,Yes,Couple with no dependent children,More than 5 years,Metro
710,1976,Female,Accommodation and Food Services,Food and Beverage Services,Managers,"Hospitality, Retail and Service Managers",More than 200,Yes,Couple with no dependent children,More than 5 years,Metro
1201,1963,Male,Accommodation and Food Services,Food and Beverage Services,Managers,"Hospitality, Retail and Service Managers",More than 200,Yes,Couple with no dependent children,More than 5 years,Metro
375,1985,Male,Information Media and Telecommunications,Telecommunications Services,Managers,"Hospitality, Retail and Service Managers",More than 200,Yes,Couple with no dependent children,More than 5 years,Metro
819,1973,Male,"Professional, Scientific and Technical Services",Computer System Design and Related Services,Professionals,ICT Professionals,More than 200,No,Couple with no dependent children,More than 5 years,Metro
898,1971,Male,"Professional, Scientific and Technical Services",Computer System Design and Related Services,Professionals,ICT Professionals,More than 200,Yes,Couple with no dependent children,More than 5 years,Metro
970,1969,Male,"Professional, Scientific and Technical Services",Computer System Design and Related Services,Professionals,ICT Professionals,More than 200,No,Couple with no dependent children,More than 5 years,Metro
1348,1960,Male,"Professional, Scientific and Technical Services",Computer System Design and Related Services,Professionals,ICT Professionals,More than 200,No,Couple with no dependent children,More than 5 years,Metro
317,1986,Male,Financial and Insurance Services,Finance,Professionals,ICT Professionals,More than 200,No,Couple with no dependent children,More than 5 years,Metro
1336,1960,Female,Health Care and Social Assistance,Hospitals,Professionals,ICT Professionals,More than 200,No,Couple with no dependent children,More than 5 years,Metro
1255,1962,Male,"Professional, Scientific and Technical Services","Professional, Scientific and Technical Services",Professionals,ICT Professionals,More than 200,Yes,Couple with no dependent children,More than 5 years,Metro
1002,1968,Female,Education and Training,Tertiary Education,Professionals,ICT Professionals,More than 200,No,Couple with no dependent children,More than 5 years,Metro
871,1971,Male,Financial and Insurance Services,Insurance and Superannuation Funds,Professionals,"Legal, Social and Welfare Professionals",More than 200,No,Couple with no dependent children,More than 5 years,Metro
1246,1962,Female,"Professional, Scientific and Technical Services","Professional, Scientific and Technical Services",Professionals,"Legal, Social and Welfare Professionals",More than 200,Yes,Couple with no dependent children,More than 5 years,Metro
1240,1962,Male,"Professional, Scientific and Technical Services","Professional, Scientific and Technical Services",Professionals,"Legal, Social and Welfare Professionals",More than 200,Yes,Couple with no dependent children,More than 5 years,Metro
1420,1958,Male,"Professional, Scientific and Technical Services","Professional, Scientific and Technical Services",Professionals,"Legal, Social and Welfare Professionals",More than 200,No,Couple with no dependent children,More than 5 years,Metro
1096,1966,Female,Public Administration and Safety,Public Administration,Professionals,"Legal, Social and Welfare Professionals",More than 200,No,Couple with no dependent children,More than 5 years,Metro
1352,1960,Male,Other Services,Personal and Other Services,Clerical and administrative ,Other Clerical and Administrative ,More than 200,No,Couple with no dependent children,More than 5 years,Metro
900,1971,Female,Public Administration and Safety,Public Administration,Clerical and administrative ,Other Clerical and Administrative ,More than 200,No,Couple with no dependent children,More than 5 years,Metro
1225,1963,Female,Public Administration and Safety,Public Administration,Clerical and administrative ,Other Clerical and Administrative ,More than 200,No,Couple with no dependent children,More than 5 years,Metro
1192,1963,Male,Public Administration and Safety,Public Administration,Clerical and administrative ,Other Clerical and Administrative ,More than 200,No,Couple with no dependent children,More than 5 years,Metro
920,1970,Male,Public Administration and Safety,Defence,Technicians and trades ,Other Technicians and Trades ,More than 200,No,Couple with no dependent children,More than 5 years,Metro
1249,1962,Female,Education and Training,Preschool and School Education,Technicians and trades ,Other Technicians and Trades ,More than 200,No,Couple with no dependent children,More than 5 years,Metro
717,1976,Female,Administrative and Support Services,Administrative Services,Clerical and administrative ,Personal Assistants and Secretaries,More than 200,No,Couple with no dependent children,More than 5 years,Metro
1382,1959,Female,Education and Training,"Adult, Community and Other Education",Clerical and administrative ,Personal Assistants and Secretaries,More than 200,Yes,Couple with no dependent children,More than 5 years,Metro
428,1984,Female,Financial and Insurance Services,Finance,Clerical and administrative ,Personal Assistants and Secretaries,More than 200,NA,Couple with no dependent children,More than 5 years,Metro
283,1987,Female,Other Services,Personal and Other Services,Clerical and administrative ,Personal Assistants and Secretaries,More than 200,No,Couple with no dependent children,More than 5 years,Metro
1081,1966,Female,Public Administration and Safety,Public Administration,Clerical and administrative ,Personal Assistants and Secretaries,More than 200,Yes,Couple with no dependent children,More than 5 years,Metro
164,1990,Male,Other Services,Personal and Other Services,Community and personal service ,Protective Service ,More than 200,Yes,Couple with no dependent children,More than 5 years,Metro
1304,1961,Male,Financial and Insurance Services,Insurance and Superannuation Funds,Sales ,Sales Assistants and Salespersons,More than 200,No,Couple with no dependent children,More than 5 years,Metro
992,1969,Female,Retail Trade,Non-Store Retailing and Retail Commission-Based Buying and/or Selling,Sales ,Sales Assistants and Salespersons,More than 200,NA,Couple with no dependent children,More than 5 years,Metro
352,1985,Male,Financial and Insurance Services,Finance,Sales ,Sales Representatives and Agents,More than 200,No,Couple with no dependent children,More than 5 years,Metro
1116,1965,Male,Financial and Insurance Services,Finance,Sales ,Sales Representatives and Agents,More than 200,Yes,Couple with no dependent children,More than 5 years,Metro
1448,1957,Male,Financial and Insurance Services,Insurance and Superannuation Funds,Sales ,Sales Representatives and Agents,More than 200,No,Couple with no dependent children,More than 5 years,Metro
439,1983,Male,Retail Trade,Other Store-Based Retailing,Sales ,Sales Representatives and Agents,More than 200,No,Couple with no dependent children,More than 5 years,Metro
1224,1963,Male,Retail Trade,Other Store-Based Retailing,Sales ,Sales Representatives and Agents,More than 200,No,Couple with no dependent children,More than 5 years,Metro
887,1971,Male,Manufacturing,Beverage and Tobacco Product Manufacturing,Sales ,Sales Support ,More than 200,No,Couple with no dependent children,More than 5 years,Metro
447,1983,Male,Information Media and Telecommunications,"Internet Service Providers, Web Search Portals and Data Processing Services",Sales ,Sales Support ,More than 200,No,Couple with no dependent children,More than 5 years,Metro
987,1969,Female,Retail Trade,Non-Store Retailing and Retail Commission-Based Buying and/or Selling,Sales ,Sales Support ,More than 200,Yes,Couple with no dependent children,More than 5 years,Metro
545,1980,Male,Information Media and Telecommunications,Telecommunications Services,Sales ,Sales Support ,More than 200,No,Couple with no dependent children,More than 5 years,Metro
328,1986,Male,Education and Training,"Adult, Community and Other Education",Managers,Specialist Managers,More than 200,No,Couple with no dependent children,More than 5 years,Metro
1410,1958,Female,"Agriculture, Forestry and Fishing",Agriculture,Managers,Specialist Managers,More than 200,Yes,Couple with no dependent children,More than 5 years,Metro
196,1989,Male,"Transport, Postal and Warehousing",Air and Space Transport,Managers,Specialist Managers,More than 200,Yes,Couple with no dependent children,More than 5 years,Metro
471,1982,Male,"Professional, Scientific and Technical Services",Computer System Design and Related Services,Managers,Specialist Managers,More than 200,Yes,Couple with no dependent children,More than 5 years,Metro
1299,1961,Male,"Professional, Scientific and Technical Services",Computer System Design and Related Services,Managers,Specialist Managers,More than 200,No,Couple with no dependent children,More than 5 years,Metro
1063,1966,Female,Arts and Recreation Services,Creative and Performing Arts Activities,Managers,Specialist Managers,More than 200,Yes,Couple with no dependent children,More than 5 years,Metro
1016,1968,Male,Public Administration and Safety,Defence,Managers,Specialist Managers,More than 200,Yes,Couple with no dependent children,More than 5 years,Metro
1269,1961,Male,"Electricity, Gas, Water and Waste Services",Electricity Supply,Managers,Specialist Managers,More than 200,No,Couple with no dependent children,More than 5 years,Metro
1289,1961,Male,"Electricity, Gas, Water and Waste Services",Electricity Supply,Managers,Specialist Managers,More than 200,Yes,Couple with no dependent children,More than 5 years,Metro
191,1989,Female,Financial and Insurance Services,Finance,Managers,Specialist Managers,More than 200,Yes,Couple with no dependent children,More than 5 years,Metro
968,1969,Male,Financial and Insurance Services,Finance,Managers,Specialist Managers,More than 200,Yes,Couple with no dependent children,More than 5 years,Metro
1417,1958,Male,Financial and Insurance Services,Finance,Managers,Specialist Managers,More than 200,No,Couple with no dependent children,More than 5 years,Metro
1441,1957,Male,Financial and Insurance Services,Finance,Managers,Specialist Managers,More than 200,No,Couple with no dependent children,More than 5 years,Metro
552,1980,Female,Manufacturing,Food Product Manufacturing,Managers,Specialist Managers,More than 200,No,Couple with no dependent children,More than 5 years,Metro
538,1980,Female,Health Care and Social Assistance,Hospitals,Managers,Specialist Managers,More than 200,Yes,Couple with no dependent children,More than 5 years,Metro
1117,1965,Female,Health Care and Social Assistance,Hospitals,Managers,Specialist Managers,More than 200,Yes,Couple with no dependent children,More than 5 years,Metro
1387,1959,Female,Health Care and Social Assistance,Hospitals,Managers,Specialist Managers,More than 200,Yes,Couple with no dependent children,More than 5 years,Metro
318,1986,Male,Health Care and Social Assistance,Hospitals,Managers,Specialist Managers,More than 200,No,Couple with no dependent children,More than 5 years,Metro
1446,1957,Male,Financial and Insurance Services,Insurance and Superannuation Funds,Managers,Specialist Managers,More than 200,No,Couple with no dependent children,More than 5 years,Metro
1072,1966,Female,Information Media and Telecommunications,"Internet Service Providers, Web Search Portals and Data Processing Services",Managers,Specialist Managers,More than 200,Yes,Couple with no dependent children,More than 5 years,Metro
976,1969,Male,Information Media and Telecommunications,Library and Other Information Services,Managers,Specialist Managers,More than 200,Yes,Couple with no dependent children,More than 5 years,Metro
223,1989,Male,Manufacturing,Machinery and Equipment Manufacturing,Managers,Specialist Managers,More than 200,NA,Couple with no dependent children,More than 5 years,Metro
1196,1963,Male,Manufacturing,Machinery and Equipment Manufacturing,Managers,Specialist Managers,More than 200,No,Couple with no dependent children,More than 5 years,Metro
596,1978,Female,Retail Trade,Non-Store Retailing and Retail Commission-Based Buying and/or Selling,Managers,Specialist Managers,More than 200,Yes,Couple with no dependent children,More than 5 years,Metro
467,1982,Female,Other Services,Personal and Other Services,Managers,Specialist Managers,More than 200,No,Couple with no dependent children,More than 5 years,Metro
1458,1957,Female,Education and Training,Preschool and School Education,Managers,Specialist Managers,More than 200,Yes,Couple with no dependent children,More than 5 years,Metro
1489,1956,Male,Manufacturing,Primary Metal and Metal Product Manufacturing,Managers,Specialist Managers,More than 200,Yes,Couple with no dependent children,More than 5 years,Metro
253,1988,Female,"Professional, Scientific and Technical Services","Professional, Scientific and Technical Services",Managers,Specialist Managers,More than 200,Yes,Couple with no dependent children,More than 5 years,Metro
469,1982,Male,"Professional, Scientific and Technical Services","Professional, Scientific and Technical Services",Managers,Specialist Managers,More than 200,Yes,Couple with no dependent children,More than 5 years,Metro
1131,1965,Male,Public Administration and Safety,"Public Order, Safety and Regulatory Services",Managers,Specialist Managers,More than 200,Yes,Couple with no dependent children,More than 5 years,Metro
449,1983,Male,Information Media and Telecommunications,Telecommunications Services,Managers,Specialist Managers,More than 200,No,Couple with no dependent children,More than 5 years,Metro
600,1978,Male,Information Media and Telecommunications,Telecommunications Services,Managers,Specialist Managers,More than 200,Yes,Couple with no dependent children,More than 5 years,Metro
654,1977,Male,Information Media and Telecommunications,Telecommunications Services,Managers,Specialist Managers,More than 200,Yes,Couple with no dependent children,More than 5 years,Metro
1205,1963,Female,Education and Training,Tertiary Education,Managers,Specialist Managers,More than 200,Yes,Couple with no dependent children,More than 5 years,Metro
1481,1956,Male,Education and Training,Tertiary Education,Managers,Specialist Managers,More than 200,Yes,Couple with no dependent children,More than 5 years,Metro
1408,1958,Male,Manufacturing,Transport Equipment Manufacturing,Managers,Specialist Managers,More than 200,Yes,Couple with no dependent children,More than 5 years,Metro
705,1976,Male,"Transport, Postal and Warehousing",Warehousing and Storage Services,Managers,Specialist Managers,More than 200,Yes,Couple with no dependent children,More than 5 years,Metro
917,1970,Male,Other Services,Personal and Other Services,Managers,"Chief Executives, General Managers and Legislators",Between 1 and 4,Yes,Group household,More than 5 years,Metro
73,1994,Male,Education and Training,"Adult, Community and Other Education",Community and personal service ,Health and Welfare Support ,Between 1 and 4,Yes,Group household,More than 5 years,Metro
1423,1958,Female,Retail Trade,Non-Store Retailing and Retail Commission-Based Buying and/or Selling,Clerical and administrative ,Other Clerical and Administrative ,Between 1 and 4,No,Group household,More than 5 years,Metro
260,1988,Male,Other Services,Personal and Other Services,Managers,"Chief Executives, General Managers and Legislators",Between 20 and 199,Yes,Group household,More than 5 years,Metro
192,1989,Female,Arts and Recreation Services,Sports and Recreation Activities,Managers,Specialist Managers,Between 20 and 199,No,Group household,More than 5 years,Metro
425,1984,Female,"Professional, Scientific and Technical Services","Professional, Scientific and Technical Services",Professionals,"Business, Human Resource and Marketing Professionals",Between 5 and 19,No,Group household,More than 5 years,Metro
950,1970,Male,Administrative and Support Services,Administrative Services,Managers,"Chief Executives, General Managers and Legislators",Between 5 and 19,NA,Group household,More than 5 years,Metro
231,1988,Male,Arts and Recreation Services,Creative and Performing Arts Activities,Professionals,Arts and Media Professionals,I am the only employee,No,Group household,More than 5 years,Metro
216,1989,Male,Information Media and Telecommunications,Internet Publishing and Broadcasting,Professionals,Arts and Media Professionals,I am the only employee,Yes,Group household,More than 5 years,Metro
214,1989,Male,"Professional, Scientific and Technical Services",Computer System Design and Related Services,Managers,"Chief Executives, General Managers and Legislators",I am the only employee,Yes,Group household,More than 5 years,Metro
153,1990,Female,Other Services,Personal and Other Services,Professionals,"Business, Human Resource and Marketing Professionals",More than 200,No,Group household,More than 5 years,Metro
182,1990,Female,Administrative and Support Services,"Building Cleaning, Pest Control and Other Support Services",Managers,"Chief Executives, General Managers and Legislators",More than 200,NA,Group household,More than 5 years,Metro
1048,1967,Female,"Transport, Postal and Warehousing",Warehousing and Storage Services,Managers,"Chief Executives, General Managers and Legislators",More than 200,Yes,Group household,More than 5 years,Metro
1045,1967,Male,Accommodation and Food Services,Accommodation,Clerical and administrative ,General Clerical ,More than 200,No,Group household,More than 5 years,Metro
777,1974,Female,"Professional, Scientific and Technical Services",Computer System Design and Related Services,Professionals,ICT Professionals,More than 200,Yes,Group household,More than 5 years,Metro
249,1988,Male,Retail Trade,Food Retailing,Clerical and administrative ,Inquiry Clerks and Receptionists,More than 200,No,Group household,More than 5 years,Metro
372,1985,Male,Public Administration and Safety,Public Administration,Clerical and administrative ,Office Managers and Program Administrators,More than 200,No,Group household,More than 5 years,Metro
1294,1961,Male,"Transport, Postal and Warehousing",Air and Space Transport,Clerical and administrative ,Other Clerical and Administrative ,More than 200,No,Group household,More than 5 years,Metro
575,1979,Female,Construction,Building Construction,Managers,Specialist Managers,More than 200,Yes,Group household,More than 5 years,Metro
342,1985,Male,"Electricity, Gas, Water and Waste Services",Gas Supply,Managers,Specialist Managers,More than 200,No,Group household,More than 5 years,Metro
473,1982,Male,"Professional, Scientific and Technical Services","Professional, Scientific and Technical Services",Managers,Specialist Managers,More than 200,Yes,Group household,More than 5 years,Metro
1078,1966,Female,Health Care and Social Assistance,Medical and Other Health Care Services,Professionals,Health Professionals,Between 1 and 4,Yes,Multiple family household,More than 5 years,Metro
1320,1960,Female,Health Care and Social Assistance,Medical and Other Health Care Services,Clerical and administrative ,Personal Assistants and Secretaries,Between 1 and 4,Yes,Multiple family household,More than 5 years,Metro
252,1988,Male,Financial and Insurance Services,Auxiliary Finance and Insurance Services,Professionals,"Business, Human Resource and Marketing Professionals",Between 20 and 199,No,Multiple family household,More than 5 years,Metro
1077,1966,Male,Other Services,Personal and Other Services,Technicians and trades ,"Engineering, ICT and Science Technicians",Between 20 and 199,No,Multiple family household,More than 5 years,Metro
479,1982,Female,Health Care and Social Assistance,Medical and Other Health Care Services,Professionals,ICT Professionals,Between 20 and 199,No,Multiple family household,More than 5 years,Metro
1043,1967,Male,"Rental, Hiring and Real Estate Services",Property Operators and Real Estate Services,Sales ,Sales Assistants and Salespersons,Between 20 and 199,No,Multiple family household,More than 5 years,Metro
1128,1965,Female,Education and Training,Preschool and School Education,Clerical and administrative ,Clerical and Office Support ,More than 200,No,Multiple family household,More than 5 years,Metro
316,1986,Female,Financial and Insurance Services,Insurance and Superannuation Funds,Professionals,ICT Professionals,More than 200,No,Multiple family household,More than 5 years,Metro
563,1980,Male,Information Media and Telecommunications,Telecommunications Services,Professionals,ICT Professionals,More than 200,NA,Multiple family household,More than 5 years,Metro
1228,1963,Female,Health Care and Social Assistance,Hospitals,Managers,Specialist Managers,More than 200,NA,Multiple family household,More than 5 years,Metro
786,1974,Rather not say,"Professional, Scientific and Technical Services",Computer System Design and Related Services,Professionals,ICT Professionals,Between 1 and 4,NA,One  parent family with dependent children,More than 5 years,Metro
1172,1964,Female,Education and Training,Preschool and School Education,Professionals,Education Professionals,Between 20 and 199,No,One  parent family with dependent children,More than 5 years,Metro
953,1970,Female,Administrative and Support Services,Administrative Services,Managers,Specialist Managers,Between 20 and 199,NA,One  parent family with dependent children,More than 5 years,Metro
907,1970,Female,"Professional, Scientific and Technical Services",Computer System Design and Related Services,Professionals,"Business, Human Resource and Marketing Professionals",More than 200,No,One  parent family with dependent children,More than 5 years,Metro
837,1972,Male,"Professional, Scientific and Technical Services","Professional, Scientific and Technical Services",Professionals,"Business, Human Resource and Marketing Professionals",More than 200,Yes,One  parent family with dependent children,More than 5 years,Metro
971,1969,Female,"Electricity, Gas, Water and Waste Services",Electricity Supply,Managers,"Chief Executives, General Managers and Legislators",More than 200,Yes,One  parent family with dependent children,More than 5 years,Metro
461,1982,Male,"Electricity, Gas, Water and Waste Services",Gas Supply,Managers,"Chief Executives, General Managers and Legislators",More than 200,Yes,One  parent family with dependent children,More than 5 years,Metro
391,1985,Male,Manufacturing,Machinery and Equipment Manufacturing,Professionals,"Design, Engineering, Science and Transport Professionals",More than 200,NA,One  parent family with dependent children,More than 5 years,Metro
1307,1961,Female,Other Services,Personal and Other Services,Community and personal service ,Health and Welfare Support ,More than 200,No,One  parent family with dependent children,More than 5 years,Metro
1315,1961,Female,Health Care and Social Assistance,Social Assistance Services,Community and personal service ,Health and Welfare Support ,More than 200,NA,One  parent family with dependent children,More than 5 years,Metro
1032,1967,Female,Construction,Building Construction,Clerical and administrative ,Personal Assistants and Secretaries,More than 200,No,One  parent family with dependent children,More than 5 years,Metro
1004,1968,Male,Retail Trade,Food Retailing,Managers,Specialist Managers,More than 200,Yes,One  parent family with dependent children,More than 5 years,Metro
797,1973,Male,Public Administration and Safety,Public Administration,Managers,Specialist Managers,More than 200,No,One  parent family with dependent children,More than 5 years,Metro
957,1969,Male,Information Media and Telecommunications,Telecommunications Services,Managers,Specialist Managers,More than 200,No,One  parent family with dependent children,More than 5 years,Metro
839,1972,Female,Education and Training,Tertiary Education,Managers,Specialist Managers,More than 200,Yes,One  parent family with dependent children,More than 5 years,Metro
124,1991,Female,Retail Trade,Food Retailing,Professionals,"Business, Human Resource and Marketing Professionals",Between 20 and 199,No,Other one family household,More than 5 years,Metro
46,1995,Female,"Professional, Scientific and Technical Services",Computer System Design and Related Services,Professionals,"Design, Engineering, Science and Transport Professionals",Between 20 and 199,Yes,Other one family household,More than 5 years,Metro
276,1987,Male,Other Services,Repair and Maintenance,Professionals,"Design, Engineering, Science and Transport Professionals",Between 20 and 199,No,Other one family household,More than 5 years,Metro
1493,1956,Female,Education and Training,Preschool and School Education,Professionals,Education Professionals,Between 20 and 199,NA,Other one family household,More than 5 years,Metro
1258,1962,Female,Education and Training,Preschool and School Education,Technicians and trades ,Other Technicians and Trades ,Between 20 and 199,No,Other one family household,More than 5 years,Metro
1435,1957,Male,Wholesale Trade,Other Goods Wholesaling,Managers,"Chief Executives, General Managers and Legislators",Between 5 and 19,No,Other one family household,More than 5 years,Metro
629,1978,Male,Arts and Recreation Services,Heritage Activities,Clerical and administrative ,General Clerical ,Between 5 and 19,No,Other one family household,More than 5 years,Metro
984,1969,Female,Retail Trade,Non-Store Retailing and Retail Commission-Based Buying and/or Selling,Managers,"Chief Executives, General Managers and Legislators",I am the only employee,No,Other one family household,More than 5 years,Metro
357,1985,Female,Education and Training,Preschool and School Education,Community and personal service ,Carers and Aides,More than 200,No,Other one family household,More than 5 years,Metro
1396,1959,Female,Education and Training,Preschool and School Education,Professionals,Education Professionals,More than 200,NA,Other one family household,More than 5 years,Metro
885,1971,Female,Public Administration and Safety,Public Administration,Clerical and administrative ,General Clerical ,More than 200,No,Other one family household,More than 5 years,Metro
1232,1962,Female,Financial and Insurance Services,Finance,Professionals,"Legal, Social and Welfare Professionals",More than 200,Yes,Other one family household,More than 5 years,Metro
1281,1961,Female,Administrative and Support Services,Administrative Services,Clerical and administrative ,Office Managers and Program Administrators,More than 200,No,Other one family household,More than 5 years,Metro
1495,1955,Male,Public Administration and Safety,"Public Order, Safety and Regulatory Services",Clerical and administrative ,Other Clerical and Administrative ,More than 200,No,Other one family household,More than 5 years,Metro
1247,1962,Male,"Transport, Postal and Warehousing",Rail Transport,Managers,Specialist Managers,More than 200,Yes,Other one family household,More than 5 years,Metro
753,1975,Female,Education and Training,"Adult, Community and Other Education",Professionals,Education Professionals,Between 1 and 4,Yes,Single person,More than 5 years,Metro
138,1990,Female,Health Care and Social Assistance,Residential Care Services,Professionals,Health Professionals,Between 1 and 4,Yes,Single person,More than 5 years,Metro
1405,1958,Male,Public Administration and Safety,Public Administration,Managers,"Hospitality, Retail and Service Managers",Between 1 and 4,Yes,Single person,More than 5 years,Metro
737,1975,Male,"Professional, Scientific and Technical Services","Professional, Scientific and Technical Services",Professionals,"Legal, Social and Welfare Professionals",Between 1 and 4,No,Single person,More than 5 years,Metro
438,1983,Male,Financial and Insurance Services,Insurance and Superannuation Funds,Clerical and administrative ,Office Managers and Program Administrators,Between 1 and 4,Yes,Single person,More than 5 years,Metro
331,1986,Male,Manufacturing,Fabricated Metal Product Manufacturing,Professionals,"Business, Human Resource and Marketing Professionals",Between 20 and 199,Yes,Single person,More than 5 years,Metro
603,1978,Male,Wholesale Trade,Other Goods Wholesaling,Professionals,"Business, Human Resource and Marketing Professionals",Between 20 and 199,Yes,Single person,More than 5 years,Metro
1236,1962,Male,Financial and Insurance Services,Insurance and Superannuation Funds,Managers,"Chief Executives, General Managers and Legislators",Between 20 and 199,Yes,Single person,More than 5 years,Metro
746,1975,Male,"Professional, Scientific and Technical Services","Professional, Scientific and Technical Services",Managers,"Chief Executives, General Managers and Legislators",Between 20 and 199,Yes,Single person,More than 5 years,Metro
1060,1967,Male,"Transport, Postal and Warehousing",Transport Support Services,Managers,"Chief Executives, General Managers and Legislators",Between 20 and 199,NA,Single person,More than 5 years,Metro
1149,1964,Female,Administrative and Support Services,Administrative Services,Clerical and administrative ,Clerical and Office Support ,Between 20 and 199,No,Single person,More than 5 years,Metro
585,1979,Male,"Professional, Scientific and Technical Services","Professional, Scientific and Technical Services",Professionals,"Design, Engineering, Science and Transport Professionals",Between 20 and 199,No,Single person,More than 5 years,Metro
611,1978,Female,Education and Training,Tertiary Education,Professionals,"Design, Engineering, Science and Transport Professionals",Between 20 and 199,No,Single person,More than 5 years,Metro
592,1979,Female,Education and Training,Preschool and School Education,Professionals,Education Professionals,Between 20 and 199,NA,Single person,More than 5 years,Metro
843,1972,Male,Education and Training,Preschool and School Education,Professionals,Education Professionals,Between 20 and 199,No,Single person,More than 5 years,Metro
684,1977,Male,Administrative and Support Services,Administrative Services,Clerical and administrative ,General Clerical ,Between 20 and 199,NA,Single person,More than 5 years,Metro
547,1980,Female,"Transport, Postal and Warehousing",Water Transport,Clerical and administrative ,General Clerical ,Between 20 and 199,No,Single person,More than 5 years,Metro
1134,1965,Female,Financial and Insurance Services,Finance,Clerical and administrative ,Other Clerical and Administrative ,Between 20 and 199,No,Single person,More than 5 years,Metro
495,1981,Female,Other Services,Personal and Other Services,Clerical and administrative ,Other Clerical and Administrative ,Between 20 and 199,Yes,Single person,More than 5 years,Metro
919,1970,Male,"Professional, Scientific and Technical Services","Professional, Scientific and Technical Services",Clerical and administrative ,Other Clerical and Administrative ,Between 20 and 199,No,Single person,More than 5 years,Metro
1153,1964,Male,Wholesale Trade,Other Goods Wholesaling,Sales ,Sales Representatives and Agents,Between 20 and 199,No,Single person,More than 5 years,Metro
836,1972,Female,Information Media and Telecommunications,Publishing (except Internet and Music Publishing),Sales ,Sales Representatives and Agents,Between 20 and 199,No,Single person,More than 5 years,Metro
501,1981,Male,"Professional, Scientific and Technical Services",Computer System Design and Related Services,Sales ,Sales Support ,Between 20 and 199,No,Single person,More than 5 years,Metro
668,1977,Female,Education and Training,"Adult, Community and Other Education",Managers,Specialist Managers,Between 20 and 199,Yes,Single person,More than 5 years,Metro
1141,1964,Male,Financial and Insurance Services,Auxiliary Finance and Insurance Services,Managers,Specialist Managers,Between 20 and 199,Yes,Single person,More than 5 years,Metro
167,1990,Male,"Professional, Scientific and Technical Services",Computer System Design and Related Services,Managers,Specialist Managers,Between 20 and 199,Yes,Single person,More than 5 years,Metro
1052,1967,Male,Wholesale Trade,Other Goods Wholesaling,Managers,Specialist Managers,Between 20 and 199,Yes,Single person,More than 5 years,Metro
1330,1960,Male,Arts and Recreation Services,Sports and Recreation Activities,Managers,Specialist Managers,Between 20 and 199,Yes,Single person,More than 5 years,Metro
1064,1966,Female,Other Services,Personal and Other Services,Professionals,"Business, Human Resource and Marketing Professionals",Between 5 and 19,No,Single person,More than 5 years,Metro
780,1974,Female,Administrative and Support Services,Administrative Services,Managers,"Chief Executives, General Managers and Legislators",Between 5 and 19,No,Single person,More than 5 years,Metro
511,1981,Female,Construction,Construction Services,Managers,"Chief Executives, General Managers and Legislators",Between 5 and 19,Yes,Single person,More than 5 years,Metro
1333,1960,Male,Information Media and Telecommunications,Internet Publishing and Broadcasting,Clerical and administrative ,General Clerical ,Between 5 and 19,No,Single person,More than 5 years,Metro
288,1987,Male,Health Care and Social Assistance,Medical and Other Health Care Services,Professionals,Health Professionals,Between 5 and 19,Yes,Single person,More than 5 years,Metro
581,1979,Female,Other Services,Personal and Other Services,Clerical and administrative ,Office Managers and Program Administrators,Between 5 and 19,No,Single person,More than 5 years,Metro
92,1992,Female,Information Media and Telecommunications,"Internet Service Providers, Web Search Portals and Data Processing Services",Managers,Specialist Managers,Between 5 and 19,Yes,Single person,More than 5 years,Metro
1504,1945,Male,Other Services,Personal and Other Services,Managers,Specialist Managers,Between 5 and 19,Yes,Single person,More than 5 years,Metro
570,1979,Female,Education and Training,Preschool and School Education,Professionals,Arts and Media Professionals,I am the only employee,No,Single person,More than 5 years,Metro
1351,1960,Male,Financial and Insurance Services,Finance,Professionals,"Business, Human Resource and Marketing Professionals",I am the only employee,No,Single person,More than 5 years,Metro
1359,1960,Male,Financial and Insurance Services,Finance,Professionals,"Business, Human Resource and Marketing Professionals",I am the only employee,No,Single person,More than 5 years,Metro
924,1970,Female,Health Care and Social Assistance,Medical and Other Health Care Services,Professionals,"Business, Human Resource and Marketing Professionals",I am the only employee,No,Single person,More than 5 years,Metro
1367,1959,Female,"Professional, Scientific and Technical Services","Professional, Scientific and Technical Services",Professionals,"Business, Human Resource and Marketing Professionals",I am the only employee,No,Single person,More than 5 years,Metro
989,1969,Female,Health Care and Social Assistance,Social Assistance Services,Community and personal service ,Carers and Aides,I am the only employee,No,Single person,More than 5 years,Metro
215,1989,Male,Information Media and Telecommunications,Internet Publishing and Broadcasting,Managers,"Chief Executives, General Managers and Legislators",I am the only employee,Yes,Single person,More than 5 years,Metro
1295,1961,Male,Wholesale Trade,Other Goods Wholesaling,Managers,"Chief Executives, General Managers and Legislators",I am the only employee,No,Single person,More than 5 years,Metro
1108,1965,Male,Construction,Building Construction,Technicians and trades ,Construction Trades ,I am the only employee,No,Single person,More than 5 years,Metro
1467,1956,Female,"Professional, Scientific and Technical Services","Professional, Scientific and Technical Services",Professionals,Education Professionals,I am the only employee,No,Single person,More than 5 years,Metro
1176,1964,Female,Administrative and Support Services,Administrative Services,Sales ,Sales Support ,I am the only employee,No,Single person,More than 5 years,Metro
217,1989,Male,"Electricity, Gas, Water and Waste Services",Electricity Supply,Professionals,"Business, Human Resource and Marketing Professionals",More than 200,No,Single person,More than 5 years,Metro
380,1985,Male,Manufacturing,Petroleum and Coal Product Manufacturing,Professionals,"Business, Human Resource and Marketing Professionals",More than 200,Yes,Single person,More than 5 years,Metro
188,1989,Female,Information Media and Telecommunications,Telecommunications Services,Professionals,"Business, Human Resource and Marketing Professionals",More than 200,No,Single person,More than 5 years,Metro
936,1970,Male,Information Media and Telecommunications,Telecommunications Services,Professionals,"Business, Human Resource and Marketing Professionals",More than 200,Yes,Single person,More than 5 years,Metro
343,1985,Male,"Transport, Postal and Warehousing",Air and Space Transport,Managers,"Chief Executives, General Managers and Legislators",More than 200,Yes,Single person,More than 5 years,Metro
1019,1968,Male,Retail Trade,Other Store-Based Retailing,Managers,"Chief Executives, General Managers and Legislators",More than 200,Yes,Single person,More than 5 years,Metro
1083,1966,Male,Other Services,Personal and Other Services,Managers,"Chief Executives, General Managers and Legislators",More than 200,Yes,Single person,More than 5 years,Metro
348,1985,Male,Public Administration and Safety,Public Administration,Managers,"Chief Executives, General Managers and Legislators",More than 200,Yes,Single person,More than 5 years,Metro
1460,1957,Female,Financial and Insurance Services,Finance,Clerical and administrative ,Clerical and Office Support ,More than 200,No,Single person,More than 5 years,Metro
1139,1965,Male,Wholesale Trade,Other Goods Wholesaling,Clerical and administrative ,Clerical and Office Support ,More than 200,NA,Single person,More than 5 years,Metro
1355,1960,Male,Financial and Insurance Services,Finance,Professionals,"Design, Engineering, Science and Transport Professionals",More than 200,No,Single person,More than 5 years,Metro
411,1984,Male,"Professional, Scientific and Technical Services","Professional, Scientific and Technical Services",Professionals,"Design, Engineering, Science and Transport Professionals",More than 200,Yes,Single person,More than 5 years,Metro
1264,1962,Male,Public Administration and Safety,Public Administration,Professionals,"Design, Engineering, Science and Transport Professionals",More than 200,No,Single person,More than 5 years,Metro
1146,1964,Male,Retail Trade,Food Retailing,Professionals,Education Professionals,More than 200,No,Single person,More than 5 years,Metro
1471,1956,Female,Education and Training,Preschool and School Education,Professionals,Education Professionals,More than 200,Yes,Single person,More than 5 years,Metro
1338,1960,Male,Education and Training,Preschool and School Education,Professionals,Education Professionals,More than 200,No,Single person,More than 5 years,Metro
733,1975,Male,"Transport, Postal and Warehousing",Road Transport,Professionals,Education Professionals,More than 200,No,Single person,More than 5 years,Metro
1234,1962,Male,Other Services,Repair and Maintenance,Technicians and trades ,Electrotechnology and Telecommunications Trades ,More than 200,No,Single person,More than 5 years,Metro
628,1978,Male,Financial and Insurance Services,Finance,Technicians and trades ,"Engineering, ICT and Science Technicians",More than 200,No,Single person,More than 5 years,Metro
642,1977,Male,Administrative and Support Services,Administrative Services,Clerical and administrative ,General Clerical ,More than 200,No,Single person,More than 5 years,Metro
1314,1961,Male,Public Administration and Safety,Defence,Professionals,Health Professionals,More than 200,NA,Single person,More than 5 years,Metro
1433,1957,Female,Health Care and Social Assistance,Medical and Other Health Care Services,Professionals,Health Professionals,More than 200,No,Single person,More than 5 years,Metro
1252,1962,Female,Accommodation and Food Services,Accommodation,Managers,"Hospitality, Retail and Service Managers",More than 200,Yes,Single person,More than 5 years,Metro
972,1969,Male,Construction,Building Construction,Managers,"Hospitality, Retail and Service Managers",More than 200,Yes,Single person,More than 5 years,Metro
884,1971,Female,Other Services,Personal and Other Services,Managers,"Hospitality, Retail and Service Managers",More than 200,Yes,Single person,More than 5 years,Metro
671,1977,Female,"Professional, Scientific and Technical Services",Computer System Design and Related Services,Professionals,ICT Professionals,More than 200,No,Single person,More than 5 years,Metro
1296,1961,Female,"Professional, Scientific and Technical Services",Computer System Design and Related Services,Professionals,ICT Professionals,More than 200,No,Single person,More than 5 years,Metro
605,1978,Male,Financial and Insurance Services,Finance,Professionals,ICT Professionals,More than 200,No,Single person,More than 5 years,Metro
531,1980,Male,Retail Trade,Fuel Retailing,Professionals,ICT Professionals,More than 200,Yes,Single person,More than 5 years,Metro
1008,1968,Male,"Electricity, Gas, Water and Waste Services",Gas Supply,Professionals,ICT Professionals,More than 200,No,Single person,More than 5 years,Metro
940,1970,Male,Financial and Insurance Services,Insurance and Superannuation Funds,Professionals,ICT Professionals,More than 200,No,Single person,More than 5 years,Metro
1361,1960,Female,Wholesale Trade,Other Goods Wholesaling,Professionals,ICT Professionals,More than 200,NA,Single person,More than 5 years,Metro
700,1976,Female,Education and Training,Tertiary Education,Professionals,ICT Professionals,More than 200,No,Single person,More than 5 years,Metro
1250,1962,Female,"Transport, Postal and Warehousing",Postal and Courier Pick-up and Delivery Services,Professionals,"Legal, Social and Welfare Professionals",More than 200,No,Single person,More than 5 years,Metro
816,1973,Male,Public Administration and Safety,Public Administration,Professionals,"Legal, Social and Welfare Professionals",More than 200,No,Single person,More than 5 years,Metro
823,1973,Male,Public Administration and Safety,Public Administration,Professionals,"Legal, Social and Welfare Professionals",More than 200,No,Single person,More than 5 years,Metro
412,1984,Female,Health Care and Social Assistance,Residential Care Services,Professionals,"Legal, Social and Welfare Professionals",More than 200,Yes,Single person,More than 5 years,Metro
1068,1966,Female,Information Media and Telecommunications,"Internet Service Providers, Web Search Portals and Data Processing Services",Clerical and administrative ,Office Managers and Program Administrators,More than 200,No,Single person,More than 5 years,Metro
305,1986,Male,Health Care and Social Assistance,Medical and Other Health Care Services,Clerical and administrative ,Office Managers and Program Administrators,More than 200,Yes,Single person,More than 5 years,Metro
806,1973,Female,Public Administration and Safety,"Public Order, Safety and Regulatory Services",Clerical and administrative ,Office Managers and Program Administrators,More than 200,No,Single person,More than 5 years,Metro
948,1970,Female,Education and Training,Preschool and School Education,Technicians and trades ,Other Technicians and Trades ,More than 200,No,Single person,More than 5 years,Metro
112,1991,Female,"Rental, Hiring and Real Estate Services",Property Operators and Real Estate Services,Clerical and administrative ,Personal Assistants and Secretaries,More than 200,No,Single person,More than 5 years,Metro
1050,1967,Male,"Transport, Postal and Warehousing",Road Transport,Machinery operators and drivers,Road and Rail Drivers,More than 200,No,Single person,More than 5 years,Metro
1342,1960,Female,Information Media and Telecommunications,Broadcasting (except Internet),Managers,Specialist Managers,More than 200,No,Single person,More than 5 years,Metro
270,1987,Male,Accommodation and Food Services,Food and Beverage Services,Managers,Specialist Managers,More than 200,Yes,Single person,More than 5 years,Metro
1138,1965,Female,Construction,Heavy and Civil Engineering Construction,Managers,Specialist Managers,More than 200,Yes,Single person,More than 5 years,Metro
1036,1967,Male,Health Care and Social Assistance,Hospitals,Managers,Specialist Managers,More than 200,No,Single person,More than 5 years,Metro
1073,1966,Male,Health Care and Social Assistance,Hospitals,Managers,Specialist Managers,More than 200,Yes,Single person,More than 5 years,Metro
573,1979,Male,Financial and Insurance Services,Insurance and Superannuation Funds,Managers,Specialist Managers,More than 200,Yes,Single person,More than 5 years,Metro
1477,1956,Male,Information Media and Telecommunications,Internet Publishing and Broadcasting,Managers,Specialist Managers,More than 200,Yes,Single person,More than 5 years,Metro
405,1984,Male,Health Care and Social Assistance,Medical and Other Health Care Services,Managers,Specialist Managers,More than 200,No,Single person,More than 5 years,Metro
1089,1966,Male,Education and Training,Preschool and School Education,Managers,Specialist Managers,More than 200,Yes,Single person,More than 5 years,Metro
730,1975,Male,Public Administration and Safety,Public Administration,Managers,Specialist Managers,More than 200,Yes,Single person,More than 5 years,Metro
1260,1962,Male,Public Administration and Safety,Public Administration,Managers,Specialist Managers,More than 200,Yes,Single person,More than 5 years,Metro
498,1981,Male,Public Administration and Safety,"Public Order, Safety and Regulatory Services",Managers,Specialist Managers,More than 200,Yes,Single person,More than 5 years,Metro
1303,1961,Female,Information Media and Telecommunications,Telecommunications Services,Managers,Specialist Managers,More than 200,Yes,Single person,More than 5 years,Metro
514,1981,Male,"Transport, Postal and Warehousing",Water Transport,Managers,Specialist Managers,More than 200,Yes,Single person,More than 5 years,Metro
609,1978,Female,Health Care and Social Assistance,Social Assistance Services,Clerical and administrative ,Clerical and Office Support ,Between 20 and 199,No,Couple with dependent children,Between 1 and 5 years,Regional
1215,1963,Male,Construction,Building Construction,Labourers,Construction and Mining Labourers,Between 20 and 199,No,Couple with dependent children,Between 1 and 5 years,Regional
644,1977,Female,Health Care and Social Assistance,Social Assistance Services,Professionals,"Legal, Social and Welfare Professionals",Between 20 and 199,No,Couple with dependent children,Between 1 and 5 years,Regional
218,1989,Female,Accommodation and Food Services,Accommodation,Managers,Specialist Managers,Between 20 and 199,Yes,Couple with dependent children,Between 1 and 5 years,Regional
712,1976,Male,"Professional, Scientific and Technical Services",Computer System Design and Related Services,Managers,Specialist Managers,Between 20 and 199,Yes,Couple with dependent children,Between 1 and 5 years,Regional
764,1974,Male,Accommodation and Food Services,Food and Beverage Services,Technicians and trades ,Food Trades ,Between 5 and 19,Yes,Couple with dependent children,Between 1 and 5 years,Regional
203,1989,Male,"Professional, Scientific and Technical Services",Computer System Design and Related Services,Professionals,ICT Professionals,Between 5 and 19,Yes,Couple with dependent children,Between 1 and 5 years,Regional
587,1979,Female,Administrative and Support Services,Administrative Services,Clerical and administrative ,Personal Assistants and Secretaries,Between 5 and 19,No,Couple with dependent children,Between 1 and 5 years,Regional
709,1976,Female,"Rental, Hiring and Real Estate Services",Rental and Hiring Services (except Real Estate),Clerical and administrative ,Personal Assistants and Secretaries,Between 5 and 19,No,Couple with dependent children,Between 1 and 5 years,Regional
866,1971,Male,Wholesale Trade,Other Goods Wholesaling,Sales ,Sales Representatives and Agents,Between 5 and 19,No,Couple with dependent children,Between 1 and 5 years,Regional
647,1977,Female,Arts and Recreation Services,Creative and Performing Arts Activities,Professionals,"Design, Engineering, Science and Transport Professionals",I am the only employee,No,Couple with dependent children,Between 1 and 5 years,Regional
1470,1956,Male,Education and Training,"Adult, Community and Other Education",Professionals,"Business, Human Resource and Marketing Professionals",More than 200,No,Couple with dependent children,Between 1 and 5 years,Regional
115,1991,Male,Information Media and Telecommunications,Telecommunications Services,Managers,"Chief Executives, General Managers and Legislators",More than 200,Yes,Couple with dependent children,Between 1 and 5 years,Regional
969,1969,Female,Administrative and Support Services,Administrative Services,Clerical and administrative ,Clerical and Office Support ,More than 200,No,Couple with dependent children,Between 1 and 5 years,Regional
817,1973,Female,Financial and Insurance Services,Finance,Clerical and administrative ,Clerical and Office Support ,More than 200,No,Couple with dependent children,Between 1 and 5 years,Regional
394,1984,Female,"Professional, Scientific and Technical Services","Professional, Scientific and Technical Services",Professionals,"Design, Engineering, Science and Transport Professionals",More than 200,Yes,Couple with dependent children,Between 1 and 5 years,Regional
415,1984,Female,"Professional, Scientific and Technical Services","Professional, Scientific and Technical Services",Professionals,"Design, Engineering, Science and Transport Professionals",More than 200,Yes,Couple with dependent children,Between 1 and 5 years,Regional
416,1984,Female,"Professional, Scientific and Technical Services","Professional, Scientific and Technical Services",Professionals,"Design, Engineering, Science and Transport Professionals",More than 200,Yes,Couple with dependent children,Between 1 and 5 years,Regional
1482,1956,Male,Financial and Insurance Services,Finance,Technicians and trades ,"Engineering, ICT and Science Technicians",More than 200,No,Couple with dependent children,Between 1 and 5 years,Regional
370,1985,Female,Financial and Insurance Services,Finance,Clerical and administrative ,General Clerical ,More than 200,No,Couple with dependent children,Between 1 and 5 years,Regional
1440,1957,Male,Health Care and Social Assistance,Social Assistance Services,Clerical and administrative ,Other Clerical and Administrative ,More than 200,No,Couple with dependent children,Between 1 and 5 years,Regional
662,1977,Female,Education and Training,Tertiary Education,Clerical and administrative ,Other Clerical and Administrative ,More than 200,No,Couple with dependent children,Between 1 and 5 years,Regional
851,1972,Male,"Professional, Scientific and Technical Services",Computer System Design and Related Services,Sales ,Sales Representatives and Agents,More than 200,No,Couple with dependent children,Between 1 and 5 years,Regional
1266,1962,Male,Manufacturing,Primary Metal and Metal Product Manufacturing,Sales ,Sales Representatives and Agents,More than 200,No,Couple with dependent children,Between 1 and 5 years,Regional
354,1985,Male,"Agriculture, Forestry and Fishing","Agriculture, Forestry and Fishing Support Services",Managers,Specialist Managers,More than 200,Yes,Couple with dependent children,Between 1 and 5 years,Regional
788,1974,Male,Financial and Insurance Services,Finance,Managers,Specialist Managers,More than 200,NA,Couple with dependent children,Between 1 and 5 years,Regional
1268,1962,Male,Manufacturing,Primary Metal and Metal Product Manufacturing,Managers,Specialist Managers,More than 200,NA,Couple with dependent children,Between 1 and 5 years,Regional
783,1974,Male,"Professional, Scientific and Technical Services","Professional, Scientific and Technical Services",Managers,Specialist Managers,More than 200,Yes,Couple with dependent children,Between 1 and 5 years,Regional
784,1974,Male,"Professional, Scientific and Technical Services","Professional, Scientific and Technical Services",Managers,Specialist Managers,More than 200,Yes,Couple with dependent children,Between 1 and 5 years,Regional
1301,1961,Male,Other Services,Personal and Other Services,Managers,"Chief Executives, General Managers and Legislators",Between 1 and 4,No,Couple with no dependent children,Between 1 and 5 years,Regional
1404,1958,Male,"Professional, Scientific and Technical Services","Professional, Scientific and Technical Services",Professionals,"Design, Engineering, Science and Transport Professionals",Between 1 and 4,No,Couple with no dependent children,Between 1 and 5 years,Regional
595,1979,Male,"Agriculture, Forestry and Fishing",Agriculture,Managers,Farmers and Farm Managers,Between 1 and 4,NA,Couple with no dependent children,Between 1 and 5 years,Regional
589,1979,Male,"Agriculture, Forestry and Fishing","Agriculture, Forestry and Fishing Support Services",Machinery operators and drivers,Mobile Plant Operators,Between 1 and 4,Yes,Couple with no dependent children,Between 1 and 5 years,Regional
1091,1966,Female,Other Services,Personal and Other Services,Clerical and administrative ,Office Managers and Program Administrators,Between 1 and 4,No,Couple with no dependent children,Between 1 and 5 years,Regional
893,1971,Male,"Transport, Postal and Warehousing",Water Transport,Professionals,"Business, Human Resource and Marketing Professionals",Between 20 and 199,No,Couple with no dependent children,Between 1 and 5 years,Regional
496,1981,Male,"Professional, Scientific and Technical Services","Professional, Scientific and Technical Services",Professionals,"Design, Engineering, Science and Transport Professionals",Between 20 and 199,Yes,Couple with no dependent children,Between 1 and 5 years,Regional
1445,1957,Male,Education and Training,"Adult, Community and Other Education",Professionals,Education Professionals,Between 20 and 199,No,Couple with no dependent children,Between 1 and 5 years,Regional
156,1990,Female,Education and Training,Preschool and School Education,Professionals,Education Professionals,Between 20 and 199,No,Couple with no dependent children,Between 1 and 5 years,Regional
67,1994,Male,"Professional, Scientific and Technical Services","Professional, Scientific and Technical Services",Professionals,Health Professionals,Between 20 and 199,Yes,Couple with no dependent children,Between 1 and 5 years,Regional
1165,1964,Male,Financial and Insurance Services,Auxiliary Finance and Insurance Services,Professionals,ICT Professionals,Between 20 and 199,No,Couple with no dependent children,Between 1 and 5 years,Regional
154,1990,Female,Public Administration and Safety,Public Administration,Clerical and administrative ,Other Clerical and Administrative ,Between 20 and 199,No,Couple with no dependent children,Between 1 and 5 years,Regional
933,1970,Female,Health Care and Social Assistance,Social Assistance Services,Community and personal service ,Protective Service ,Between 20 and 199,No,Couple with no dependent children,Between 1 and 5 years,Regional
1033,1967,Female,Public Administration and Safety,Public Administration,Managers,Specialist Managers,Between 20 and 199,Yes,Couple with no dependent children,Between 1 and 5 years,Regional
1039,1967,Female,Public Administration and Safety,Public Administration,Managers,Specialist Managers,Between 20 and 199,Yes,Couple with no dependent children,Between 1 and 5 years,Regional
1079,1966,Male,"Professional, Scientific and Technical Services","Professional, Scientific and Technical Services",Managers,"Chief Executives, General Managers and Legislators",Between 5 and 19,Yes,Couple with no dependent children,Between 1 and 5 years,Regional
1483,1956,Male,"Professional, Scientific and Technical Services","Professional, Scientific and Technical Services",Professionals,"Design, Engineering, Science and Transport Professionals",Between 5 and 19,No,Couple with no dependent children,Between 1 and 5 years,Regional
658,1977,Male,"Rental, Hiring and Real Estate Services",Rental and Hiring Services (except Real Estate),Technicians and trades ,Electrotechnology and Telecommunications Trades ,Between 5 and 19,No,Couple with no dependent children,Between 1 and 5 years,Regional
1459,1957,Female,Financial and Insurance Services,Insurance and Superannuation Funds,Professionals,"Legal, Social and Welfare Professionals",Between 5 and 19,No,Couple with no dependent children,Between 1 and 5 years,Regional
385,1985,Male,Wholesale Trade,Basic Material Wholesaling,Labourers,Other Labourers,Between 5 and 19,No,Couple with no dependent children,Between 1 and 5 years,Regional
311,1986,Female,Financial and Insurance Services,Finance,Managers,Specialist Managers,Between 5 and 19,Yes,Couple with no dependent children,Between 1 and 5 years,Regional
1349,1960,Male,"Professional, Scientific and Technical Services","Professional, Scientific and Technical Services",Professionals,"Design, Engineering, Science and Transport Professionals",I am the only employee,No,Couple with no dependent children,Between 1 and 5 years,Regional
1403,1958,Female,Administrative and Support Services,Administrative Services,Clerical and administrative ,Other Clerical and Administrative ,I am the only employee,No,Couple with no dependent children,Between 1 and 5 years,Regional
1099,1966,Female,Retail Trade,Non-Store Retailing and Retail Commission-Based Buying and/or Selling,Sales ,Sales Assistants and Salespersons,I am the only employee,NA,Couple with no dependent children,Between 1 and 5 years,Regional
1450,1957,Male,Health Care and Social Assistance,Hospitals,Managers,"Chief Executives, General Managers and Legislators",More than 200,Yes,Couple with no dependent children,Between 1 and 5 years,Regional
206,1989,Female,Education and Training,Tertiary Education,Clerical and administrative ,Clerical and Office Support ,More than 200,No,Couple with no dependent children,Between 1 and 5 years,Regional
1100,1966,Female,"Professional, Scientific and Technical Services","Professional, Scientific and Technical Services",Professionals,"Design, Engineering, Science and Transport Professionals",More than 200,NA,Couple with no dependent children,Between 1 and 5 years,Regional
985,1969,Female,Education and Training,Preschool and School Education,Professionals,Education Professionals,More than 200,No,Couple with no dependent children,Between 1 and 5 years,Regional
1324,1960,Female,Health Care and Social Assistance,Social Assistance Services,Professionals,Education Professionals,More than 200,No,Couple with no dependent children,Between 1 and 5 years,Regional
395,1984,Female,Education and Training,Tertiary Education,Professionals,Education Professionals,More than 200,No,Couple with no dependent children,Between 1 and 5 years,Regional
1347,1960,Male,Other Services,Repair and Maintenance,Technicians and trades ,"Engineering, ICT and Science Technicians",More than 200,Yes,Couple with no dependent children,Between 1 and 5 years,Regional
319,1986,Female,Health Care and Social Assistance,Hospitals,Professionals,Health Professionals,More than 200,Yes,Couple with no dependent children,Between 1 and 5 years,Regional
1383,1959,Female,Education and Training,Tertiary Education,Professionals,ICT Professionals,More than 200,No,Couple with no dependent children,Between 1 and 5 years,Regional
213,1989,Female,Administrative and Support Services,Administrative Services,Clerical and administrative ,Personal Assistants and Secretaries,More than 200,No,Couple with no dependent children,Between 1 and 5 years,Regional
1313,1961,Female,"Professional, Scientific and Technical Services","Professional, Scientific and Technical Services",Clerical and administrative ,Personal Assistants and Secretaries,More than 200,NA,Couple with no dependent children,Between 1 and 5 years,Regional
1265,1962,Female,Other Services,Personal and Other Services,Managers,Specialist Managers,More than 200,Yes,Couple with no dependent children,Between 1 and 5 years,Regional
93,1992,Female,Health Care and Social Assistance,Social Assistance Services,Managers,Specialist Managers,More than 200,Yes,Couple with no dependent children,Between 1 and 5 years,Regional
586,1979,Male,Retail Trade,Other Store-Based Retailing,Managers,"Chief Executives, General Managers and Legislators",Between 1 and 4,Yes,Multiple family household,Between 1 and 5 years,Regional
220,1989,Female,Manufacturing,Primary Metal and Metal Product Manufacturing,Clerical and administrative ,General Clerical ,Between 20 and 199,Yes,Multiple family household,Between 1 and 5 years,Regional
89,1993,Male,"Professional, Scientific and Technical Services",Computer System Design and Related Services,Technicians and trades ,"Engineering, ICT and Science Technicians",Between 5 and 19,No,Multiple family household,Between 1 and 5 years,Regional
373,1985,Female,Financial and Insurance Services,Insurance and Superannuation Funds,Managers,Specialist Managers,Between 20 and 199,Yes,One  parent family with dependent children,Between 1 and 5 years,Regional
383,1985,Female,Manufacturing,Wood Product Manufacturing,Professionals,"Business, Human Resource and Marketing Professionals",Between 5 and 19,Yes,One  parent family with dependent children,Between 1 and 5 years,Regional
1059,1967,Female,Health Care and Social Assistance,Social Assistance Services,Community and personal service ,Carers and Aides,Between 5 and 19,NA,One  parent family with dependent children,Between 1 and 5 years,Regional
830,1972,Female,Arts and Recreation Services,Sports and Recreation Activities,Managers,Specialist Managers,Between 5 and 19,No,One  parent family with dependent children,Between 1 and 5 years,Regional
240,1988,Female,Health Care and Social Assistance,Hospitals,Clerical and administrative ,Clerical and Office Support ,More than 200,No,One  parent family with dependent children,Between 1 and 5 years,Regional
1262,1962,Female,"Professional, Scientific and Technical Services","Professional, Scientific and Technical Services",Clerical and administrative ,Clerical and Office Support ,More than 200,No,One  parent family with dependent children,Between 1 and 5 years,Regional
1198,1963,Female,Other Services,Personal and Other Services,Clerical and administrative ,General Clerical ,More than 200,No,One  parent family with dependent children,Between 1 and 5 years,Regional
1257,1962,Female,"Rental, Hiring and Real Estate Services",Property Operators and Real Estate Services,Clerical and administrative ,Numerical Clerks,Between 20 and 199,No,Other one family household,Between 1 and 5 years,Regional
126,1991,Male,Information Media and Telecommunications,Internet Publishing and Broadcasting,Professionals,ICT Professionals,Between 5 and 19,No,Other one family household,Between 1 and 5 years,Regional
228,1988,Female,Education and Training,Tertiary Education,Professionals,Education Professionals,More than 200,Yes,Other one family household,Between 1 and 5 years,Regional
135,1991,Female,Health Care and Social Assistance,Medical and Other Health Care Services,Sales ,Sales Assistants and Salespersons,More than 200,NA,Other one family household,Between 1 and 5 years,Regional
130,1991,Female,Health Care and Social Assistance,Medical and Other Health Care Services,Sales ,Sales Representatives and Agents,More than 200,No,Other one family household,Between 1 and 5 years,Regional
650,1977,Female,Public Administration and Safety,Public Administration,Managers,"Chief Executives, General Managers and Legislators",Between 20 and 199,Yes,Single person,Between 1 and 5 years,Regional
1345,1960,Male,Education and Training,Preschool and School Education,Professionals,Education Professionals,Between 20 and 199,No,Single person,Between 1 and 5 years,Regional
119,1991,Male,Health Care and Social Assistance,Social Assistance Services,Community and personal service ,Health and Welfare Support ,Between 5 and 19,No,Single person,Between 1 and 5 years,Regional
279,1987,Female,Administrative and Support Services,Administrative Services,Clerical and administrative ,Office Managers and Program Administrators,Between 5 and 19,Yes,Single person,Between 1 and 5 years,Regional
1273,1961,Female,Arts and Recreation Services,Creative and Performing Arts Activities,Managers,Specialist Managers,I am the only employee,Yes,Single person,Between 1 and 5 years,Regional
500,1981,Male,Education and Training,Tertiary Education,Professionals,"Business, Human Resource and Marketing Professionals",More than 200,No,Single person,Between 1 and 5 years,Regional
35,1996,Male,Information Media and Telecommunications,Internet Publishing and Broadcasting,Managers,"Chief Executives, General Managers and Legislators",More than 200,Yes,Single person,Between 1 and 5 years,Regional
94,1992,Female,Health Care and Social Assistance,Medical and Other Health Care Services,Managers,"Chief Executives, General Managers and Legislators",More than 200,Yes,Single person,Between 1 and 5 years,Regional
406,1984,Male,Education and Training,Preschool and School Education,Professionals,Education Professionals,More than 200,No,Single person,Between 1 and 5 years,Regional
368,1985,Male,Education and Training,Tertiary Education,Professionals,Education Professionals,More than 200,Yes,Single person,Between 1 and 5 years,Regional
7,2000,Male,"Electricity, Gas, Water and Waste Services",Electricity Supply,Technicians and trades ,"Engineering, ICT and Science Technicians",More than 200,Yes,Single person,Between 1 and 5 years,Regional
1034,1967,Male,"Transport, Postal and Warehousing",Rail Transport,Managers,"Hospitality, Retail and Service Managers",More than 200,Yes,Single person,Between 1 and 5 years,Regional
932,1970,Female,"Professional, Scientific and Technical Services",Computer System Design and Related Services,Professionals,ICT Professionals,More than 200,No,Single person,Between 1 and 5 years,Regional
440,1983,Female,Administrative and Support Services,Administrative Services,Clerical and administrative ,Office Managers and Program Administrators,More than 200,Yes,Single person,Between 1 and 5 years,Regional
117,1991,Female,Education and Training,Tertiary Education,Professionals,Education Professionals,Between 1 and 4,Yes,Couple with dependent children,Between 6 and 12 months,Regional
85,1993,Female,Administrative and Support Services,Administrative Services,Managers,Specialist Managers,Between 20 and 199,Yes,Couple with dependent children,Between 6 and 12 months,Regional
676,1977,Male,"Transport, Postal and Warehousing",Air and Space Transport,Managers,Specialist Managers,Between 20 and 199,No,Couple with dependent children,Between 6 and 12 months,Regional
902,1971,Male,"Transport, Postal and Warehousing",Rail Transport,Labourers,Factory Process ,More than 200,No,Couple with dependent children,Between 6 and 12 months,Regional
508,1981,Female,Health Care and Social Assistance,Social Assistance Services,Community and personal service ,Health and Welfare Support ,More than 200,No,Couple with dependent children,Between 6 and 12 months,Regional
147,1990,Female,Public Administration and Safety,Public Administration,Managers,Specialist Managers,More than 200,Yes,Couple with dependent children,Between 6 and 12 months,Regional
53,1995,Male,"Professional, Scientific and Technical Services",Computer System Design and Related Services,Community and personal service ,Carers and Aides,Between 20 and 199,No,Couple with no dependent children,Between 6 and 12 months,Regional
1491,1956,Male,Education and Training,Preschool and School Education,Professionals,Education Professionals,Between 20 and 199,No,Couple with no dependent children,Between 6 and 12 months,Regional
1292,1961,Male,"Professional, Scientific and Technical Services","Professional, Scientific and Technical Services",Professionals,"Design, Engineering, Science and Transport Professionals",Between 5 and 19,No,Couple with no dependent children,Between 6 and 12 months,Regional
143,1990,Female,Other Services,Personal and Other Services,Labourers,Food Preparation Assistants,Between 5 and 19,Yes,Couple with no dependent children,Between 6 and 12 months,Regional
68,1994,Male,Manufacturing,Machinery and Equipment Manufacturing,Professionals,"Design, Engineering, Science and Transport Professionals",More than 200,No,Couple with no dependent children,Between 6 and 12 months,Regional
470,1982,Female,"Electricity, Gas, Water and Waste Services",Electricity Supply,Clerical and administrative ,Inquiry Clerks and Receptionists,More than 200,No,Couple with no dependent children,Between 6 and 12 months,Regional
1137,1965,Male,"Professional, Scientific and Technical Services","Professional, Scientific and Technical Services",Technicians and trades ,Other Technicians and Trades ,More than 200,Yes,Couple with no dependent children,Between 6 and 12 months,Regional
322,1986,Male,Education and Training,"Adult, Community and Other Education",Managers,Specialist Managers,More than 200,Yes,Couple with no dependent children,Between 6 and 12 months,Regional
222,1989,Male,Information Media and Telecommunications,Telecommunications Services,Managers,Specialist Managers,Between 5 and 19,NA,Group household,Between 6 and 12 months,Regional
382,1985,Female,Manufacturing,"Textile, Leather, Clothing and Footwear Manufacturing",Professionals,"Design, Engineering, Science and Transport Professionals",Between 5 and 19,Yes,One  parent family with dependent children,Between 6 and 12 months,Regional
151,1990,Male,Manufacturing,Basic Chemical and Chemical Product Manufacturing,Machinery operators and drivers,Road and Rail Drivers,I am the only employee,Yes,One  parent family with dependent children,Between 6 and 12 months,Regional
1227,1963,Female,Other Services,Personal and Other Services,Clerical and administrative ,General Clerical ,More than 200,No,One  parent family with dependent children,Between 6 and 12 months,Regional
50,1995,Female,Education and Training,Preschool and School Education,Professionals,Education Professionals,Between 20 and 199,No,Single person,Between 6 and 12 months,Regional
1312,1961,Female,Mining,Exploration and Other Mining Support Services,Clerical and administrative ,Other Clerical and Administrative ,Between 20 and 199,NA,Single person,Between 6 and 12 months,Regional
890,1971,Male,"Professional, Scientific and Technical Services","Professional, Scientific and Technical Services",Technicians and trades ,Other Technicians and Trades ,Between 20 and 199,No,Single person,Between 6 and 12 months,Regional
168,1990,Male,Arts and Recreation Services,Gambling Activities,Managers,Specialist Managers,Between 20 and 199,Yes,Single person,Between 6 and 12 months,Regional
1379,1959,Female,Financial and Insurance Services,Finance,Clerical and administrative ,Clerical and Office Support ,Between 5 and 19,No,Single person,Between 6 and 12 months,Regional
923,1970,Male,"Professional, Scientific and Technical Services","Professional, Scientific and Technical Services",Technicians and trades ,"Engineering, ICT and Science Technicians",Between 5 and 19,Yes,Single person,Between 6 and 12 months,Regional
1444,1957,Male,Public Administration and Safety,Defence,Managers,Specialist Managers,More than 200,Yes,Single person,Between 6 and 12 months,Regional
1057,1967,Female,Arts and Recreation Services,Creative and Performing Arts Activities,Professionals,Arts and Media Professionals,Between 1 and 4,No,Couple with dependent children,More than 5 years,Regional
1220,1963,Male,"Professional, Scientific and Technical Services","Professional, Scientific and Technical Services",Professionals,"Business, Human Resource and Marketing Professionals",Between 1 and 4,Yes,Couple with dependent children,More than 5 years,Regional
1030,1967,Male,"Rental, Hiring and Real Estate Services",Property Operators and Real Estate Services,Managers,Specialist Managers,Between 1 and 4,Yes,Couple with dependent children,More than 5 years,Regional
555,1980,Female,Construction,Building Construction,Managers,"Chief Executives, General Managers and Legislators",Between 20 and 199,Yes,Couple with dependent children,More than 5 years,Regional
176,1990,Male,Manufacturing,Fabricated Metal Product Manufacturing,Managers,"Chief Executives, General Managers and Legislators",Between 20 and 199,Yes,Couple with dependent children,More than 5 years,Regional
1390,1959,Male,Manufacturing,Fabricated Metal Product Manufacturing,Managers,"Chief Executives, General Managers and Legislators",Between 20 and 199,Yes,Couple with dependent children,More than 5 years,Regional
432,1983,Male,Manufacturing,Machinery and Equipment Manufacturing,Managers,"Chief Executives, General Managers and Legislators",Between 20 and 199,Yes,Couple with dependent children,More than 5 years,Regional
564,1980,Female,Other Services,Private Households Employing Staff and Undifferentiated Goods,Managers,"Chief Executives, General Managers and Legislators",Between 20 and 199,NA,Couple with dependent children,More than 5 years,Regional
572,1979,Female,"Professional, Scientific and Technical Services","Professional, Scientific and Technical Services",Professionals,"Design, Engineering, Science and Transport Professionals",Between 20 and 199,No,Couple with dependent children,More than 5 years,Regional
672,1977,Female,"Professional, Scientific and Technical Services",Computer System Design and Related Services,Clerical and administrative ,General Clerical ,Between 20 and 199,No,Couple with dependent children,More than 5 years,Regional
744,1975,Male,Health Care and Social Assistance,Hospitals,Professionals,Health Professionals,Between 20 and 199,Yes,Couple with dependent children,More than 5 years,Regional
635,1978,Male,Accommodation and Food Services,Accommodation,Managers,"Hospitality, Retail and Service Managers",Between 20 and 199,Yes,Couple with dependent children,More than 5 years,Regional
636,1978,Male,Accommodation and Food Services,Accommodation,Managers,"Hospitality, Retail and Service Managers",Between 20 and 199,Yes,Couple with dependent children,More than 5 years,Regional
641,1978,Male,Accommodation and Food Services,Accommodation,Managers,"Hospitality, Retail and Service Managers",Between 20 and 199,NA,Couple with dependent children,More than 5 years,Regional
1162,1964,Female,"Professional, Scientific and Technical Services","Professional, Scientific and Technical Services",Professionals,ICT Professionals,Between 20 and 199,No,Couple with dependent children,More than 5 years,Regional
212,1989,Male,"Professional, Scientific and Technical Services","Professional, Scientific and Technical Services",Professionals,ICT Professionals,Between 20 and 199,Yes,Couple with dependent children,More than 5 years,Regional
221,1989,Male,"Professional, Scientific and Technical Services","Professional, Scientific and Technical Services",Professionals,ICT Professionals,Between 20 and 199,NA,Couple with dependent children,More than 5 years,Regional
633,1978,Male,Accommodation and Food Services,Accommodation,Managers,Specialist Managers,Between 20 and 199,Yes,Couple with dependent children,More than 5 years,Regional
562,1980,Male,Retail Trade,Food Retailing,Managers,Specialist Managers,Between 20 and 199,NA,Couple with dependent children,More than 5 years,Regional
499,1981,Female,Other Services,Personal and Other Services,Managers,Specialist Managers,Between 20 and 199,Yes,Couple with dependent children,More than 5 years,Regional
402,1984,Female,Manufacturing,Fabricated Metal Product Manufacturing,Managers,"Chief Executives, General Managers and Legislators",Between 5 and 19,Yes,Couple with dependent children,More than 5 years,Regional
934,1970,Male,Other Services,Repair and Maintenance,Technicians and trades ,Electrotechnology and Telecommunications Trades ,Between 5 and 19,Yes,Couple with dependent children,More than 5 years,Regional
870,1971,Female,Education and Training,Preschool and School Education,Clerical and administrative ,General Clerical ,Between 5 and 19,No,Couple with dependent children,More than 5 years,Regional
937,1970,Male,Health Care and Social Assistance,Medical and Other Health Care Services,Professionals,Health Professionals,Between 5 and 19,Yes,Couple with dependent children,More than 5 years,Regional
590,1979,Male,Information Media and Telecommunications,Library and Other Information Services,Professionals,ICT Professionals,Between 5 and 19,Yes,Couple with dependent children,More than 5 years,Regional
1218,1963,Female,Other Services,Personal and Other Services,Clerical and administrative ,Office Managers and Program Administrators,Between 5 and 19,Yes,Couple with dependent children,More than 5 years,Regional
451,1983,Female,Administrative and Support Services,"Building Cleaning, Pest Control and Other Support Services",Sales ,Sales Representatives and Agents,Between 5 and 19,No,Couple with dependent children,More than 5 years,Regional
1305,1961,Male,"Agriculture, Forestry and Fishing",Agriculture,Technicians and trades ,Skilled Animal and Horticultural ,Between 5 and 19,Yes,Couple with dependent children,More than 5 years,Regional
1085,1966,Male,Administrative and Support Services,"Building Cleaning, Pest Control and Other Support Services",Managers,Specialist Managers,Between 5 and 19,Yes,Couple with dependent children,More than 5 years,Regional
669,1977,Female,Retail Trade,Other Store-Based Retailing,Managers,Specialist Managers,Between 5 and 19,Yes,Couple with dependent children,More than 5 years,Regional
1426,1958,Male,Manufacturing,Machinery and Equipment Manufacturing,Managers,"Chief Executives, General Managers and Legislators",I am the only employee,NA,Couple with dependent children,More than 5 years,Regional
1044,1967,Male,Other Services,Personal and Other Services,Professionals,Education Professionals,I am the only employee,Yes,Couple with dependent children,More than 5 years,Regional
1226,1963,Male,"Professional, Scientific and Technical Services",Computer System Design and Related Services,Professionals,ICT Professionals,I am the only employee,No,Couple with dependent children,More than 5 years,Regional
1494,1956,Male,"Professional, Scientific and Technical Services","Professional, Scientific and Technical Services",Clerical and administrative ,Office Managers and Program Administrators,I am the only employee,NA,Couple with dependent children,More than 5 years,Regional
732,1975,Female,"Transport, Postal and Warehousing",Air and Space Transport,Professionals,"Business, Human Resource and Marketing Professionals",More than 200,No,Couple with dependent children,More than 5 years,Regional
618,1978,Female,Education and Training,Tertiary Education,Professionals,"Business, Human Resource and Marketing Professionals",More than 200,No,Couple with dependent children,More than 5 years,Regional
334,1986,Female,Financial and Insurance Services,Finance,Managers,"Chief Executives, General Managers and Legislators",More than 200,Yes,Couple with dependent children,More than 5 years,Regional
931,1970,Male,Education and Training,Preschool and School Education,Managers,"Chief Executives, General Managers and Legislators",More than 200,Yes,Couple with dependent children,More than 5 years,Regional
747,1975,Male,Construction,Construction Services,Clerical and administrative ,Clerical and Office Support ,More than 200,Yes,Couple with dependent children,More than 5 years,Regional
1175,1964,Female,Health Care and Social Assistance,Residential Care Services,Clerical and administrative ,Clerical and Office Support ,More than 200,Yes,Couple with dependent children,More than 5 years,Regional
805,1973,Male,Public Administration and Safety,Public Administration,Professionals,"Design, Engineering, Science and Transport Professionals",More than 200,No,Couple with dependent children,More than 5 years,Regional
1311,1961,Male,Public Administration and Safety,Public Administration,Professionals,"Design, Engineering, Science and Transport Professionals",More than 200,No,Couple with dependent children,More than 5 years,Regional
491,1981,Female,Education and Training,Preschool and School Education,Professionals,Education Professionals,More than 200,No,Couple with dependent children,More than 5 years,Regional
419,1984,Male,Education and Training,Preschool and School Education,Professionals,Education Professionals,More than 200,Yes,Couple with dependent children,More than 5 years,Regional
951,1970,Male,Education and Training,Preschool and School Education,Professionals,Education Professionals,More than 200,NA,Couple with dependent children,More than 5 years,Regional
1056,1967,Male,Education and Training,Tertiary Education,Professionals,Education Professionals,More than 200,Yes,Couple with dependent children,More than 5 years,Regional
1120,1965,Male,Manufacturing,Beverage and Tobacco Product Manufacturing,Technicians and trades ,"Engineering, ICT and Science Technicians",More than 200,Yes,Couple with dependent children,More than 5 years,Regional
418,1984,Male,Manufacturing,Primary Metal and Metal Product Manufacturing,Technicians and trades ,"Engineering, ICT and Science Technicians",More than 200,No,Couple with dependent children,More than 5 years,Regional
593,1979,Male,"Rental, Hiring and Real Estate Services",Rental and Hiring Services (except Real Estate),Technicians and trades ,"Engineering, ICT and Science Technicians",More than 200,NA,Couple with dependent children,More than 5 years,Regional
801,1973,Male,Health Care and Social Assistance,Hospitals,Professionals,Health Professionals,More than 200,Yes,Couple with dependent children,More than 5 years,Regional
1040,1967,Male,Health Care and Social Assistance,Medical and Other Health Care Services,Professionals,Health Professionals,More than 200,Yes,Couple with dependent children,More than 5 years,Regional
782,1974,Female,Retail Trade,Food Retailing,Managers,"Hospitality, Retail and Service Managers",More than 200,Yes,Couple with dependent children,More than 5 years,Regional
1046,1967,Female,Administrative and Support Services,Administrative Services,Professionals,ICT Professionals,More than 200,No,Couple with dependent children,More than 5 years,Regional
550,1980,Female,Financial and Insurance Services,Finance,Sales ,Sales Assistants and Salespersons,More than 200,No,Couple with dependent children,More than 5 years,Regional
468,1982,Male,Construction,Building Construction,Managers,Specialist Managers,More than 200,Yes,Couple with dependent children,More than 5 years,Regional
474,1982,Male,Construction,Construction Services,Managers,Specialist Managers,More than 200,Yes,Couple with dependent children,More than 5 years,Regional
770,1974,Female,Other Services,Personal and Other Services,Managers,Specialist Managers,More than 200,Yes,Couple with dependent children,More than 5 years,Regional
1166,1964,Male,Manufacturing,Primary Metal and Metal Product Manufacturing,Managers,Specialist Managers,More than 200,Yes,Couple with dependent children,More than 5 years,Regional
1253,1962,Female,"Professional, Scientific and Technical Services","Professional, Scientific and Technical Services",Professionals,Arts and Media Professionals,Between 1 and 4,No,Couple with no dependent children,More than 5 years,Regional
1291,1961,Male,"Professional, Scientific and Technical Services","Professional, Scientific and Technical Services",Professionals,"Business, Human Resource and Marketing Professionals",Between 1 and 4,Yes,Couple with no dependent children,More than 5 years,Regional
1214,1963,Female,"Electricity, Gas, Water and Waste Services",Gas Supply,Clerical and administrative ,Clerical and Office Support ,Between 1 and 4,No,Couple with no dependent children,More than 5 years,Regional
1009,1968,Female,Education and Training,"Adult, Community and Other Education",Professionals,Education Professionals,Between 1 and 4,Yes,Couple with no dependent children,More than 5 years,Regional
1360,1960,Female,Administrative and Support Services,Administrative Services,Clerical and administrative ,General Clerical ,Between 1 and 4,No,Couple with no dependent children,More than 5 years,Regional
1366,1959,Male,Financial and Insurance Services,Finance,Professionals,"Legal, Social and Welfare Professionals",Between 1 and 4,Yes,Couple with no dependent children,More than 5 years,Regional
202,1989,Female,Wholesale Trade,"Grocery, Liquor and Tobacco Product Wholesaling",Clerical and administrative ,Other Clerical and Administrative ,Between 1 and 4,No,Couple with no dependent children,More than 5 years,Regional
341,1986,Female,Other Services,Personal and Other Services,Technicians and trades ,Other Technicians and Trades ,Between 1 and 4,NA,Couple with no dependent children,More than 5 years,Regional
561,1980,Female,Manufacturing,Fabricated Metal Product Manufacturing,Technicians and trades ,Automotive and Engineering Trades ,Between 20 and 199,Yes,Couple with no dependent children,More than 5 years,Regional
1071,1966,Male,"Professional, Scientific and Technical Services",Computer System Design and Related Services,Managers,"Chief Executives, General Managers and Legislators",Between 20 and 199,Yes,Couple with no dependent children,More than 5 years,Regional
1414,1958,Female,Education and Training,Preschool and School Education,Clerical and administrative ,Clerical and Office Support ,Between 20 and 199,No,Couple with no dependent children,More than 5 years,Regional
307,1986,Female,Health Care and Social Assistance,Medical and Other Health Care Services,Community and personal service ,Health and Welfare Support ,Between 20 and 199,Yes,Couple with no dependent children,More than 5 years,Regional
795,1973,Female,Information Media and Telecommunications,Library and Other Information Services,Professionals,ICT Professionals,Between 20 and 199,No,Couple with no dependent children,More than 5 years,Regional
1413,1958,Male,Manufacturing,Food Product Manufacturing,Machinery operators and drivers,Machine and Stationary Plant Operators,Between 20 and 199,No,Couple with no dependent children,More than 5 years,Regional
229,1988,Female,Other Services,Personal and Other Services,Clerical and administrative ,Numerical Clerks,Between 20 and 199,Yes,Couple with no dependent children,More than 5 years,Regional
827,1972,Female,Manufacturing,Food Product Manufacturing,Clerical and administrative ,Other Clerical and Administrative ,Between 20 and 199,No,Couple with no dependent children,More than 5 years,Regional
1256,1962,Female,Information Media and Telecommunications,Library and Other Information Services,Technicians and trades ,Other Technicians and Trades ,Between 20 and 199,No,Couple with no dependent children,More than 5 years,Regional
1251,1962,Female,Manufacturing,Fabricated Metal Product Manufacturing,Managers,Specialist Managers,Between 20 and 199,Yes,Couple with no dependent children,More than 5 years,Regional
1067,1966,Male,Other Services,Repair and Maintenance,Managers,Specialist Managers,Between 20 and 199,Yes,Couple with no dependent children,More than 5 years,Regional
1280,1961,Male,Manufacturing,Transport Equipment Manufacturing,Managers,Specialist Managers,Between 20 and 199,No,Couple with no dependent children,More than 5 years,Regional
1462,1957,Female,Accommodation and Food Services,Food and Beverage Services,Managers,"Chief Executives, General Managers and Legislators",Between 5 and 19,NA,Couple with no dependent children,More than 5 years,Regional
1151,1964,Female,Financial and Insurance Services,Insurance and Superannuation Funds,Clerical and administrative ,Clerical and Office Support ,Between 5 and 19,No,Couple with no dependent children,More than 5 years,Regional
1487,1956,Female,Education and Training,"Adult, Community and Other Education",Professionals,Education Professionals,Between 5 and 19,Yes,Couple with no dependent children,More than 5 years,Regional
1492,1956,Female,Education and Training,"Adult, Community and Other Education",Professionals,Education Professionals,Between 5 and 19,NA,Couple with no dependent children,More than 5 years,Regional
1126,1965,Female,Education and Training,Preschool and School Education,Labourers,Other Labourers,Between 5 and 19,No,Couple with no dependent children,More than 5 years,Regional
1425,1958,Female,Health Care and Social Assistance,Medical and Other Health Care Services,Technicians and trades ,Other Technicians and Trades ,Between 5 and 19,No,Couple with no dependent children,More than 5 years,Regional
241,1988,Female,Administrative and Support Services,Administrative Services,Clerical and administrative ,Personal Assistants and Secretaries,Between 5 and 19,No,Couple with no dependent children,More than 5 years,Regional
1468,1956,Female,Retail Trade,Other Store-Based Retailing,Sales ,Sales Representatives and Agents,Between 5 and 19,Yes,Couple with no dependent children,More than 5 years,Regional
1308,1961,Male,"Rental, Hiring and Real Estate Services",Property Operators and Real Estate Services,Sales ,Sales Representatives and Agents,Between 5 and 19,No,Couple with no dependent children,More than 5 years,Regional
1469,1956,Male,"Agriculture, Forestry and Fishing",Forestry and Logging,Managers,Specialist Managers,Between 5 and 19,Yes,Couple with no dependent children,More than 5 years,Regional
1449,1957,Female,"Professional, Scientific and Technical Services","Professional, Scientific and Technical Services",Professionals,"Business, Human Resource and Marketing Professionals",I am the only employee,No,Couple with no dependent children,More than 5 years,Regional
960,1969,Female,Health Care and Social Assistance,Medical and Other Health Care Services,Managers,"Chief Executives, General Managers and Legislators",I am the only employee,No,Couple with no dependent children,More than 5 years,Regional
1174,1964,Female,Education and Training,Preschool and School Education,Professionals,Education Professionals,I am the only employee,Yes,Couple with no dependent children,More than 5 years,Regional
1309,1961,Female,Retail Trade,Non-Store Retailing and Retail Commission-Based Buying and/or Selling,Managers,"Hospitality, Retail and Service Managers",I am the only employee,No,Couple with no dependent children,More than 5 years,Regional
1397,1959,Female,"Professional, Scientific and Technical Services","Professional, Scientific and Technical Services",Professionals,"Legal, Social and Welfare Professionals",I am the only employee,NA,Couple with no dependent children,More than 5 years,Regional
793,1973,Female,Other Services,Personal and Other Services,Community and personal service ,Sports and Personal Service ,I am the only employee,No,Couple with no dependent children,More than 5 years,Regional
437,1983,Male,Manufacturing,Machinery and Equipment Manufacturing,Professionals,"Design, Engineering, Science and Transport Professionals",More than 200,Yes,Couple with no dependent children,More than 5 years,Regional
1478,1956,Male,"Professional, Scientific and Technical Services","Professional, Scientific and Technical Services",Professionals,"Design, Engineering, Science and Transport Professionals",More than 200,No,Couple with no dependent children,More than 5 years,Regional
1490,1956,Male,"Professional, Scientific and Technical Services","Professional, Scientific and Technical Services",Professionals,"Design, Engineering, Science and Transport Professionals",More than 200,No,Couple with no dependent children,More than 5 years,Regional
251,1988,Male,Public Administration and Safety,"Public Order, Safety and Regulatory Services",Professionals,"Design, Engineering, Science and Transport Professionals",More than 200,No,Couple with no dependent children,More than 5 years,Regional
1282,1961,Male,Public Administration and Safety,"Public Order, Safety and Regulatory Services",Professionals,"Design, Engineering, Science and Transport Professionals",More than 200,Yes,Couple with no dependent children,More than 5 years,Regional
1479,1956,Male,Education and Training,Tertiary Education,Professionals,"Design, Engineering, Science and Transport Professionals",More than 200,Yes,Couple with no dependent children,More than 5 years,Regional
1150,1964,Female,Education and Training,Preschool and School Education,Professionals,Education Professionals,More than 200,Yes,Couple with no dependent children,More than 5 years,Regional
1344,1960,Female,Education and Training,Tertiary Education,Professionals,Education Professionals,More than 200,No,Couple with no dependent children,More than 5 years,Regional
1066,1966,Female,Health Care and Social Assistance,Medical and Other Health Care Services,Professionals,Health Professionals,More than 200,Yes,Couple with no dependent children,More than 5 years,Regional
1325,1960,Female,Health Care and Social Assistance,Residential Care Services,Professionals,Health Professionals,More than 200,Yes,Couple with no dependent children,More than 5 years,Regional
1211,1963,Male,Retail Trade,Motor Vehicle and Motor Vehicle Parts Retailing,Managers,"Hospitality, Retail and Service Managers",More than 200,Yes,Couple with no dependent children,More than 5 years,Regional
1499,1955,Female,"Professional, Scientific and Technical Services",Computer System Design and Related Services,Professionals,ICT Professionals,More than 200,No,Couple with no dependent children,More than 5 years,Regional
1340,1960,Male,Manufacturing,Primary Metal and Metal Product Manufacturing,Professionals,ICT Professionals,More than 200,No,Couple with no dependent children,More than 5 years,Regional
1014,1968,Female,Administrative and Support Services,Administrative Services,Clerical and administrative ,Inquiry Clerks and Receptionists,More than 200,No,Couple with no dependent children,More than 5 years,Regional
1288,1961,Male,Other Services,Personal and Other Services,Clerical and administrative ,Office Managers and Program Administrators,More than 200,Yes,Couple with no dependent children,More than 5 years,Regional
983,1969,Female,Financial and Insurance Services,Finance,Clerical and administrative ,Other Clerical and Administrative ,More than 200,No,Couple with no dependent children,More than 5 years,Regional
1286,1961,Female,Administrative and Support Services,Administrative Services,Clerical and administrative ,Personal Assistants and Secretaries,More than 200,No,Couple with no dependent children,More than 5 years,Regional
1337,1960,Male,Public Administration and Safety,Defence,Managers,Specialist Managers,More than 200,Yes,Couple with no dependent children,More than 5 years,Regional
298,1987,Male,Arts and Recreation Services,Heritage Activities,Managers,Specialist Managers,More than 200,Yes,Couple with no dependent children,More than 5 years,Regional
304,1987,Male,Arts and Recreation Services,Heritage Activities,Managers,Specialist Managers,More than 200,NA,Couple with no dependent children,More than 5 years,Regional
1329,1960,Male,Information Media and Telecommunications,Library and Other Information Services,Managers,Specialist Managers,More than 200,Yes,Couple with no dependent children,More than 5 years,Regional
1389,1959,Female,Education and Training,Preschool and School Education,Managers,Specialist Managers,More than 200,Yes,Couple with no dependent children,More than 5 years,Regional
207,1989,Male,"Professional, Scientific and Technical Services","Professional, Scientific and Technical Services",Managers,Specialist Managers,More than 200,Yes,Couple with no dependent children,More than 5 years,Regional
1110,1965,Male,"Professional, Scientific and Technical Services","Professional, Scientific and Technical Services",Managers,Specialist Managers,More than 200,Yes,Couple with no dependent children,More than 5 years,Regional
1453,1957,Male,"Professional, Scientific and Technical Services","Professional, Scientific and Technical Services",Managers,Specialist Managers,More than 200,Yes,Couple with no dependent children,More than 5 years,Regional
803,1973,Female,Public Administration and Safety,Public Administration,Managers,Specialist Managers,More than 200,Yes,Couple with no dependent children,More than 5 years,Regional
1465,1957,Male,Public Administration and Safety,Public Administration,Managers,Specialist Managers,More than 200,NA,Couple with no dependent children,More than 5 years,Regional
1163,1964,Male,Public Administration and Safety,"Public Order, Safety and Regulatory Services",Managers,Specialist Managers,More than 200,Yes,Couple with no dependent children,More than 5 years,Regional
1130,1965,Female,Health Care and Social Assistance,Social Assistance Services,Managers,Specialist Managers,More than 200,Yes,Couple with no dependent children,More than 5 years,Regional
1212,1963,Male,Education and Training,Tertiary Education,Managers,Specialist Managers,More than 200,Yes,Couple with no dependent children,More than 5 years,Regional
314,1986,Female,Financial and Insurance Services,Insurance and Superannuation Funds,Clerical and administrative ,Other Clerical and Administrative ,Between 20 and 199,Yes,Group household,More than 5 years,Regional
255,1988,Female,Arts and Recreation Services,Sports and Recreation Activities,Professionals,"Business, Human Resource and Marketing Professionals",Between 5 and 19,No,Group household,More than 5 years,Regional
234,1988,Male,Retail Trade,Non-Store Retailing and Retail Commission-Based Buying and/or Selling,Managers,"Chief Executives, General Managers and Legislators",I am the only employee,No,Group household,More than 5 years,Regional
1209,1963,Female,Construction,Building Construction,Professionals,"Design, Engineering, Science and Transport Professionals",Between 20 and 199,Yes,Multiple family household,More than 5 years,Regional
1156,1964,Female,Arts and Recreation Services,Creative and Performing Arts Activities,Professionals,Arts and Media Professionals,I am the only employee,No,Multiple family household,More than 5 years,Regional
661,1977,Female,Education and Training,Tertiary Education,Managers,Specialist Managers,More than 200,Yes,Multiple family household,More than 5 years,Regional
486,1982,Male,Manufacturing,Transport Equipment Manufacturing,Managers,Specialist Managers,More than 200,Yes,Multiple family household,More than 5 years,Regional
1497,1955,Female,Arts and Recreation Services,Creative and Performing Arts Activities,Professionals,Arts and Media Professionals,Between 1 and 4,Yes,One  parent family with dependent children,More than 5 years,Regional
813,1973,Male,Information Media and Telecommunications,Broadcasting (except Internet),Professionals,Arts and Media Professionals,Between 20 and 199,Yes,One  parent family with dependent children,More than 5 years,Regional
680,1977,Female,"Transport, Postal and Warehousing",Road Transport,Clerical and administrative ,Clerical and Office Support ,Between 20 and 199,NA,One  parent family with dependent children,More than 5 years,Regional
792,1973,Female,Mining,Coal Mining,Professionals,"Business, Human Resource and Marketing Professionals",I am the only employee,Yes,One  parent family with dependent children,More than 5 years,Regional
1392,1959,Female,Health Care and Social Assistance,Social Assistance Services,Community and personal service ,Carers and Aides,More than 200,No,Other one family household,More than 5 years,Regional
235,1988,Male,Education and Training,"Adult, Community and Other Education",Clerical and administrative ,Clerical and Office Support ,More than 200,No,Other one family household,More than 5 years,Regional
935,1970,Male,"Professional, Scientific and Technical Services",Computer System Design and Related Services,Professionals,ICT Professionals,More than 200,No,Other one family household,More than 5 years,Regional
863,1972,Male,Education and Training,"Adult, Community and Other Education",Professionals,Education Professionals,Between 1 and 4,NA,Single person,More than 5 years,Regional
1183,1964,Male,Health Care and Social Assistance,Social Assistance Services,Community and personal service ,Health and Welfare Support ,Between 1 and 4,No,Single person,More than 5 years,Regional
1190,1964,Male,Health Care and Social Assistance,Social Assistance Services,Community and personal service ,Health and Welfare Support ,Between 1 and 4,NA,Single person,More than 5 years,Regional
1434,1957,Male,"Agriculture, Forestry and Fishing",Agriculture,Managers,Specialist Managers,Between 1 and 4,Yes,Single person,More than 5 years,Regional
100,1992,Female,Other Services,Personal and Other Services,Managers,"Chief Executives, General Managers and Legislators",Between 20 and 199,Yes,Single person,More than 5 years,Regional
1388,1959,Female,Education and Training,"Adult, Community and Other Education",Professionals,Education Professionals,Between 20 and 199,No,Single person,More than 5 years,Regional
1402,1958,Female,Education and Training,Preschool and School Education,Professionals,Education Professionals,Between 20 and 199,No,Single person,More than 5 years,Regional
108,1992,Female,Accommodation and Food Services,Food and Beverage Services,Managers,"Hospitality, Retail and Service Managers",Between 20 and 199,Yes,Single person,More than 5 years,Regional
584,1979,Male,"Professional, Scientific and Technical Services","Professional, Scientific and Technical Services",Professionals,"Business, Human Resource and Marketing Professionals",Between 5 and 19,Yes,Single person,More than 5 years,Regional
1377,1959,Female,Arts and Recreation Services,Sports and Recreation Activities,Managers,"Chief Executives, General Managers and Legislators",Between 5 and 19,Yes,Single person,More than 5 years,Regional
1245,1962,Male,Arts and Recreation Services,Sports and Recreation Activities,Technicians and trades ,Electrotechnology and Telecommunications Trades ,Between 5 and 19,Yes,Single person,More than 5 years,Regional
652,1977,Female,"Professional, Scientific and Technical Services","Professional, Scientific and Technical Services",Professionals,"Legal, Social and Welfare Professionals",Between 5 and 19,No,Single person,More than 5 years,Regional
956,1969,Male,Arts and Recreation Services,Creative and Performing Arts Activities,Professionals,Arts and Media Professionals,I am the only employee,No,Single person,More than 5 years,Regional
1384,1959,Male,"Professional, Scientific and Technical Services","Professional, Scientific and Technical Services",Managers,"Chief Executives, General Managers and Legislators",I am the only employee,No,Single person,More than 5 years,Regional
1429,1957,Male,Education and Training,"Adult, Community and Other Education",Professionals,Education Professionals,I am the only employee,No,Single person,More than 5 years,Regional
1297,1961,Male,Health Care and Social Assistance,Medical and Other Health Care Services,Professionals,Health Professionals,I am the only employee,Yes,Single person,More than 5 years,Regional
54,1995,Female,"Professional, Scientific and Technical Services","Professional, Scientific and Technical Services",Professionals,"Business, Human Resource and Marketing Professionals",More than 200,Yes,Single person,More than 5 years,Regional
1439,1957,Male,Education and Training,Preschool and School Education,Managers,"Chief Executives, General Managers and Legislators",More than 200,Yes,Single person,More than 5 years,Regional
877,1971,Female,Public Administration and Safety,"Public Order, Safety and Regulatory Services",Managers,"Chief Executives, General Managers and Legislators",More than 200,Yes,Single person,More than 5 years,Regional
895,1971,Female,"Agriculture, Forestry and Fishing","Agriculture, Forestry and Fishing Support Services",Clerical and administrative ,Clerical and Office Support ,More than 200,No,Single person,More than 5 years,Regional
1217,1963,Female,Education and Training,Tertiary Education,Professionals,"Design, Engineering, Science and Transport Professionals",More than 200,Yes,Single person,More than 5 years,Regional
708,1976,Male,Education and Training,Tertiary Education,Professionals,Education Professionals,More than 200,Yes,Single person,More than 5 years,Regional
835,1972,Male,Information Media and Telecommunications,Telecommunications Services,Technicians and trades ,Electrotechnology and Telecommunications Trades ,More than 200,No,Single person,More than 5 years,Regional
725,1975,Female,Education and Training,Tertiary Education,Clerical and administrative ,Other Clerical and Administrative ,More than 200,No,Single person,More than 5 years,Regional
122,1991,Female,Retail Trade,Food Retailing,Managers,Specialist Managers,More than 200,Yes,Single person,More than 5 years,Regional
315,1986,Female,Education and Training,Preschool and School Education,Managers,Specialist Managers,More than 200,Yes,Single person,More than 5 years,Regional
