response_id,remote_work_time_last_year,org_encouraged_remote_last_year,org_prepared_remote_last_year,remote_common_last_year,remote_permission_last_year,remote_collaboration_last_year,recommend_remote_last_year,preferred_remote_time_last_year,remote_work_time_last_3_months,org_encouraged_remote_3_months,org_prepared_remote_3_months,remote_common_3_months,remote_permission_3_months
1,10%,NA,NA,NA,NA,NA,NA,10%,10%,NA,NA,Neither agree nor disagree,Strongly agree
2,10%,NA,NA,NA,NA,NA,NA,10%,10%,NA,NA,Strongly agree,Strongly agree
3,10%,NA,NA,NA,NA,NA,NA,10%,10%,NA,NA,Strongly disagree,Neither agree nor disagree
4,10%,NA,NA,NA,NA,NA,NA,10%,10%,NA,NA,Neither agree nor disagree,Strongly agree
5,10%,NA,NA,NA,NA,NA,NA,10%,10%,NA,NA,Strongly agree,Strongly agree
6,10%,NA,NA,NA,NA,NA,NA,10%,10%,NA,NA,Strongly agree,Strongly agree
7,10%,NA,NA,NA,NA,NA,NA,10%,10%,NA,NA,Strongly agree,Somewhat agree
8,10%,NA,NA,NA,NA,NA,NA,10%,10%,NA,NA,Strongly agree,Somewhat agree
9,10%,NA,NA,NA,NA,NA,NA,10%,10%,NA,NA,Somewhat disagree,Neither agree nor disagree
10,10%,NA,NA,NA,NA,NA,NA,10%,10%,NA,NA,Strongly agree,Somewhat agree
11,10%,NA,NA,NA,NA,NA,NA,10%,10%,NA,NA,Neither agree nor disagree,Neither agree nor disagree
12,10%,NA,NA,NA,NA,NA,NA,10%,10%,NA,NA,Strongly agree,Strongly agree
13,10%,NA,NA,NA,NA,NA,NA,10%,10%,NA,NA,Neither agree nor disagree,Neither agree nor disagree
14,10%,NA,NA,NA,NA,NA,NA,10%,10%,NA,NA,Neither agree nor disagree,Somewhat agree
15,10%,NA,NA,NA,NA,NA,NA,10%,10%,NA,NA,Strongly agree,Strongly agree
16,10%,NA,NA,NA,NA,NA,NA,10%,10%,NA,NA,Neither agree nor disagree,Neither agree nor disagree
17,10%,NA,NA,NA,NA,NA,NA,10%,10%,NA,NA,Neither agree nor disagree,Neither agree nor disagree
18,10%,NA,NA,NA,NA,NA,NA,10%,10%,NA,NA,Neither agree nor disagree,Neither agree nor disagree
19,10%,NA,NA,NA,NA,NA,NA,10%,10%,NA,NA,Neither agree nor disagree,Neither agree nor disagree
20,10%,NA,NA,NA,NA,NA,NA,10%,10%,NA,NA,Strongly agree,Strongly agree
21,10%,NA,NA,NA,NA,NA,NA,10%,10%,NA,NA,Neither agree nor disagree,Neither agree nor disagree
22,10%,NA,NA,NA,NA,NA,NA,10%,10%,NA,NA,Somewhat disagree,Strongly disagree
23,10%,NA,NA,NA,NA,NA,NA,10%,10%,NA,NA,Neither agree nor disagree,Neither agree nor disagree
24,10%,NA,NA,NA,NA,NA,NA,10%,10%,NA,NA,Neither agree nor disagree,Neither agree nor disagree
25,10%,NA,NA,NA,NA,NA,NA,10%,10%,NA,NA,Strongly agree,Strongly agree
26,10%,NA,NA,NA,NA,NA,NA,10%,10%,NA,NA,Neither agree nor disagree,Somewhat agree
27,10%,NA,NA,NA,NA,NA,NA,10%,10%,NA,NA,Strongly agree,Strongly agree
28,10%,NA,NA,NA,NA,NA,NA,10%,10%,NA,NA,Strongly agree,Strongly agree
29,10%,NA,NA,NA,NA,NA,NA,10%,10%,NA,NA,Neither agree nor disagree,Somewhat agree
30,10%,NA,NA,NA,NA,NA,NA,10%,10%,NA,NA,Neither agree nor disagree,Neither agree nor disagree
31,10%,NA,NA,NA,NA,NA,NA,10%,10%,NA,NA,Strongly agree,Strongly agree
32,10%,NA,NA,NA,NA,NA,NA,10%,10%,Neither agree nor disagree,Neither agree nor disagree,Somewhat agree,Somewhat agree
33,10%,NA,NA,NA,NA,NA,NA,10%,10%,Neither agree nor disagree,Neither agree nor disagree,Strongly agree,Strongly agree
34,10%,NA,NA,NA,NA,NA,NA,10%,10%,Neither agree nor disagree,Neither agree nor disagree,NA,NA
35,10%,NA,NA,NA,NA,NA,NA,10%,10%,Neither agree nor disagree,Neither agree nor disagree,Neither agree nor disagree,Neither agree nor disagree
36,10%,NA,NA,NA,NA,NA,NA,10%,10%,Neither agree nor disagree,Neither agree nor disagree,Neither agree nor disagree,Somewhat agree
37,10%,NA,NA,NA,NA,NA,NA,10%,10%,Neither agree nor disagree,Neither agree nor disagree,Strongly agree,Strongly agree
38,10%,NA,NA,NA,NA,NA,NA,10%,10%,Neither agree nor disagree,Neither agree nor disagree,Neither agree nor disagree,Neither agree nor disagree
39,10%,NA,NA,NA,NA,NA,NA,10%,10%,Neither agree nor disagree,Neither agree nor disagree,Somewhat disagree,Strongly agree
40,10%,NA,NA,NA,NA,NA,NA,10%,10%,Neither agree nor disagree,Neither agree nor disagree,Somewhat agree,Somewhat agree
41,10%,NA,NA,NA,NA,NA,NA,10%,10%,Neither agree nor disagree,Neither agree nor disagree,Neither agree nor disagree,Strongly agree
42,10%,NA,NA,NA,NA,NA,NA,10%,10%,Neither agree nor disagree,Neither agree nor disagree,Somewhat agree,Strongly agree
43,10%,NA,NA,NA,NA,NA,NA,10%,10%,Neither agree nor disagree,Neither agree nor disagree,Somewhat agree,Somewhat agree
44,10%,NA,NA,NA,NA,NA,NA,10%,10%,Neither agree nor disagree,Neither agree nor disagree,Somewhat agree,Somewhat agree
45,10%,NA,NA,NA,NA,NA,NA,10%,10%,Neither agree nor disagree,Neither agree nor disagree,Somewhat agree,Strongly agree
46,10%,NA,NA,NA,NA,NA,NA,10%,10%,Neither agree nor disagree,Neither agree nor disagree,Somewhat agree,Somewhat disagree
47,10%,NA,NA,NA,NA,NA,NA,10%,10%,Neither agree nor disagree,Neither agree nor disagree,Somewhat agree,Somewhat agree
48,10%,NA,NA,NA,NA,NA,NA,10%,10%,Neither agree nor disagree,Neither agree nor disagree,Strongly agree,Strongly agree
49,10%,NA,NA,NA,NA,NA,NA,10%,10%,Neither agree nor disagree,Neither agree nor disagree,Somewhat agree,Neither agree nor disagree
50,10%,NA,NA,NA,NA,NA,NA,10%,10%,Neither agree nor disagree,Neither agree nor disagree,Somewhat agree,Neither agree nor disagree
51,10%,NA,NA,NA,NA,NA,NA,10%,10%,Neither agree nor disagree,Neither agree nor disagree,Somewhat agree,Neither agree nor disagree
52,10%,NA,NA,NA,NA,NA,NA,10%,10%,Neither agree nor disagree,Neither agree nor disagree,Strongly agree,Strongly agree
53,10%,NA,NA,NA,NA,NA,NA,10%,10%,Neither agree nor disagree,Neither agree nor disagree,Somewhat agree,Neither agree nor disagree
54,10%,NA,NA,NA,NA,NA,NA,10%,10%,Neither agree nor disagree,Neither agree nor disagree,Somewhat agree,Somewhat agree
55,10%,NA,NA,NA,NA,NA,NA,10%,10%,Neither agree nor disagree,Neither agree nor disagree,Strongly agree,Strongly agree
56,10%,NA,NA,NA,NA,NA,NA,10%,10%,Neither agree nor disagree,Neither agree nor disagree,Somewhat agree,Somewhat agree
57,10%,NA,NA,NA,NA,NA,NA,10%,10%,Neither agree nor disagree,Neither agree nor disagree,Somewhat agree,Strongly agree
58,10%,NA,NA,NA,NA,NA,NA,10%,10%,Neither agree nor disagree,Neither agree nor disagree,Somewhat agree,Somewhat agree
59,10%,NA,NA,NA,NA,NA,NA,10%,10%,Neither agree nor disagree,Neither agree nor disagree,Somewhat agree,Strongly agree
60,10%,NA,NA,NA,NA,NA,NA,10%,20%,Neither agree nor disagree,Neither agree nor disagree,Somewhat agree,Somewhat agree
61,10%,NA,NA,NA,NA,NA,NA,10%,20%,Neither agree nor disagree,Neither agree nor disagree,Strongly agree,Strongly agree
62,10%,NA,NA,NA,NA,NA,NA,10%,20%,Neither agree nor disagree,Neither agree nor disagree,Neither agree nor disagree,Somewhat agree
63,10%,NA,NA,NA,NA,NA,NA,10%,20%,Neither agree nor disagree,Neither agree nor disagree,Strongly disagree,Strongly agree
64,10%,NA,NA,NA,NA,NA,NA,10%,20%,Neither agree nor disagree,Neither agree nor disagree,Somewhat agree,Strongly agree
65,10%,NA,NA,NA,NA,NA,NA,10%,20%,Neither agree nor disagree,Neither agree nor disagree,Strongly agree,Strongly agree
66,10%,NA,NA,NA,NA,NA,NA,10%,20%,Neither agree nor disagree,Neither agree nor disagree,Neither agree nor disagree,Neither agree nor disagree
67,10%,NA,NA,NA,NA,NA,NA,10%,20%,Neither agree nor disagree,Neither agree nor disagree,Strongly agree,Strongly agree
68,10%,NA,NA,NA,NA,NA,NA,10%,20%,Neither agree nor disagree,Neither agree nor disagree,Strongly disagree,Strongly agree
69,10%,NA,NA,NA,NA,NA,NA,10%,20%,Neither agree nor disagree,Neither agree nor disagree,Somewhat disagree,Somewhat agree
70,10%,NA,NA,NA,NA,NA,NA,10%,20%,Neither agree nor disagree,Neither agree nor disagree,Strongly agree,Strongly agree
71,10%,NA,NA,NA,NA,NA,NA,10%,20%,Neither agree nor disagree,Neither agree nor disagree,Somewhat agree,Somewhat agree
72,10%,NA,NA,NA,NA,NA,NA,10%,20%,Neither agree nor disagree,Neither agree nor disagree,Strongly agree,Neither agree nor disagree
73,10%,NA,NA,NA,NA,NA,NA,10%,20%,Neither agree nor disagree,Neither agree nor disagree,Somewhat disagree,Somewhat agree
74,10%,NA,NA,NA,NA,NA,NA,10%,20%,Neither agree nor disagree,Neither agree nor disagree,NA,NA
75,10%,NA,NA,NA,NA,NA,NA,10%,20%,Neither agree nor disagree,Neither agree nor disagree,Somewhat agree,Strongly agree
76,10%,NA,NA,NA,NA,NA,NA,10%,20%,Neither agree nor disagree,Neither agree nor disagree,Somewhat agree,Somewhat agree
77,10%,NA,NA,NA,NA,NA,NA,10%,20%,Neither agree nor disagree,Neither agree nor disagree,Neither agree nor disagree,Strongly agree
78,10%,NA,NA,NA,NA,NA,NA,10%,20%,Neither agree nor disagree,Neither agree nor disagree,Strongly agree,Strongly agree
79,10%,NA,NA,NA,NA,NA,NA,10%,20%,Neither agree nor disagree,Neither agree nor disagree,Strongly agree,Strongly agree
80,10%,NA,NA,NA,NA,NA,NA,10%,20%,Neither agree nor disagree,Neither agree nor disagree,Somewhat agree,Neither agree nor disagree
81,10%,NA,NA,NA,NA,NA,NA,10%,20%,Neither agree nor disagree,Neither agree nor disagree,Strongly agree,Strongly agree
82,10%,NA,NA,NA,NA,NA,NA,10%,20%,Neither agree nor disagree,Neither agree nor disagree,Somewhat disagree,Strongly agree
83,10%,NA,NA,NA,NA,NA,NA,10%,20%,Neither agree nor disagree,Neither agree nor disagree,Strongly agree,Strongly agree
84,10%,NA,NA,NA,NA,NA,NA,10%,20%,Neither agree nor disagree,Neither agree nor disagree,Somewhat agree,Strongly agree
85,10%,NA,NA,NA,NA,NA,NA,10%,20%,Neither agree nor disagree,Neither agree nor disagree,Strongly agree,Somewhat agree
86,10%,NA,NA,NA,NA,NA,NA,10%,20%,Neither agree nor disagree,Neither agree nor disagree,Somewhat agree,Strongly agree
87,10%,NA,NA,NA,NA,NA,NA,10%,20%,Neither agree nor disagree,Neither agree nor disagree,Somewhat agree,Neither agree nor disagree
88,10%,NA,NA,NA,NA,NA,NA,10%,20%,Neither agree nor disagree,Neither agree nor disagree,Somewhat agree,Strongly agree
89,10%,NA,NA,NA,NA,NA,NA,10%,20%,Neither agree nor disagree,Neither agree nor disagree,Somewhat agree,Somewhat agree
90,10%,NA,NA,NA,NA,NA,NA,10%,20%,Neither agree nor disagree,Neither agree nor disagree,Somewhat agree,Somewhat agree
91,10%,NA,NA,NA,NA,NA,NA,10%,20%,Neither agree nor disagree,Neither agree nor disagree,Somewhat agree,Strongly agree
92,10%,NA,NA,NA,NA,NA,NA,10%,20%,Neither agree nor disagree,Neither agree nor disagree,Strongly agree,Strongly agree
93,10%,NA,NA,NA,NA,NA,NA,10%,20%,Neither agree nor disagree,Neither agree nor disagree,Strongly agree,Strongly agree
94,10%,NA,NA,NA,NA,NA,NA,10%,20%,Neither agree nor disagree,Neither agree nor disagree,Strongly agree,Strongly agree
95,10%,NA,NA,NA,NA,NA,NA,10%,20%,Neither agree nor disagree,Neither agree nor disagree,Strongly agree,Strongly agree
96,10%,NA,NA,NA,NA,NA,NA,10%,20%,Neither agree nor disagree,Neither agree nor disagree,Strongly agree,Strongly agree
97,10%,NA,NA,NA,NA,NA,NA,10%,20%,Neither agree nor disagree,Neither agree nor disagree,Strongly disagree,Strongly disagree
98,10%,NA,NA,NA,NA,NA,NA,20%,20%,Neither agree nor disagree,Neither agree nor disagree,Strongly agree,Strongly agree
99,10%,NA,NA,NA,NA,NA,NA,20%,20%,Neither agree nor disagree,Neither agree nor disagree,Strongly disagree,Somewhat agree
100,10%,NA,NA,NA,NA,NA,NA,20%,20%,Neither agree nor disagree,Neither agree nor disagree,Strongly agree,Somewhat agree
101,10%,NA,NA,NA,NA,NA,NA,20%,20%,Neither agree nor disagree,Neither agree nor disagree,Neither agree nor disagree,Somewhat disagree
102,10%,NA,NA,NA,NA,NA,NA,20%,20%,Neither agree nor disagree,Neither agree nor disagree,Somewhat agree,Strongly disagree
103,10%,NA,NA,NA,NA,NA,NA,20%,20%,Neither agree nor disagree,Neither agree nor disagree,Strongly agree,Strongly agree
104,10%,NA,NA,NA,NA,NA,NA,20%,20%,Neither agree nor disagree,Neither agree nor disagree,Somewhat agree,Strongly agree
105,10%,NA,NA,NA,NA,NA,NA,20%,20%,Neither agree nor disagree,Neither agree nor disagree,Strongly disagree,Strongly agree
106,10%,NA,NA,NA,NA,NA,NA,20%,20%,Neither agree nor disagree,Neither agree nor disagree,Strongly disagree,Strongly disagree
107,10%,NA,NA,NA,NA,NA,NA,20%,20%,Neither agree nor disagree,Neither agree nor disagree,Neither agree nor disagree,Strongly agree
108,10%,NA,NA,NA,NA,NA,NA,20%,20%,Neither agree nor disagree,Neither agree nor disagree,Somewhat disagree,Somewhat disagree
109,10%,NA,NA,NA,NA,NA,NA,20%,20%,Neither agree nor disagree,Neither agree nor disagree,Strongly disagree,Strongly disagree
110,10%,NA,NA,NA,NA,NA,NA,20%,20%,Neither agree nor disagree,Neither agree nor disagree,Strongly agree,Strongly agree
111,10%,NA,NA,NA,NA,NA,NA,20%,20%,Neither agree nor disagree,Neither agree nor disagree,Somewhat agree,Strongly agree
112,10%,NA,NA,NA,NA,NA,NA,20%,20%,Neither agree nor disagree,Neither agree nor disagree,Neither agree nor disagree,Somewhat agree
113,10%,NA,NA,NA,NA,NA,NA,20%,20%,Neither agree nor disagree,Neither agree nor disagree,Strongly agree,Strongly agree
114,10%,NA,NA,NA,NA,NA,NA,20%,20%,Neither agree nor disagree,Neither agree nor disagree,Strongly agree,Strongly agree
115,10%,NA,NA,NA,NA,NA,NA,20%,20%,Neither agree nor disagree,Neither agree nor disagree,Strongly agree,Strongly agree
116,10%,NA,NA,NA,NA,NA,NA,20%,20%,Neither agree nor disagree,Neither agree nor disagree,Somewhat disagree,Neither agree nor disagree
117,10%,NA,NA,NA,NA,NA,NA,20%,20%,Neither agree nor disagree,Neither agree nor disagree,Somewhat disagree,Somewhat disagree
118,10%,NA,NA,NA,NA,NA,NA,20%,20%,Neither agree nor disagree,Neither agree nor disagree,Somewhat agree,Somewhat agree
119,10%,NA,NA,NA,NA,NA,NA,20%,20%,Neither agree nor disagree,Neither agree nor disagree,Somewhat agree,Strongly agree
120,10%,NA,NA,NA,NA,NA,NA,20%,20%,Neither agree nor disagree,Neither agree nor disagree,Strongly agree,Strongly agree
121,10%,NA,NA,NA,NA,NA,NA,20%,20%,Neither agree nor disagree,Neither agree nor disagree,Somewhat disagree,Neither agree nor disagree
122,10%,NA,NA,NA,NA,NA,NA,20%,20%,Neither agree nor disagree,Neither agree nor disagree,Somewhat agree,Somewhat disagree
123,10%,NA,NA,NA,NA,NA,NA,20%,20%,Neither agree nor disagree,Neither agree nor disagree,Strongly agree,Strongly agree
124,10%,NA,NA,NA,NA,NA,NA,20%,20%,Neither agree nor disagree,Neither agree nor disagree,Strongly agree,Strongly agree
125,10%,NA,NA,NA,NA,NA,NA,20%,20%,Neither agree nor disagree,Neither agree nor disagree,Somewhat agree,Strongly agree
126,10%,NA,NA,NA,NA,NA,NA,20%,20%,Neither agree nor disagree,Neither agree nor disagree,Somewhat agree,Strongly agree
127,10%,NA,NA,NA,NA,NA,NA,20%,20%,Neither agree nor disagree,Neither agree nor disagree,Somewhat agree,Strongly agree
128,10%,NA,NA,NA,NA,NA,NA,20%,20%,Neither agree nor disagree,Neither agree nor disagree,Somewhat agree,Strongly agree
129,10%,NA,NA,NA,NA,NA,NA,20%,20%,Neither agree nor disagree,Neither agree nor disagree,Neither agree nor disagree,Somewhat agree
130,10%,NA,NA,NA,NA,NA,NA,20%,20%,Neither agree nor disagree,Neither agree nor disagree,Somewhat agree,Strongly agree
131,10%,NA,NA,NA,NA,NA,NA,20%,20%,Neither agree nor disagree,Neither agree nor disagree,Somewhat agree,Strongly agree
132,10%,NA,NA,NA,NA,NA,NA,20%,20%,Neither agree nor disagree,Neither agree nor disagree,Strongly agree,Neither agree nor disagree
133,10%,NA,NA,NA,NA,NA,NA,20%,20%,Neither agree nor disagree,Neither agree nor disagree,Somewhat agree,Strongly agree
134,10%,NA,NA,NA,NA,NA,NA,20%,20%,Neither agree nor disagree,Neither agree nor disagree,Somewhat agree,Somewhat agree
135,10%,NA,NA,NA,NA,NA,NA,20%,20%,Neither agree nor disagree,Neither agree nor disagree,Strongly agree,Somewhat agree
136,10%,NA,NA,NA,NA,NA,NA,20%,20%,Neither agree nor disagree,Neither agree nor disagree,Strongly agree,Strongly agree
137,10%,NA,NA,NA,NA,NA,NA,20%,20%,Neither agree nor disagree,Neither agree nor disagree,Neither agree nor disagree,Neither agree nor disagree
138,10%,NA,NA,NA,NA,NA,NA,20%,20%,Neither agree nor disagree,Neither agree nor disagree,Strongly agree,Strongly agree
139,10%,NA,NA,NA,NA,NA,NA,20%,20%,Neither agree nor disagree,Neither agree nor disagree,Neither agree nor disagree,Neither agree nor disagree
140,10%,NA,NA,NA,NA,NA,NA,20%,20%,Neither agree nor disagree,Neither agree nor disagree,Neither agree nor disagree,Neither agree nor disagree
141,10%,NA,NA,NA,NA,NA,NA,20%,20%,Neither agree nor disagree,Neither agree nor disagree,Neither agree nor disagree,Strongly agree
142,10%,NA,NA,NA,NA,NA,NA,20%,20%,Neither agree nor disagree,Neither agree nor disagree,Somewhat agree,Neither agree nor disagree
143,10%,NA,NA,NA,NA,NA,NA,20%,20%,Neither agree nor disagree,Neither agree nor disagree,Strongly agree,Strongly agree
144,10%,NA,NA,NA,NA,NA,NA,20%,20%,Neither agree nor disagree,Neither agree nor disagree,Neither agree nor disagree,Neither agree nor disagree
145,10%,NA,NA,NA,NA,NA,NA,20%,20%,Neither agree nor disagree,Neither agree nor disagree,NA,NA
146,10%,NA,NA,NA,NA,NA,NA,20%,20%,Neither agree nor disagree,Neither agree nor disagree,Somewhat disagree,Neither agree nor disagree
147,10%,NA,NA,NA,NA,NA,NA,20%,20%,Neither agree nor disagree,Neither agree nor disagree,Somewhat agree,Strongly agree
148,20%,NA,NA,NA,NA,NA,NA,20%,20%,Neither agree nor disagree,Neither agree nor disagree,Strongly agree,Strongly agree
149,20%,NA,NA,NA,NA,NA,NA,20%,20%,Neither agree nor disagree,Neither agree nor disagree,Somewhat agree,Strongly agree
150,20%,NA,NA,NA,NA,NA,NA,20%,20%,Neither agree nor disagree,Neither agree nor disagree,Strongly agree,Strongly agree
151,20%,NA,NA,NA,NA,NA,NA,20%,20%,Neither agree nor disagree,Neither agree nor disagree,Strongly agree,Somewhat agree
152,20%,NA,NA,NA,NA,NA,NA,20%,20%,Neither agree nor disagree,Neither agree nor disagree,Strongly agree,Strongly agree
153,20%,NA,NA,NA,NA,NA,NA,20%,20%,Neither agree nor disagree,Neither agree nor disagree,Somewhat agree,Somewhat agree
154,20%,NA,NA,NA,NA,NA,NA,20%,20%,Neither agree nor disagree,Neither agree nor disagree,Somewhat agree,Somewhat agree
155,20%,NA,NA,NA,NA,NA,NA,20%,20%,Neither agree nor disagree,Neither agree nor disagree,Strongly agree,Strongly agree
156,20%,NA,NA,NA,NA,NA,NA,20%,20%,Neither agree nor disagree,Neither agree nor disagree,Neither agree nor disagree,Neither agree nor disagree
157,20%,NA,NA,NA,NA,NA,NA,20%,20%,Neither agree nor disagree,Neither agree nor disagree,Somewhat agree,Somewhat agree
158,20%,NA,NA,NA,NA,NA,NA,20%,20%,Neither agree nor disagree,Neither agree nor disagree,Strongly agree,Strongly agree
159,20%,NA,NA,NA,NA,NA,NA,20%,20%,Neither agree nor disagree,Neither agree nor disagree,Neither agree nor disagree,Neither agree nor disagree
160,20%,NA,NA,NA,NA,NA,NA,20%,20%,Neither agree nor disagree,Neither agree nor disagree,Strongly agree,Strongly agree
161,20%,NA,NA,NA,NA,NA,NA,20%,20%,Neither agree nor disagree,Neither agree nor disagree,Somewhat agree,Strongly agree
162,20%,NA,NA,NA,NA,NA,NA,20%,20%,Neither agree nor disagree,Neither agree nor disagree,Somewhat agree,Somewhat agree
163,20%,NA,NA,NA,NA,NA,NA,20%,20%,Neither agree nor disagree,Neither agree nor disagree,Strongly agree,Strongly agree
164,20%,NA,NA,NA,NA,NA,NA,20%,20%,Neither agree nor disagree,Neither agree nor disagree,Strongly agree,Somewhat agree
165,20%,NA,NA,NA,NA,NA,NA,20%,20%,Neither agree nor disagree,Neither agree nor disagree,Somewhat disagree,Strongly agree
166,20%,NA,NA,NA,NA,NA,NA,20%,20%,Neither agree nor disagree,Neither agree nor disagree,Strongly agree,Strongly agree
167,20%,NA,NA,NA,NA,NA,NA,20%,20%,Neither agree nor disagree,Neither agree nor disagree,Strongly agree,Strongly agree
168,20%,NA,NA,NA,NA,NA,NA,20%,30%,Neither agree nor disagree,Neither agree nor disagree,NA,NA
169,20%,NA,NA,NA,NA,NA,NA,20%,30%,Neither agree nor disagree,Neither agree nor disagree,Strongly agree,Strongly agree
170,20%,NA,NA,NA,NA,NA,NA,20%,30%,Neither agree nor disagree,Neither agree nor disagree,Somewhat agree,Strongly agree
171,20%,NA,NA,NA,NA,NA,NA,20%,30%,Neither agree nor disagree,Neither agree nor disagree,Neither agree nor disagree,Somewhat agree
172,20%,NA,NA,NA,NA,NA,NA,20%,30%,Neither agree nor disagree,Neither agree nor disagree,Strongly agree,Strongly agree
173,20%,NA,NA,NA,NA,NA,NA,20%,30%,Neither agree nor disagree,Neither agree nor disagree,Neither agree nor disagree,Somewhat disagree
174,20%,NA,NA,NA,NA,NA,NA,20%,30%,Neither agree nor disagree,Neither agree nor disagree,Neither agree nor disagree,Neither agree nor disagree
175,20%,NA,NA,NA,NA,NA,NA,20%,30%,Neither agree nor disagree,Neither agree nor disagree,Strongly agree,Strongly agree
176,20%,NA,NA,NA,NA,NA,NA,20%,30%,Neither agree nor disagree,Neither agree nor disagree,Strongly agree,Strongly agree
177,20%,NA,NA,NA,NA,NA,NA,20%,30%,Neither agree nor disagree,Neither agree nor disagree,Strongly agree,Strongly agree
178,20%,NA,NA,NA,NA,NA,NA,20%,30%,Neither agree nor disagree,Neither agree nor disagree,Somewhat agree,Strongly agree
179,20%,NA,NA,NA,NA,NA,NA,20%,30%,Neither agree nor disagree,Neither agree nor disagree,Strongly agree,Strongly agree
180,20%,NA,NA,NA,NA,NA,NA,20%,30%,Neither agree nor disagree,Neither agree nor disagree,Strongly agree,Strongly agree
181,20%,NA,NA,NA,NA,NA,NA,20%,30%,Neither agree nor disagree,Neither agree nor disagree,Somewhat agree,Somewhat agree
182,20%,NA,NA,NA,NA,NA,NA,20%,30%,Neither agree nor disagree,Neither agree nor disagree,Somewhat agree,Somewhat agree
183,20%,NA,NA,NA,NA,NA,NA,20%,30%,Neither agree nor disagree,Neither agree nor disagree,Strongly agree,Strongly agree
184,20%,NA,NA,NA,NA,NA,NA,20%,30%,Neither agree nor disagree,Neither agree nor disagree,Somewhat agree,Somewhat agree
185,20%,NA,NA,NA,NA,NA,NA,20%,30%,Neither agree nor disagree,Neither agree nor disagree,Strongly agree,Strongly agree
186,20%,NA,NA,NA,NA,NA,NA,20%,30%,Neither agree nor disagree,Neither agree nor disagree,Neither agree nor disagree,Somewhat agree
187,20%,NA,NA,NA,NA,NA,NA,20%,30%,Neither agree nor disagree,Neither agree nor disagree,Neither agree nor disagree,Somewhat agree
188,20%,NA,NA,NA,NA,NA,NA,20%,30%,Neither agree nor disagree,Neither agree nor disagree,Somewhat agree,Strongly agree
189,20%,NA,NA,NA,NA,NA,NA,20%,30%,Neither agree nor disagree,Neither agree nor disagree,Strongly agree,Strongly agree
190,20%,NA,NA,NA,NA,NA,NA,20%,30%,Neither agree nor disagree,Neither agree nor disagree,Somewhat agree,Somewhat agree
191,20%,NA,NA,NA,NA,NA,NA,20%,30%,Neither agree nor disagree,Neither agree nor disagree,Somewhat agree,Strongly agree
192,20%,NA,NA,NA,NA,NA,NA,20%,30%,Neither agree nor disagree,Neither agree nor disagree,Somewhat agree,Somewhat agree
193,20%,NA,NA,NA,NA,NA,NA,20%,30%,Neither agree nor disagree,Neither agree nor disagree,Neither agree nor disagree,Somewhat agree
194,20%,NA,NA,NA,NA,NA,NA,20%,30%,Neither agree nor disagree,Neither agree nor disagree,Strongly agree,Strongly agree
195,20%,NA,NA,NA,NA,NA,NA,20%,30%,Neither agree nor disagree,Neither agree nor disagree,Somewhat agree,Somewhat agree
196,20%,NA,NA,NA,NA,NA,NA,20%,30%,Neither agree nor disagree,Neither agree nor disagree,Somewhat agree,Somewhat agree
197,20%,NA,NA,NA,NA,NA,NA,20%,30%,Neither agree nor disagree,Neither agree nor disagree,Neither agree nor disagree,Somewhat agree
198,20%,NA,NA,NA,NA,NA,NA,20%,30%,Neither agree nor disagree,Neither agree nor disagree,Somewhat agree,Somewhat agree
199,20%,NA,NA,NA,NA,NA,NA,20%,30%,Neither agree nor disagree,Neither agree nor disagree,Somewhat agree,Somewhat agree
200,20%,NA,NA,NA,NA,NA,NA,20%,30%,Neither agree nor disagree,Neither agree nor disagree,Somewhat agree,Neither agree nor disagree
201,20%,NA,NA,NA,NA,NA,NA,20%,30%,Neither agree nor disagree,Neither agree nor disagree,Strongly agree,Strongly agree
202,20%,NA,NA,NA,NA,NA,NA,20%,30%,Neither agree nor disagree,Neither agree nor disagree,Somewhat agree,Strongly agree
203,20%,NA,NA,NA,NA,NA,NA,20%,30%,Neither agree nor disagree,Neither agree nor disagree,Somewhat agree,Somewhat agree
204,20%,NA,NA,NA,NA,NA,NA,20%,30%,Neither agree nor disagree,Neither agree nor disagree,Somewhat agree,Somewhat agree
205,20%,NA,NA,NA,NA,NA,NA,20%,30%,Neither agree nor disagree,Neither agree nor disagree,Strongly agree,Strongly agree
206,20%,NA,NA,NA,NA,NA,NA,20%,30%,Neither agree nor disagree,Neither agree nor disagree,Somewhat agree,Somewhat agree
207,20%,NA,NA,NA,NA,NA,NA,20%,30%,Neither agree nor disagree,Neither agree nor disagree,Somewhat agree,Strongly agree
208,20%,NA,NA,NA,NA,NA,NA,20%,30%,Neither agree nor disagree,Neither agree nor disagree,Strongly agree,Strongly agree
209,20%,NA,NA,NA,NA,NA,NA,20%,30%,Neither agree nor disagree,Neither agree nor disagree,Somewhat agree,Somewhat agree
210,20%,NA,NA,NA,NA,NA,NA,20%,30%,Neither agree nor disagree,Neither agree nor disagree,Somewhat agree,Somewhat agree
211,20%,NA,NA,NA,NA,NA,NA,20%,30%,Neither agree nor disagree,Neither agree nor disagree,Somewhat agree,Somewhat agree
212,20%,NA,NA,NA,NA,NA,NA,20%,30%,Neither agree nor disagree,Neither agree nor disagree,Strongly agree,Strongly agree
213,20%,NA,NA,NA,NA,NA,NA,20%,30%,Neither agree nor disagree,Neither agree nor disagree,Somewhat agree,Strongly agree
214,20%,NA,NA,NA,NA,NA,NA,20%,30%,Neither agree nor disagree,Neither agree nor disagree,Somewhat agree,Somewhat agree
215,20%,NA,NA,NA,NA,NA,NA,20%,30%,Neither agree nor disagree,Neither agree nor disagree,Strongly agree,Strongly agree
216,20%,NA,NA,NA,NA,NA,NA,20%,30%,Neither agree nor disagree,Neither agree nor disagree,Strongly agree,Strongly agree
217,20%,NA,NA,NA,NA,NA,NA,20%,30%,Neither agree nor disagree,Neither agree nor disagree,Somewhat agree,Somewhat agree
218,20%,NA,NA,NA,NA,NA,NA,20%,30%,Neither agree nor disagree,Neither agree nor disagree,Strongly agree,Neither agree nor disagree
219,20%,NA,NA,NA,NA,NA,NA,20%,30%,Neither agree nor disagree,Neither agree nor disagree,Somewhat agree,Somewhat agree
220,20%,NA,NA,NA,NA,NA,NA,20%,30%,Neither agree nor disagree,Neither agree nor disagree,Somewhat agree,Somewhat agree
221,20%,NA,NA,NA,NA,NA,NA,20%,30%,Neither agree nor disagree,Neither agree nor disagree,Somewhat agree,Somewhat agree
222,20%,NA,NA,NA,NA,NA,NA,20%,30%,Neither agree nor disagree,Neither agree nor disagree,Strongly agree,Strongly agree
223,20%,NA,NA,NA,NA,NA,NA,20%,30%,Neither agree nor disagree,Neither agree nor disagree,Somewhat agree,Strongly agree
224,20%,NA,NA,NA,NA,NA,NA,20%,30%,Neither agree nor disagree,Neither agree nor disagree,Somewhat agree,Somewhat agree
225,20%,NA,NA,NA,NA,NA,NA,20%,30%,Neither agree nor disagree,Neither agree nor disagree,Somewhat agree,Somewhat agree
226,20%,NA,NA,NA,NA,NA,NA,20%,30%,Neither agree nor disagree,Neither agree nor disagree,Strongly agree,Strongly agree
227,20%,NA,NA,NA,NA,NA,NA,20%,30%,Neither agree nor disagree,Neither agree nor disagree,Strongly agree,Strongly agree
228,20%,NA,NA,NA,NA,NA,NA,20%,30%,Neither agree nor disagree,Neither agree nor disagree,Somewhat agree,Strongly agree
229,20%,NA,NA,NA,NA,NA,NA,20%,30%,Neither agree nor disagree,Neither agree nor disagree,Strongly agree,Strongly agree
230,20%,NA,NA,NA,NA,NA,NA,20%,30%,Neither agree nor disagree,Somewhat agree,Strongly agree,Strongly agree
231,20%,NA,NA,NA,NA,NA,NA,20%,30%,Neither agree nor disagree,Somewhat agree,Strongly agree,Strongly agree
232,20%,NA,NA,NA,NA,NA,NA,20%,30%,Neither agree nor disagree,Somewhat agree,Somewhat agree,Somewhat agree
233,20%,NA,NA,NA,NA,NA,NA,20%,30%,Neither agree nor disagree,Somewhat agree,Strongly agree,Strongly agree
234,20%,NA,NA,NA,NA,NA,NA,20%,30%,Neither agree nor disagree,Somewhat agree,Neither agree nor disagree,Strongly agree
235,20%,NA,NA,NA,NA,NA,NA,20%,30%,Neither agree nor disagree,Somewhat agree,Strongly agree,Strongly agree
236,20%,NA,NA,NA,NA,NA,NA,20%,30%,Neither agree nor disagree,Somewhat agree,Strongly agree,Strongly agree
237,20%,NA,NA,NA,NA,NA,NA,20%,30%,Neither agree nor disagree,Somewhat agree,Somewhat disagree,Somewhat agree
238,20%,NA,NA,NA,NA,NA,NA,20%,30%,Neither agree nor disagree,Somewhat agree,Strongly agree,Strongly agree
239,20%,NA,NA,NA,NA,NA,NA,20%,30%,Neither agree nor disagree,Somewhat agree,Somewhat disagree,Somewhat disagree
240,20%,NA,NA,NA,NA,NA,NA,20%,30%,Neither agree nor disagree,Somewhat agree,Strongly agree,Strongly agree
241,20%,NA,NA,NA,NA,NA,NA,20%,30%,Neither agree nor disagree,Somewhat agree,Strongly agree,Strongly agree
242,20%,NA,NA,NA,NA,NA,NA,20%,30%,Neither agree nor disagree,Somewhat agree,Strongly agree,Strongly agree
243,20%,NA,NA,NA,NA,NA,NA,20%,30%,Neither agree nor disagree,Somewhat agree,NA,NA
244,20%,NA,NA,NA,NA,NA,NA,20%,40%,Neither agree nor disagree,Somewhat agree,Neither agree nor disagree,Neither agree nor disagree
245,20%,NA,NA,NA,NA,NA,NA,20%,40%,Neither agree nor disagree,Somewhat agree,Strongly agree,Strongly agree
246,20%,NA,NA,NA,NA,NA,NA,20%,40%,Somewhat agree,Somewhat agree,Neither agree nor disagree,Somewhat agree
247,20%,NA,NA,NA,NA,NA,NA,20%,40%,Somewhat agree,Somewhat agree,Strongly agree,Strongly agree
248,20%,NA,NA,NA,NA,NA,NA,20%,40%,Somewhat agree,Somewhat agree,Strongly agree,Strongly agree
249,20%,NA,NA,NA,NA,NA,NA,20%,40%,Somewhat agree,Somewhat agree,Somewhat disagree,Strongly agree
250,20%,NA,NA,NA,NA,NA,NA,20%,40%,Somewhat agree,Somewhat agree,Neither agree nor disagree,Somewhat agree
251,20%,Neither agree nor disagree,Neither agree nor disagree,Neither agree nor disagree,Neither agree nor disagree,Neither agree nor disagree,Neither agree nor disagree,20%,40%,Somewhat agree,Somewhat agree,Somewhat disagree,Somewhat agree
252,20%,Neither agree nor disagree,Neither agree nor disagree,Neither agree nor disagree,Neither agree nor disagree,Neither agree nor disagree,Neither agree nor disagree,20%,40%,Somewhat agree,Somewhat agree,Neither agree nor disagree,Somewhat agree
253,20%,Neither agree nor disagree,Neither agree nor disagree,Neither agree nor disagree,Neither agree nor disagree,Neither agree nor disagree,Neither agree nor disagree,20%,40%,Somewhat agree,Somewhat agree,Strongly agree,Strongly agree
254,20%,Neither agree nor disagree,Neither agree nor disagree,Neither agree nor disagree,Neither agree nor disagree,Neither agree nor disagree,Neither agree nor disagree,20%,40%,Somewhat agree,Somewhat agree,Strongly agree,Strongly agree
255,20%,Neither agree nor disagree,Neither agree nor disagree,Neither agree nor disagree,Neither agree nor disagree,Neither agree nor disagree,Neither agree nor disagree,20%,40%,Somewhat agree,Somewhat agree,Somewhat agree,Strongly agree
256,20%,Neither agree nor disagree,Neither agree nor disagree,Neither agree nor disagree,Neither agree nor disagree,Neither agree nor disagree,Neither agree nor disagree,20%,40%,Somewhat agree,Somewhat agree,Strongly agree,Strongly agree
257,20%,Neither agree nor disagree,Neither agree nor disagree,Neither agree nor disagree,Neither agree nor disagree,Neither agree nor disagree,Neither agree nor disagree,20%,40%,Somewhat agree,Somewhat agree,Strongly agree,Strongly agree
258,20%,Neither agree nor disagree,Neither agree nor disagree,Neither agree nor disagree,Neither agree nor disagree,Neither agree nor disagree,Neither agree nor disagree,20%,40%,Somewhat agree,Somewhat agree,Somewhat agree,Somewhat agree
259,20%,Neither agree nor disagree,Neither agree nor disagree,Neither agree nor disagree,Neither agree nor disagree,Neither agree nor disagree,Neither agree nor disagree,20%,40%,Somewhat agree,Somewhat agree,Strongly agree,Strongly agree
260,20%,Neither agree nor disagree,Neither agree nor disagree,Neither agree nor disagree,Neither agree nor disagree,Neither agree nor disagree,Neither agree nor disagree,20%,40%,Somewhat agree,Somewhat agree,Strongly agree,Strongly agree
261,20%,Neither agree nor disagree,Neither agree nor disagree,Neither agree nor disagree,Neither agree nor disagree,Neither agree nor disagree,Neither agree nor disagree,20%,40%,Somewhat agree,Somewhat agree,Somewhat agree,Somewhat agree
262,20%,Neither agree nor disagree,Neither agree nor disagree,Neither agree nor disagree,Neither agree nor disagree,Neither agree nor disagree,Neither agree nor disagree,20%,40%,Somewhat agree,Somewhat agree,Neither agree nor disagree,Neither agree nor disagree
263,20%,Neither agree nor disagree,Neither agree nor disagree,Neither agree nor disagree,Neither agree nor disagree,Neither agree nor disagree,Neither agree nor disagree,20%,40%,Somewhat agree,Somewhat agree,Strongly agree,Somewhat agree
264,20%,Neither agree nor disagree,Neither agree nor disagree,Neither agree nor disagree,Neither agree nor disagree,Neither agree nor disagree,Neither agree nor disagree,20%,40%,Somewhat agree,Somewhat agree,Somewhat agree,Strongly agree
265,20%,Neither agree nor disagree,Neither agree nor disagree,Neither agree nor disagree,Neither agree nor disagree,Neither agree nor disagree,Neither agree nor disagree,20%,40%,Somewhat agree,Somewhat agree,Strongly agree,Strongly agree
266,20%,Neither agree nor disagree,Neither agree nor disagree,Neither agree nor disagree,Neither agree nor disagree,Neither agree nor disagree,Neither agree nor disagree,20%,40%,Somewhat agree,Somewhat agree,Neither agree nor disagree,Somewhat agree
267,20%,Neither agree nor disagree,Neither agree nor disagree,Neither agree nor disagree,Neither agree nor disagree,Neither agree nor disagree,Neither agree nor disagree,20%,40%,Somewhat agree,Somewhat agree,NA,NA
268,20%,Neither agree nor disagree,Neither agree nor disagree,Neither agree nor disagree,Neither agree nor disagree,Neither agree nor disagree,Neither agree nor disagree,20%,40%,Somewhat agree,Somewhat agree,Strongly agree,Strongly agree
269,20%,Neither agree nor disagree,Neither agree nor disagree,Neither agree nor disagree,Neither agree nor disagree,Neither agree nor disagree,Neither agree nor disagree,20%,40%,Somewhat agree,Somewhat agree,Somewhat disagree,Neither agree nor disagree
270,20%,Neither agree nor disagree,Neither agree nor disagree,Neither agree nor disagree,Neither agree nor disagree,Neither agree nor disagree,Neither agree nor disagree,20%,40%,Somewhat agree,Somewhat agree,Strongly agree,Strongly agree
271,20%,Neither agree nor disagree,Neither agree nor disagree,Neither agree nor disagree,Neither agree nor disagree,Neither agree nor disagree,Neither agree nor disagree,20%,40%,Somewhat agree,Somewhat agree,Somewhat agree,Somewhat disagree
272,20%,Neither agree nor disagree,Neither agree nor disagree,Neither agree nor disagree,Neither agree nor disagree,Neither agree nor disagree,Neither agree nor disagree,20%,40%,Somewhat agree,Somewhat agree,Strongly agree,Strongly agree
273,20%,Neither agree nor disagree,Neither agree nor disagree,Neither agree nor disagree,Neither agree nor disagree,Neither agree nor disagree,Neither agree nor disagree,20%,40%,Somewhat agree,Somewhat agree,Strongly agree,Strongly agree
274,20%,Neither agree nor disagree,Neither agree nor disagree,Neither agree nor disagree,Neither agree nor disagree,Neither agree nor disagree,Neither agree nor disagree,20%,40%,Somewhat agree,Somewhat agree,Somewhat agree,Strongly agree
275,20%,Neither agree nor disagree,Neither agree nor disagree,Neither agree nor disagree,Neither agree nor disagree,Neither agree nor disagree,Neither agree nor disagree,20%,40%,Somewhat agree,Somewhat agree,Somewhat agree,Strongly agree
276,20%,Neither agree nor disagree,Neither agree nor disagree,Neither agree nor disagree,Neither agree nor disagree,Neither agree nor disagree,Neither agree nor disagree,20%,40%,Somewhat agree,Somewhat agree,Neither agree nor disagree,Somewhat agree
277,20%,Neither agree nor disagree,Neither agree nor disagree,Neither agree nor disagree,Neither agree nor disagree,Neither agree nor disagree,Neither agree nor disagree,20%,40%,Somewhat agree,Somewhat agree,Strongly agree,Strongly agree
278,20%,Neither agree nor disagree,Neither agree nor disagree,Neither agree nor disagree,Neither agree nor disagree,Neither agree nor disagree,Neither agree nor disagree,20%,40%,Somewhat agree,Somewhat agree,Strongly agree,Strongly agree
279,20%,Neither agree nor disagree,Neither agree nor disagree,Neither agree nor disagree,Neither agree nor disagree,Neither agree nor disagree,Neither agree nor disagree,20%,40%,Somewhat agree,Somewhat agree,NA,NA
280,20%,Neither agree nor disagree,Neither agree nor disagree,Neither agree nor disagree,Neither agree nor disagree,Neither agree nor disagree,Neither agree nor disagree,20%,40%,Somewhat agree,Somewhat agree,Strongly agree,Strongly agree
281,20%,Neither agree nor disagree,Neither agree nor disagree,Neither agree nor disagree,Neither agree nor disagree,Neither agree nor disagree,Neither agree nor disagree,20%,40%,Somewhat agree,Somewhat agree,Strongly agree,Strongly agree
282,20%,Neither agree nor disagree,Neither agree nor disagree,Neither agree nor disagree,Neither agree nor disagree,Neither agree nor disagree,Neither agree nor disagree,20%,40%,Somewhat agree,Somewhat agree,NA,NA
283,20%,Neither agree nor disagree,Neither agree nor disagree,Neither agree nor disagree,Neither agree nor disagree,Neither agree nor disagree,Neither agree nor disagree,20%,40%,Somewhat agree,Somewhat agree,Somewhat agree,Strongly agree
284,20%,Neither agree nor disagree,Neither agree nor disagree,Neither agree nor disagree,Neither agree nor disagree,Neither agree nor disagree,Neither agree nor disagree,20%,40%,Somewhat agree,Somewhat agree,Strongly agree,Strongly agree
285,20%,Neither agree nor disagree,Neither agree nor disagree,Neither agree nor disagree,Neither agree nor disagree,Neither agree nor disagree,Neither agree nor disagree,20%,40%,Somewhat agree,Somewhat agree,Somewhat agree,Strongly agree
286,20%,Neither agree nor disagree,Neither agree nor disagree,Neither agree nor disagree,Neither agree nor disagree,Neither agree nor disagree,Neither agree nor disagree,20%,40%,Somewhat agree,Somewhat agree,Strongly agree,Strongly agree
287,20%,Neither agree nor disagree,Neither agree nor disagree,Neither agree nor disagree,Neither agree nor disagree,Neither agree nor disagree,Neither agree nor disagree,20%,40%,Somewhat agree,Somewhat agree,Somewhat agree,Strongly agree
288,20%,Neither agree nor disagree,Neither agree nor disagree,Neither agree nor disagree,Neither agree nor disagree,Neither agree nor disagree,Neither agree nor disagree,20%,40%,Somewhat agree,Somewhat agree,Strongly agree,Strongly agree
289,20%,Neither agree nor disagree,Neither agree nor disagree,Neither agree nor disagree,Neither agree nor disagree,Neither agree nor disagree,Neither agree nor disagree,20%,40%,Somewhat agree,Somewhat agree,Strongly agree,Strongly agree
290,20%,Neither agree nor disagree,Neither agree nor disagree,Neither agree nor disagree,Neither agree nor disagree,Neither agree nor disagree,Neither agree nor disagree,20%,40%,Somewhat agree,Somewhat agree,Strongly agree,Somewhat agree
291,20%,Neither agree nor disagree,Neither agree nor disagree,Neither agree nor disagree,Neither agree nor disagree,Neither agree nor disagree,Neither agree nor disagree,20%,40%,Somewhat agree,Somewhat agree,Strongly agree,Somewhat agree
292,20%,Neither agree nor disagree,Neither agree nor disagree,Neither agree nor disagree,Neither agree nor disagree,Neither agree nor disagree,Neither agree nor disagree,20%,40%,Somewhat agree,Somewhat agree,Strongly agree,Strongly agree
293,20%,Neither agree nor disagree,Neither agree nor disagree,Neither agree nor disagree,Neither agree nor disagree,Neither agree nor disagree,Neither agree nor disagree,20%,40%,Somewhat agree,Somewhat agree,Strongly agree,Strongly agree
294,20%,Neither agree nor disagree,Neither agree nor disagree,Neither agree nor disagree,Neither agree nor disagree,Neither agree nor disagree,Neither agree nor disagree,20%,40%,Somewhat agree,Somewhat agree,Strongly agree,Strongly agree
295,20%,Neither agree nor disagree,Neither agree nor disagree,Neither agree nor disagree,Neither agree nor disagree,Neither agree nor disagree,Neither agree nor disagree,20%,40%,Somewhat agree,Somewhat agree,Strongly agree,Strongly agree
296,20%,Neither agree nor disagree,Neither agree nor disagree,Neither agree nor disagree,Neither agree nor disagree,Neither agree nor disagree,Neither agree nor disagree,20%,40%,Somewhat agree,Somewhat agree,Strongly agree,Neither agree nor disagree
297,20%,Neither agree nor disagree,Neither agree nor disagree,Neither agree nor disagree,Neither agree nor disagree,Neither agree nor disagree,Neither agree nor disagree,20%,40%,Somewhat agree,Somewhat agree,Strongly agree,Strongly agree
298,20%,Neither agree nor disagree,Neither agree nor disagree,Neither agree nor disagree,Neither agree nor disagree,Neither agree nor disagree,Neither agree nor disagree,20%,40%,Somewhat agree,Somewhat agree,Strongly agree,Strongly agree
299,20%,Neither agree nor disagree,Neither agree nor disagree,Neither agree nor disagree,Neither agree nor disagree,Neither agree nor disagree,Neither agree nor disagree,20%,40%,Somewhat agree,Somewhat agree,Strongly agree,Strongly agree
300,20%,Neither agree nor disagree,Neither agree nor disagree,Neither agree nor disagree,Neither agree nor disagree,Neither agree nor disagree,Neither agree nor disagree,20%,40%,Somewhat agree,Somewhat agree,Somewhat agree,Strongly agree
301,20%,Neither agree nor disagree,Neither agree nor disagree,Neither agree nor disagree,Neither agree nor disagree,Neither agree nor disagree,Neither agree nor disagree,20%,40%,Somewhat agree,Somewhat agree,Neither agree nor disagree,Neither agree nor disagree
302,20%,Neither agree nor disagree,Neither agree nor disagree,Neither agree nor disagree,Neither agree nor disagree,Neither agree nor disagree,Neither agree nor disagree,20%,40%,Somewhat agree,Somewhat agree,Strongly agree,Strongly agree
303,20%,Neither agree nor disagree,Neither agree nor disagree,Neither agree nor disagree,Neither agree nor disagree,Neither agree nor disagree,Neither agree nor disagree,20%,40%,Somewhat agree,Somewhat agree,Strongly agree,Strongly agree
304,20%,Neither agree nor disagree,Neither agree nor disagree,Neither agree nor disagree,Neither agree nor disagree,Neither agree nor disagree,Neither agree nor disagree,20%,40%,Somewhat agree,Somewhat agree,Strongly agree,Strongly agree
305,20%,Neither agree nor disagree,Neither agree nor disagree,Neither agree nor disagree,Neither agree nor disagree,Neither agree nor disagree,Neither agree nor disagree,20%,40%,Somewhat agree,Somewhat agree,Somewhat agree,Strongly agree
306,20%,Neither agree nor disagree,Neither agree nor disagree,Neither agree nor disagree,Neither agree nor disagree,Neither agree nor disagree,Neither agree nor disagree,20%,40%,Somewhat agree,Somewhat agree,Strongly agree,Strongly agree
307,20%,Neither agree nor disagree,Neither agree nor disagree,Neither agree nor disagree,Neither agree nor disagree,Neither agree nor disagree,Neither agree nor disagree,20%,40%,Somewhat agree,Somewhat agree,Strongly agree,Strongly agree
308,20%,Neither agree nor disagree,Neither agree nor disagree,Neither agree nor disagree,Neither agree nor disagree,Neither agree nor disagree,Neither agree nor disagree,20%,40%,Somewhat agree,Somewhat agree,Strongly agree,Strongly agree
309,20%,Neither agree nor disagree,Neither agree nor disagree,Neither agree nor disagree,Neither agree nor disagree,Neither agree nor disagree,Neither agree nor disagree,20%,40%,Somewhat agree,Somewhat agree,Strongly agree,Strongly agree
310,20%,Neither agree nor disagree,Neither agree nor disagree,Neither agree nor disagree,Neither agree nor disagree,Neither agree nor disagree,Neither agree nor disagree,20%,40%,Somewhat agree,Somewhat agree,Somewhat agree,Strongly agree
311,20%,Neither agree nor disagree,Neither agree nor disagree,Neither agree nor disagree,Neither agree nor disagree,Neither agree nor disagree,Neither agree nor disagree,20%,40%,Somewhat agree,Somewhat agree,Strongly agree,Strongly agree
312,20%,Neither agree nor disagree,Neither agree nor disagree,Neither agree nor disagree,Neither agree nor disagree,Neither agree nor disagree,Neither agree nor disagree,20%,40%,Somewhat agree,Somewhat agree,Strongly agree,Strongly agree
313,20%,Neither agree nor disagree,Neither agree nor disagree,Neither agree nor disagree,Neither agree nor disagree,Neither agree nor disagree,Neither agree nor disagree,20%,40%,Somewhat agree,Somewhat agree,Somewhat disagree,Neither agree nor disagree
314,20%,Neither agree nor disagree,Neither agree nor disagree,Neither agree nor disagree,Neither agree nor disagree,Neither agree nor disagree,Neither agree nor disagree,20%,40%,Somewhat agree,Somewhat agree,Strongly disagree,Strongly disagree
315,20%,Neither agree nor disagree,Neither agree nor disagree,Neither agree nor disagree,Neither agree nor disagree,Neither agree nor disagree,Neither agree nor disagree,20%,40%,Somewhat agree,Somewhat agree,Strongly agree,Strongly agree
316,20%,Neither agree nor disagree,Neither agree nor disagree,Neither agree nor disagree,Neither agree nor disagree,Neither agree nor disagree,Neither agree nor disagree,20%,40%,Somewhat agree,Somewhat agree,Somewhat agree,Somewhat agree
317,20%,Neither agree nor disagree,Neither agree nor disagree,Neither agree nor disagree,Neither agree nor disagree,Neither agree nor disagree,Neither agree nor disagree,30%,40%,Somewhat agree,Somewhat agree,Somewhat disagree,Somewhat agree
318,20%,Neither agree nor disagree,Neither agree nor disagree,Neither agree nor disagree,Neither agree nor disagree,Neither agree nor disagree,Neither agree nor disagree,30%,40%,Somewhat agree,Somewhat agree,Neither agree nor disagree,Strongly agree
319,20%,Neither agree nor disagree,Neither agree nor disagree,Neither agree nor disagree,Neither agree nor disagree,Neither agree nor disagree,Neither agree nor disagree,30%,40%,Somewhat agree,Somewhat agree,Strongly agree,Strongly agree
320,20%,Neither agree nor disagree,Neither agree nor disagree,Neither agree nor disagree,Neither agree nor disagree,Neither agree nor disagree,Neither agree nor disagree,30%,40%,Somewhat agree,Somewhat agree,Strongly agree,Strongly agree
321,20%,Neither agree nor disagree,Neither agree nor disagree,Neither agree nor disagree,Neither agree nor disagree,Neither agree nor disagree,Neither agree nor disagree,30%,60%,Somewhat agree,Somewhat agree,Somewhat agree,Somewhat agree
322,20%,Neither agree nor disagree,Neither agree nor disagree,Neither agree nor disagree,Neither agree nor disagree,Neither agree nor disagree,Neither agree nor disagree,30%,60%,Somewhat agree,Somewhat agree,Somewhat agree,Somewhat disagree
323,20%,Neither agree nor disagree,Neither agree nor disagree,Neither agree nor disagree,Neither agree nor disagree,Neither agree nor disagree,Neither agree nor disagree,30%,60%,Somewhat agree,Somewhat agree,Somewhat agree,Strongly agree
324,20%,Neither agree nor disagree,Neither agree nor disagree,Neither agree nor disagree,Neither agree nor disagree,Neither agree nor disagree,Neither agree nor disagree,30%,60%,Somewhat agree,Somewhat agree,Somewhat agree,Neither agree nor disagree
325,20%,Neither agree nor disagree,Neither agree nor disagree,Neither agree nor disagree,Neither agree nor disagree,Neither agree nor disagree,Neither agree nor disagree,30%,60%,Somewhat agree,Somewhat agree,Strongly disagree,Strongly disagree
326,20%,Neither agree nor disagree,Neither agree nor disagree,Neither agree nor disagree,Neither agree nor disagree,Neither agree nor disagree,Neither agree nor disagree,30%,60%,Somewhat agree,Somewhat agree,Somewhat disagree,Somewhat disagree
327,20%,Neither agree nor disagree,Neither agree nor disagree,Neither agree nor disagree,Neither agree nor disagree,Neither agree nor disagree,Neither agree nor disagree,30%,60%,Somewhat agree,Somewhat agree,Somewhat agree,Strongly agree
328,20%,Neither agree nor disagree,Neither agree nor disagree,Neither agree nor disagree,Neither agree nor disagree,Neither agree nor disagree,Neither agree nor disagree,30%,60%,Somewhat agree,Somewhat agree,Neither agree nor disagree,Neither agree nor disagree
329,20%,Neither agree nor disagree,Neither agree nor disagree,Neither agree nor disagree,Neither agree nor disagree,Neither agree nor disagree,Neither agree nor disagree,30%,60%,Somewhat agree,Somewhat agree,Neither agree nor disagree,Somewhat agree
330,20%,Neither agree nor disagree,Neither agree nor disagree,Neither agree nor disagree,Neither agree nor disagree,Neither agree nor disagree,Neither agree nor disagree,30%,60%,Somewhat agree,Somewhat agree,Somewhat agree,Somewhat agree
331,20%,Neither agree nor disagree,Neither agree nor disagree,Neither agree nor disagree,Neither agree nor disagree,Neither agree nor disagree,Neither agree nor disagree,30%,60%,Somewhat agree,Somewhat agree,Neither agree nor disagree,Neither agree nor disagree
332,20%,Neither agree nor disagree,Neither agree nor disagree,Neither agree nor disagree,Neither agree nor disagree,Neither agree nor disagree,Neither agree nor disagree,30%,60%,Somewhat agree,Somewhat agree,Somewhat agree,Somewhat agree
333,20%,Neither agree nor disagree,Neither agree nor disagree,Neither agree nor disagree,Neither agree nor disagree,Neither agree nor disagree,Neither agree nor disagree,30%,60%,Somewhat agree,Somewhat agree,Neither agree nor disagree,Strongly agree
334,20%,Neither agree nor disagree,Neither agree nor disagree,Neither agree nor disagree,Neither agree nor disagree,Neither agree nor disagree,Neither agree nor disagree,30%,60%,Somewhat agree,Somewhat agree,Neither agree nor disagree,Neither agree nor disagree
335,20%,Neither agree nor disagree,Neither agree nor disagree,Neither agree nor disagree,Neither agree nor disagree,Neither agree nor disagree,Neither agree nor disagree,30%,60%,Somewhat agree,Somewhat agree,Somewhat agree,Somewhat agree
336,20%,Neither agree nor disagree,Neither agree nor disagree,Neither agree nor disagree,Neither agree nor disagree,Neither agree nor disagree,Neither agree nor disagree,30%,60%,Somewhat agree,Somewhat agree,Neither agree nor disagree,Somewhat agree
337,20%,Neither agree nor disagree,Neither agree nor disagree,Neither agree nor disagree,Neither agree nor disagree,Neither agree nor disagree,Neither agree nor disagree,30%,60%,Somewhat agree,Somewhat agree,Somewhat agree,Neither agree nor disagree
338,20%,Neither agree nor disagree,Neither agree nor disagree,Neither agree nor disagree,Neither agree nor disagree,Neither agree nor disagree,Neither agree nor disagree,30%,60%,Somewhat agree,Somewhat agree,Somewhat agree,Neither agree nor disagree
339,20%,Neither agree nor disagree,Neither agree nor disagree,Neither agree nor disagree,Neither agree nor disagree,Neither agree nor disagree,Neither agree nor disagree,30%,60%,Somewhat agree,Somewhat agree,Neither agree nor disagree,Somewhat disagree
340,20%,Neither agree nor disagree,Neither agree nor disagree,Neither agree nor disagree,Neither agree nor disagree,Neither agree nor disagree,Neither agree nor disagree,30%,60%,Somewhat agree,Somewhat agree,Neither agree nor disagree,Somewhat agree
341,20%,Neither agree nor disagree,Neither agree nor disagree,Neither agree nor disagree,Neither agree nor disagree,Neither agree nor disagree,Neither agree nor disagree,30%,60%,Somewhat agree,Somewhat agree,Somewhat agree,Strongly agree
342,20%,Neither agree nor disagree,Neither agree nor disagree,Neither agree nor disagree,Neither agree nor disagree,Neither agree nor disagree,Neither agree nor disagree,30%,60%,Somewhat agree,Somewhat agree,Neither agree nor disagree,Neither agree nor disagree
343,20%,Neither agree nor disagree,Neither agree nor disagree,Neither agree nor disagree,Neither agree nor disagree,Neither agree nor disagree,Neither agree nor disagree,30%,60%,Somewhat agree,Somewhat agree,Strongly agree,Strongly agree
344,20%,Neither agree nor disagree,Neither agree nor disagree,Neither agree nor disagree,Neither agree nor disagree,Neither agree nor disagree,Neither agree nor disagree,30%,60%,Somewhat agree,Somewhat agree,Somewhat agree,Somewhat agree
345,20%,Neither agree nor disagree,Neither agree nor disagree,Neither agree nor disagree,Neither agree nor disagree,Neither agree nor disagree,Neither agree nor disagree,30%,60%,Somewhat agree,Somewhat agree,Strongly agree,Strongly agree
346,20%,Neither agree nor disagree,Neither agree nor disagree,Neither agree nor disagree,Neither agree nor disagree,Neither agree nor disagree,Neither agree nor disagree,30%,60%,Somewhat agree,Somewhat agree,Strongly agree,Strongly agree
347,20%,Neither agree nor disagree,Neither agree nor disagree,Neither agree nor disagree,Neither agree nor disagree,Neither agree nor disagree,Neither agree nor disagree,30%,60%,Somewhat agree,Somewhat agree,Somewhat agree,Somewhat agree
348,20%,Neither agree nor disagree,Neither agree nor disagree,Neither agree nor disagree,Neither agree nor disagree,Neither agree nor disagree,Neither agree nor disagree,30%,60%,Somewhat agree,Somewhat agree,Somewhat agree,Somewhat disagree
349,20%,Neither agree nor disagree,Neither agree nor disagree,Neither agree nor disagree,Neither agree nor disagree,Neither agree nor disagree,Neither agree nor disagree,30%,60%,Somewhat agree,Somewhat agree,Strongly agree,Strongly agree
350,20%,Neither agree nor disagree,Neither agree nor disagree,Neither agree nor disagree,Neither agree nor disagree,Neither agree nor disagree,Neither agree nor disagree,30%,60%,Somewhat agree,Somewhat agree,Strongly agree,Strongly agree
351,20%,Neither agree nor disagree,Neither agree nor disagree,Neither agree nor disagree,Neither agree nor disagree,Neither agree nor disagree,Neither agree nor disagree,30%,60%,Somewhat agree,Somewhat agree,Somewhat agree,Somewhat agree
352,20%,Neither agree nor disagree,Neither agree nor disagree,Neither agree nor disagree,Neither agree nor disagree,Neither agree nor disagree,Neither agree nor disagree,30%,60%,Somewhat agree,Somewhat agree,Strongly agree,Strongly agree
353,20%,Neither agree nor disagree,Neither agree nor disagree,Neither agree nor disagree,Neither agree nor disagree,Neither agree nor disagree,Neither agree nor disagree,30%,60%,Somewhat agree,Somewhat agree,Somewhat agree,Strongly agree
354,20%,Neither agree nor disagree,Neither agree nor disagree,Neither agree nor disagree,Neither agree nor disagree,Neither agree nor disagree,Neither agree nor disagree,30%,60%,Somewhat agree,Somewhat agree,Somewhat agree,Strongly agree
355,20%,Neither agree nor disagree,Neither agree nor disagree,Neither agree nor disagree,Neither agree nor disagree,Neither agree nor disagree,Neither agree nor disagree,30%,60%,Somewhat agree,Somewhat agree,Strongly agree,Strongly agree
356,30%,Neither agree nor disagree,Neither agree nor disagree,Neither agree nor disagree,Neither agree nor disagree,Neither agree nor disagree,Neither agree nor disagree,30%,60%,Somewhat agree,Somewhat agree,Somewhat agree,Strongly agree
357,30%,Neither agree nor disagree,Neither agree nor disagree,Neither agree nor disagree,Neither agree nor disagree,Neither agree nor disagree,Neither agree nor disagree,30%,60%,Somewhat agree,Somewhat agree,Somewhat agree,Somewhat agree
358,30%,Neither agree nor disagree,Neither agree nor disagree,Neither agree nor disagree,Neither agree nor disagree,Neither agree nor disagree,Neither agree nor disagree,30%,60%,Somewhat agree,Somewhat agree,Somewhat disagree,Neither agree nor disagree
359,30%,Neither agree nor disagree,Neither agree nor disagree,Neither agree nor disagree,Neither agree nor disagree,Neither agree nor disagree,Neither agree nor disagree,30%,60%,Somewhat agree,Somewhat agree,Somewhat agree,Strongly agree
360,30%,Neither agree nor disagree,Neither agree nor disagree,Neither agree nor disagree,Neither agree nor disagree,Neither agree nor disagree,Neither agree nor disagree,30%,60%,Somewhat agree,Somewhat agree,Strongly agree,Strongly agree
361,30%,Neither agree nor disagree,Neither agree nor disagree,Neither agree nor disagree,Neither agree nor disagree,Neither agree nor disagree,Neither agree nor disagree,30%,60%,Somewhat agree,Somewhat agree,Somewhat agree,Somewhat agree
362,30%,Neither agree nor disagree,Neither agree nor disagree,Neither agree nor disagree,Neither agree nor disagree,Neither agree nor disagree,Neither agree nor disagree,30%,60%,Somewhat agree,Somewhat agree,Somewhat agree,Neither agree nor disagree
363,30%,Neither agree nor disagree,Neither agree nor disagree,Neither agree nor disagree,Neither agree nor disagree,Neither agree nor disagree,Neither agree nor disagree,30%,60%,Somewhat agree,Somewhat agree,Somewhat agree,Somewhat agree
364,30%,Neither agree nor disagree,Neither agree nor disagree,Neither agree nor disagree,Neither agree nor disagree,Neither agree nor disagree,Neither agree nor disagree,30%,60%,Somewhat agree,Somewhat agree,Strongly agree,Strongly agree
365,30%,Neither agree nor disagree,Neither agree nor disagree,Neither agree nor disagree,Neither agree nor disagree,Neither agree nor disagree,Neither agree nor disagree,30%,60%,Somewhat agree,Somewhat agree,Somewhat agree,Somewhat agree
366,30%,Neither agree nor disagree,Neither agree nor disagree,Neither agree nor disagree,Neither agree nor disagree,Neither agree nor disagree,Neither agree nor disagree,30%,60%,Somewhat agree,Somewhat agree,Neither agree nor disagree,Somewhat agree
367,30%,Neither agree nor disagree,Neither agree nor disagree,Neither agree nor disagree,Neither agree nor disagree,Neither agree nor disagree,Neither agree nor disagree,30%,60%,Somewhat agree,Somewhat agree,Strongly agree,Strongly agree
368,30%,Neither agree nor disagree,Neither agree nor disagree,Neither agree nor disagree,Neither agree nor disagree,Neither agree nor disagree,Neither agree nor disagree,30%,60%,Somewhat agree,Somewhat agree,Somewhat agree,Neither agree nor disagree
369,30%,Neither agree nor disagree,Neither agree nor disagree,Neither agree nor disagree,Neither agree nor disagree,Neither agree nor disagree,Neither agree nor disagree,30%,60%,Somewhat agree,Somewhat agree,Strongly agree,Strongly agree
370,30%,Neither agree nor disagree,Neither agree nor disagree,Neither agree nor disagree,Neither agree nor disagree,Neither agree nor disagree,Neither agree nor disagree,30%,60%,Somewhat agree,Somewhat agree,Strongly agree,Strongly agree
371,30%,Neither agree nor disagree,Neither agree nor disagree,Neither agree nor disagree,Neither agree nor disagree,Neither agree nor disagree,Neither agree nor disagree,30%,60%,Somewhat agree,Somewhat agree,Strongly agree,Strongly agree
372,30%,Neither agree nor disagree,Neither agree nor disagree,Neither agree nor disagree,Neither agree nor disagree,Neither agree nor disagree,Neither agree nor disagree,30%,60%,Somewhat agree,Somewhat agree,Neither agree nor disagree,Neither agree nor disagree
373,30%,Neither agree nor disagree,Neither agree nor disagree,Neither agree nor disagree,Neither agree nor disagree,Neither agree nor disagree,Neither agree nor disagree,30%,60%,Somewhat agree,Somewhat agree,Somewhat agree,Neither agree nor disagree
374,30%,Neither agree nor disagree,Neither agree nor disagree,Neither agree nor disagree,Neither agree nor disagree,Neither agree nor disagree,Neither agree nor disagree,30%,60%,Somewhat agree,Somewhat agree,Strongly agree,Strongly agree
375,30%,Neither agree nor disagree,Neither agree nor disagree,Neither agree nor disagree,Neither agree nor disagree,Neither agree nor disagree,Neither agree nor disagree,30%,60%,Somewhat agree,Somewhat agree,Strongly agree,Strongly agree
376,30%,Neither agree nor disagree,Neither agree nor disagree,Neither agree nor disagree,Neither agree nor disagree,Neither agree nor disagree,Neither agree nor disagree,30%,60%,Somewhat agree,Somewhat agree,Strongly agree,Somewhat agree
377,30%,Neither agree nor disagree,Neither agree nor disagree,Neither agree nor disagree,Neither agree nor disagree,Neither agree nor disagree,Neither agree nor disagree,30%,60%,Somewhat agree,Somewhat agree,Strongly agree,Somewhat agree
378,30%,Neither agree nor disagree,Neither agree nor disagree,Neither agree nor disagree,Neither agree nor disagree,Neither agree nor disagree,Neither agree nor disagree,30%,60%,Somewhat agree,Somewhat agree,Neither agree nor disagree,Neither agree nor disagree
379,30%,Neither agree nor disagree,Neither agree nor disagree,Neither agree nor disagree,Neither agree nor disagree,Neither agree nor disagree,Neither agree nor disagree,30%,60%,Somewhat agree,Somewhat agree,Somewhat disagree,Somewhat disagree
380,30%,Neither agree nor disagree,Neither agree nor disagree,Neither agree nor disagree,Neither agree nor disagree,Neither agree nor disagree,Neither agree nor disagree,30%,60%,Somewhat agree,Somewhat agree,Somewhat agree,Somewhat agree
381,30%,Neither agree nor disagree,Neither agree nor disagree,Neither agree nor disagree,Neither agree nor disagree,Neither agree nor disagree,Neither agree nor disagree,30%,60%,Somewhat agree,Somewhat agree,Strongly agree,Strongly agree
382,30%,Neither agree nor disagree,Neither agree nor disagree,Neither agree nor disagree,Neither agree nor disagree,Neither agree nor disagree,Neither agree nor disagree,30%,60%,Somewhat agree,Somewhat agree,Neither agree nor disagree,Strongly disagree
383,30%,Neither agree nor disagree,Neither agree nor disagree,Neither agree nor disagree,Neither agree nor disagree,Neither agree nor disagree,Neither agree nor disagree,30%,60%,Somewhat agree,Somewhat agree,Somewhat agree,Somewhat agree
384,30%,Neither agree nor disagree,Neither agree nor disagree,Neither agree nor disagree,Neither agree nor disagree,Neither agree nor disagree,Neither agree nor disagree,30%,60%,Somewhat agree,Somewhat agree,Somewhat agree,Strongly agree
385,30%,Neither agree nor disagree,Neither agree nor disagree,Neither agree nor disagree,Neither agree nor disagree,Neither agree nor disagree,Neither agree nor disagree,30%,60%,Somewhat agree,Somewhat agree,Strongly agree,Strongly agree
386,30%,Neither agree nor disagree,Neither agree nor disagree,Neither agree nor disagree,Neither agree nor disagree,Neither agree nor disagree,Neither agree nor disagree,30%,60%,Somewhat agree,Somewhat agree,Somewhat agree,Strongly agree
387,30%,Neither agree nor disagree,Neither agree nor disagree,Neither agree nor disagree,Neither agree nor disagree,Neither agree nor disagree,Neither agree nor disagree,30%,60%,Somewhat agree,Somewhat agree,Strongly agree,Strongly agree
388,30%,Neither agree nor disagree,Neither agree nor disagree,Neither agree nor disagree,Neither agree nor disagree,Neither agree nor disagree,Neither agree nor disagree,30%,70%,Somewhat agree,Somewhat agree,Strongly agree,Strongly agree
389,30%,Neither agree nor disagree,Neither agree nor disagree,Neither agree nor disagree,Neither agree nor disagree,Neither agree nor disagree,Neither agree nor disagree,30%,70%,Somewhat agree,Somewhat agree,Strongly agree,Strongly agree
390,30%,Neither agree nor disagree,Neither agree nor disagree,Neither agree nor disagree,Neither agree nor disagree,Neither agree nor disagree,Neither agree nor disagree,30%,70%,Somewhat agree,Somewhat agree,Somewhat disagree,Somewhat agree
391,30%,Neither agree nor disagree,Neither agree nor disagree,Neither agree nor disagree,Neither agree nor disagree,Neither agree nor disagree,Neither agree nor disagree,30%,70%,Somewhat agree,Somewhat agree,Somewhat disagree,Somewhat disagree
392,30%,Neither agree nor disagree,Neither agree nor disagree,Neither agree nor disagree,Neither agree nor disagree,Neither agree nor disagree,Neither agree nor disagree,30%,70%,Somewhat agree,Somewhat agree,Somewhat agree,Strongly agree
393,30%,Neither agree nor disagree,Neither agree nor disagree,Neither agree nor disagree,Neither agree nor disagree,Neither agree nor disagree,Neither agree nor disagree,30%,70%,Somewhat agree,Somewhat agree,Strongly agree,Strongly agree
394,30%,Neither agree nor disagree,Neither agree nor disagree,Neither agree nor disagree,Neither agree nor disagree,Neither agree nor disagree,Neither agree nor disagree,30%,70%,Somewhat agree,Somewhat agree,Strongly agree,Strongly agree
395,30%,Neither agree nor disagree,Neither agree nor disagree,Neither agree nor disagree,Neither agree nor disagree,Neither agree nor disagree,Neither agree nor disagree,30%,70%,Somewhat agree,Somewhat agree,Somewhat disagree,Somewhat disagree
396,30%,Neither agree nor disagree,Neither agree nor disagree,Neither agree nor disagree,Neither agree nor disagree,Neither agree nor disagree,Neither agree nor disagree,30%,70%,Somewhat agree,Somewhat agree,Somewhat disagree,Somewhat disagree
397,30%,Neither agree nor disagree,Neither agree nor disagree,Neither agree nor disagree,Neither agree nor disagree,Neither agree nor disagree,Neither agree nor disagree,30%,70%,Somewhat agree,Somewhat agree,Somewhat agree,Somewhat agree
398,30%,Neither agree nor disagree,Neither agree nor disagree,Neither agree nor disagree,Neither agree nor disagree,Neither agree nor disagree,Neither agree nor disagree,30%,70%,Somewhat agree,Somewhat agree,Neither agree nor disagree,Neither agree nor disagree
399,30%,Neither agree nor disagree,Neither agree nor disagree,Neither agree nor disagree,Neither agree nor disagree,Neither agree nor disagree,Neither agree nor disagree,30%,70%,Somewhat agree,Somewhat agree,Somewhat agree,Strongly agree
400,30%,Neither agree nor disagree,Neither agree nor disagree,Neither agree nor disagree,Neither agree nor disagree,Neither agree nor disagree,Neither agree nor disagree,30%,70%,Somewhat agree,Somewhat agree,Strongly agree,Strongly agree
401,30%,Neither agree nor disagree,Neither agree nor disagree,Neither agree nor disagree,Neither agree nor disagree,Neither agree nor disagree,Neither agree nor disagree,30%,70%,Somewhat agree,Somewhat agree,Somewhat agree,Somewhat agree
402,30%,Neither agree nor disagree,Neither agree nor disagree,Neither agree nor disagree,Neither agree nor disagree,Neither agree nor disagree,Neither agree nor disagree,30%,70%,Somewhat agree,Somewhat agree,Somewhat agree,Somewhat agree
403,30%,Neither agree nor disagree,Neither agree nor disagree,Neither agree nor disagree,Neither agree nor disagree,Neither agree nor disagree,Neither agree nor disagree,30%,70%,Somewhat agree,Somewhat agree,Somewhat disagree,Somewhat agree
404,30%,Neither agree nor disagree,Neither agree nor disagree,Neither agree nor disagree,Neither agree nor disagree,Neither agree nor disagree,Neither agree nor disagree,30%,70%,Somewhat agree,Somewhat agree,Somewhat agree,Strongly agree
405,30%,Neither agree nor disagree,Neither agree nor disagree,Neither agree nor disagree,Neither agree nor disagree,Neither agree nor disagree,Neither agree nor disagree,30%,70%,Somewhat agree,Somewhat agree,Neither agree nor disagree,Somewhat agree
406,30%,Neither agree nor disagree,Neither agree nor disagree,Neither agree nor disagree,Neither agree nor disagree,Neither agree nor disagree,Neither agree nor disagree,30%,70%,Somewhat agree,Somewhat agree,Strongly agree,Strongly agree
407,30%,Neither agree nor disagree,Neither agree nor disagree,Neither agree nor disagree,Neither agree nor disagree,Neither agree nor disagree,Neither agree nor disagree,30%,70%,Somewhat agree,Somewhat agree,Strongly agree,Strongly agree
408,30%,Neither agree nor disagree,Neither agree nor disagree,Neither agree nor disagree,Neither agree nor disagree,Neither agree nor disagree,Neither agree nor disagree,30%,70%,Somewhat agree,Somewhat agree,Strongly agree,Strongly agree
409,30%,Neither agree nor disagree,Neither agree nor disagree,Neither agree nor disagree,Neither agree nor disagree,Neither agree nor disagree,Neither agree nor disagree,30%,70%,Somewhat agree,Somewhat agree,Somewhat agree,Somewhat agree
410,30%,Neither agree nor disagree,Neither agree nor disagree,Neither agree nor disagree,Neither agree nor disagree,Neither agree nor disagree,Neither agree nor disagree,30%,70%,Somewhat agree,Somewhat agree,Strongly agree,Strongly agree
411,30%,Neither agree nor disagree,Neither agree nor disagree,Neither agree nor disagree,Neither agree nor disagree,Neither agree nor disagree,Neither agree nor disagree,30%,70%,Somewhat agree,Somewhat agree,Strongly agree,Strongly agree
412,30%,Neither agree nor disagree,Neither agree nor disagree,Neither agree nor disagree,Neither agree nor disagree,Neither agree nor disagree,Neither agree nor disagree,30%,70%,Somewhat agree,Somewhat agree,Strongly agree,Strongly agree
413,30%,Neither agree nor disagree,Neither agree nor disagree,Neither agree nor disagree,Neither agree nor disagree,Neither agree nor disagree,Neither agree nor disagree,30%,70%,Somewhat agree,Somewhat agree,Strongly agree,Strongly agree
414,30%,Neither agree nor disagree,Neither agree nor disagree,Neither agree nor disagree,Neither agree nor disagree,Neither agree nor disagree,Neither agree nor disagree,30%,70%,Somewhat agree,Somewhat agree,Strongly agree,Strongly agree
415,30%,Neither agree nor disagree,Neither agree nor disagree,Neither agree nor disagree,Neither agree nor disagree,Neither agree nor disagree,Neither agree nor disagree,30%,70%,Somewhat agree,Somewhat agree,Strongly agree,Strongly agree
416,30%,Neither agree nor disagree,Neither agree nor disagree,Neither agree nor disagree,Neither agree nor disagree,Neither agree nor disagree,Neither agree nor disagree,30%,70%,Somewhat agree,Somewhat agree,Strongly agree,Somewhat agree
417,30%,Neither agree nor disagree,Neither agree nor disagree,Neither agree nor disagree,Neither agree nor disagree,Neither agree nor disagree,Neither agree nor disagree,30%,70%,Somewhat agree,Somewhat agree,Strongly agree,Somewhat agree
418,30%,Neither agree nor disagree,Neither agree nor disagree,Neither agree nor disagree,Neither agree nor disagree,Neither agree nor disagree,Neither agree nor disagree,30%,70%,Somewhat agree,Somewhat agree,Somewhat agree,Strongly agree
419,30%,Neither agree nor disagree,Neither agree nor disagree,Neither agree nor disagree,Neither agree nor disagree,Neither agree nor disagree,Neither agree nor disagree,30%,70%,Somewhat agree,Somewhat agree,Strongly agree,Strongly agree
420,30%,Neither agree nor disagree,Neither agree nor disagree,Neither agree nor disagree,Neither agree nor disagree,Neither agree nor disagree,Neither agree nor disagree,30%,70%,Somewhat agree,Somewhat agree,Strongly agree,Strongly agree
421,30%,Neither agree nor disagree,Neither agree nor disagree,Neither agree nor disagree,Neither agree nor disagree,Neither agree nor disagree,Neither agree nor disagree,30%,70%,Somewhat agree,Somewhat agree,Somewhat agree,Somewhat agree
422,30%,Neither agree nor disagree,Neither agree nor disagree,Neither agree nor disagree,Neither agree nor disagree,Neither agree nor disagree,Neither agree nor disagree,30%,70%,Somewhat agree,Somewhat agree,Somewhat disagree,Neither agree nor disagree
423,30%,Neither agree nor disagree,Neither agree nor disagree,Neither agree nor disagree,Neither agree nor disagree,Neither agree nor disagree,Neither agree nor disagree,30%,70%,Somewhat agree,Somewhat agree,Strongly disagree,Strongly agree
424,30%,Neither agree nor disagree,Neither agree nor disagree,Neither agree nor disagree,Neither agree nor disagree,Neither agree nor disagree,Neither agree nor disagree,30%,70%,Somewhat agree,Somewhat agree,Strongly agree,Strongly agree
425,30%,Neither agree nor disagree,Neither agree nor disagree,Neither agree nor disagree,Neither agree nor disagree,Neither agree nor disagree,Neither agree nor disagree,30%,70%,Somewhat agree,Somewhat agree,Strongly agree,Strongly agree
426,30%,Neither agree nor disagree,Neither agree nor disagree,Neither agree nor disagree,Neither agree nor disagree,Neither agree nor disagree,Neither agree nor disagree,30%,70%,Somewhat agree,Somewhat agree,Strongly agree,Strongly agree
427,30%,Neither agree nor disagree,Neither agree nor disagree,Neither agree nor disagree,Neither agree nor disagree,Neither agree nor disagree,Neither agree nor disagree,30%,70%,Somewhat agree,Somewhat agree,Strongly agree,Somewhat agree
428,30%,Neither agree nor disagree,Neither agree nor disagree,Neither agree nor disagree,Neither agree nor disagree,Neither agree nor disagree,Neither agree nor disagree,30%,70%,Somewhat agree,Somewhat agree,Strongly agree,Strongly agree
429,30%,Neither agree nor disagree,Neither agree nor disagree,Neither agree nor disagree,Neither agree nor disagree,Neither agree nor disagree,Neither agree nor disagree,30%,70%,Somewhat agree,Somewhat agree,Strongly agree,Strongly agree
430,30%,Neither agree nor disagree,Neither agree nor disagree,Neither agree nor disagree,Neither agree nor disagree,Neither agree nor disagree,Neither agree nor disagree,30%,70%,Somewhat agree,Somewhat agree,Strongly agree,Somewhat agree
431,30%,Neither agree nor disagree,Neither agree nor disagree,Neither agree nor disagree,Neither agree nor disagree,Neither agree nor disagree,Neither agree nor disagree,30%,70%,Somewhat agree,Somewhat agree,Somewhat agree,Somewhat agree
432,30%,Neither agree nor disagree,Neither agree nor disagree,Neither agree nor disagree,Neither agree nor disagree,Neither agree nor disagree,Neither agree nor disagree,30%,70%,Somewhat agree,Somewhat agree,Strongly agree,Strongly agree
433,30%,Neither agree nor disagree,Neither agree nor disagree,Neither agree nor disagree,Neither agree nor disagree,Neither agree nor disagree,Neither agree nor disagree,30%,70%,Somewhat agree,Somewhat agree,Strongly agree,Strongly agree
434,30%,Neither agree nor disagree,Neither agree nor disagree,Neither agree nor disagree,Neither agree nor disagree,Neither agree nor disagree,Neither agree nor disagree,30%,70%,Somewhat agree,Somewhat agree,Strongly agree,Somewhat agree
435,30%,Neither agree nor disagree,Neither agree nor disagree,Neither agree nor disagree,Neither agree nor disagree,Neither agree nor disagree,Neither agree nor disagree,30%,70%,Somewhat agree,Somewhat agree,Strongly disagree,Strongly agree
436,30%,Neither agree nor disagree,Neither agree nor disagree,Neither agree nor disagree,Neither agree nor disagree,Neither agree nor disagree,Neither agree nor disagree,30%,70%,Somewhat agree,Somewhat agree,Strongly agree,Strongly agree
437,30%,Neither agree nor disagree,Neither agree nor disagree,Neither agree nor disagree,Neither agree nor disagree,Neither agree nor disagree,Neither agree nor disagree,30%,70%,Somewhat agree,Somewhat agree,Strongly agree,Strongly agree
438,30%,Neither agree nor disagree,Neither agree nor disagree,Neither agree nor disagree,Neither agree nor disagree,Neither agree nor disagree,Neither agree nor disagree,30%,70%,Somewhat agree,Somewhat agree,Strongly disagree,Strongly disagree
439,30%,Neither agree nor disagree,Somewhat agree,Neither agree nor disagree,Neither agree nor disagree,Neither agree nor disagree,Neither agree nor disagree,30%,70%,Somewhat agree,Somewhat agree,Strongly agree,Strongly agree
440,30%,Neither agree nor disagree,Somewhat agree,Neither agree nor disagree,Neither agree nor disagree,Neither agree nor disagree,Neither agree nor disagree,40%,70%,Somewhat agree,Somewhat agree,Strongly agree,Strongly agree
441,30%,Neither agree nor disagree,Somewhat agree,Neither agree nor disagree,Neither agree nor disagree,Neither agree nor disagree,Neither agree nor disagree,40%,70%,Somewhat agree,Somewhat agree,Strongly agree,Strongly agree
442,30%,Neither agree nor disagree,Somewhat agree,Neither agree nor disagree,Neither agree nor disagree,Neither agree nor disagree,Neither agree nor disagree,40%,70%,Somewhat agree,Somewhat agree,Strongly agree,Strongly agree
443,30%,Neither agree nor disagree,Somewhat agree,Neither agree nor disagree,Neither agree nor disagree,Neither agree nor disagree,Neither agree nor disagree,40%,70%,Somewhat agree,Somewhat agree,Strongly agree,Strongly agree
444,30%,Neither agree nor disagree,Somewhat agree,Neither agree nor disagree,Neither agree nor disagree,Neither agree nor disagree,Neither agree nor disagree,40%,70%,Somewhat agree,Somewhat agree,Strongly disagree,Strongly agree
445,30%,Neither agree nor disagree,Somewhat agree,Neither agree nor disagree,Neither agree nor disagree,Neither agree nor disagree,Neither agree nor disagree,40%,70%,Somewhat agree,Somewhat agree,Strongly agree,Strongly agree
446,30%,Neither agree nor disagree,Somewhat agree,Neither agree nor disagree,Neither agree nor disagree,Neither agree nor disagree,Neither agree nor disagree,40%,70%,Somewhat agree,Somewhat agree,Somewhat disagree,Strongly disagree
447,30%,Neither agree nor disagree,Somewhat agree,Neither agree nor disagree,Neither agree nor disagree,Neither agree nor disagree,Neither agree nor disagree,40%,70%,Somewhat agree,Somewhat agree,Strongly agree,Strongly agree
448,30%,Neither agree nor disagree,Somewhat agree,Neither agree nor disagree,Neither agree nor disagree,Neither agree nor disagree,Neither agree nor disagree,40%,70%,Somewhat agree,Somewhat agree,Strongly agree,Somewhat agree
449,30%,Neither agree nor disagree,Somewhat agree,Neither agree nor disagree,Neither agree nor disagree,Neither agree nor disagree,Neither agree nor disagree,40%,70%,Somewhat agree,Somewhat agree,Somewhat agree,Strongly disagree
450,30%,Neither agree nor disagree,Somewhat agree,Neither agree nor disagree,Neither agree nor disagree,Neither agree nor disagree,Neither agree nor disagree,40%,70%,Somewhat agree,Somewhat agree,Somewhat agree,Strongly agree
451,30%,Neither agree nor disagree,Somewhat agree,Neither agree nor disagree,Neither agree nor disagree,Neither agree nor disagree,Neither agree nor disagree,40%,70%,Somewhat agree,Somewhat agree,Neither agree nor disagree,Neither agree nor disagree
452,30%,Neither agree nor disagree,Somewhat agree,Neither agree nor disagree,Neither agree nor disagree,Neither agree nor disagree,Neither agree nor disagree,40%,70%,Somewhat agree,Somewhat agree,Somewhat agree,Neither agree nor disagree
453,30%,Neither agree nor disagree,Somewhat agree,Neither agree nor disagree,Neither agree nor disagree,Neither agree nor disagree,Neither agree nor disagree,40%,70%,Somewhat agree,Somewhat agree,Somewhat agree,Strongly agree
454,30%,Neither agree nor disagree,Somewhat agree,Neither agree nor disagree,Neither agree nor disagree,Neither agree nor disagree,Neither agree nor disagree,40%,70%,Somewhat agree,Somewhat agree,Somewhat disagree,Neither agree nor disagree
455,30%,Neither agree nor disagree,Somewhat agree,Neither agree nor disagree,Neither agree nor disagree,Neither agree nor disagree,Neither agree nor disagree,40%,70%,Somewhat agree,Somewhat agree,Somewhat agree,Somewhat agree
456,30%,Neither agree nor disagree,Somewhat agree,Neither agree nor disagree,Neither agree nor disagree,Neither agree nor disagree,Neither agree nor disagree,40%,70%,Somewhat agree,Somewhat agree,Strongly agree,Somewhat agree
457,30%,Neither agree nor disagree,Somewhat agree,Neither agree nor disagree,Neither agree nor disagree,Neither agree nor disagree,Neither agree nor disagree,40%,70%,Somewhat agree,Somewhat agree,Somewhat agree,Somewhat agree
458,30%,Neither agree nor disagree,Somewhat agree,Neither agree nor disagree,Neither agree nor disagree,Neither agree nor disagree,Neither agree nor disagree,40%,80%,Somewhat agree,Somewhat agree,Neither agree nor disagree,Neither agree nor disagree
459,30%,Neither agree nor disagree,Somewhat agree,Neither agree nor disagree,Neither agree nor disagree,Neither agree nor disagree,Neither agree nor disagree,40%,80%,Somewhat agree,Somewhat agree,Strongly agree,Strongly agree
460,30%,Neither agree nor disagree,Somewhat agree,Neither agree nor disagree,Neither agree nor disagree,Neither agree nor disagree,Neither agree nor disagree,40%,80%,Somewhat agree,Somewhat agree,Somewhat agree,Somewhat disagree
461,30%,Neither agree nor disagree,Somewhat agree,Neither agree nor disagree,Neither agree nor disagree,Neither agree nor disagree,Neither agree nor disagree,40%,80%,Somewhat agree,Somewhat agree,NA,NA
462,30%,Neither agree nor disagree,Somewhat agree,Neither agree nor disagree,Neither agree nor disagree,Neither agree nor disagree,Neither agree nor disagree,40%,80%,Somewhat agree,Somewhat agree,Strongly agree,Strongly agree
463,30%,Neither agree nor disagree,Somewhat agree,Neither agree nor disagree,Neither agree nor disagree,Neither agree nor disagree,Neither agree nor disagree,40%,80%,Somewhat agree,Somewhat agree,Strongly disagree,Somewhat disagree
464,30%,Neither agree nor disagree,Somewhat agree,Neither agree nor disagree,Neither agree nor disagree,Neither agree nor disagree,Neither agree nor disagree,40%,80%,Somewhat agree,Somewhat agree,Strongly disagree,Somewhat agree
465,30%,Neither agree nor disagree,Somewhat agree,Neither agree nor disagree,Neither agree nor disagree,Neither agree nor disagree,Neither agree nor disagree,40%,80%,Somewhat agree,Somewhat agree,Strongly agree,Strongly agree
466,30%,Neither agree nor disagree,Somewhat agree,Neither agree nor disagree,Neither agree nor disagree,Neither agree nor disagree,Neither agree nor disagree,40%,80%,Somewhat agree,Somewhat agree,Strongly agree,Somewhat agree
467,30%,Neither agree nor disagree,Somewhat agree,Neither agree nor disagree,Neither agree nor disagree,Neither agree nor disagree,Neither agree nor disagree,40%,80%,Somewhat agree,Somewhat agree,Strongly agree,Strongly agree
468,30%,Neither agree nor disagree,Somewhat agree,Neither agree nor disagree,Neither agree nor disagree,Neither agree nor disagree,Neither agree nor disagree,40%,80%,Somewhat agree,Somewhat agree,Strongly agree,Strongly agree
469,30%,Neither agree nor disagree,Somewhat agree,Neither agree nor disagree,Neither agree nor disagree,Neither agree nor disagree,Neither agree nor disagree,40%,80%,Somewhat agree,Somewhat agree,Somewhat agree,Somewhat agree
470,30%,Neither agree nor disagree,Somewhat agree,Neither agree nor disagree,Neither agree nor disagree,Neither agree nor disagree,Neither agree nor disagree,40%,80%,Somewhat agree,Somewhat agree,Somewhat agree,Somewhat agree
471,30%,Neither agree nor disagree,Somewhat agree,Neither agree nor disagree,Neither agree nor disagree,Neither agree nor disagree,Neither agree nor disagree,40%,80%,Somewhat agree,Somewhat agree,Somewhat agree,Strongly agree
472,30%,Neither agree nor disagree,Somewhat agree,Neither agree nor disagree,Somewhat agree,Neither agree nor disagree,Neither agree nor disagree,40%,80%,Somewhat agree,Somewhat agree,Strongly agree,Strongly agree
473,30%,Neither agree nor disagree,Somewhat agree,Neither agree nor disagree,Somewhat agree,Neither agree nor disagree,Neither agree nor disagree,40%,80%,Somewhat agree,Somewhat agree,Somewhat disagree,Somewhat disagree
474,30%,Neither agree nor disagree,Somewhat agree,Neither agree nor disagree,Somewhat agree,Neither agree nor disagree,Neither agree nor disagree,40%,80%,Somewhat agree,Somewhat agree,Neither agree nor disagree,Neither agree nor disagree
475,30%,Neither agree nor disagree,Somewhat agree,Neither agree nor disagree,Somewhat agree,Neither agree nor disagree,Neither agree nor disagree,40%,80%,Somewhat agree,Somewhat agree,Somewhat agree,Somewhat agree
476,30%,Neither agree nor disagree,Somewhat agree,Neither agree nor disagree,Somewhat agree,Neither agree nor disagree,Neither agree nor disagree,40%,80%,Somewhat agree,Somewhat agree,Strongly agree,Strongly agree
477,30%,Neither agree nor disagree,Somewhat agree,Neither agree nor disagree,Somewhat agree,Neither agree nor disagree,Neither agree nor disagree,40%,80%,Somewhat agree,Somewhat agree,Somewhat agree,Somewhat agree
478,40%,Neither agree nor disagree,Somewhat agree,Neither agree nor disagree,Somewhat agree,Neither agree nor disagree,Neither agree nor disagree,40%,80%,Somewhat agree,Somewhat agree,Somewhat agree,Somewhat agree
479,40%,Neither agree nor disagree,Somewhat agree,Neither agree nor disagree,Somewhat agree,Neither agree nor disagree,Neither agree nor disagree,40%,80%,Somewhat agree,Somewhat agree,Strongly agree,Strongly agree
480,40%,Neither agree nor disagree,Somewhat agree,Neither agree nor disagree,Somewhat agree,Neither agree nor disagree,Neither agree nor disagree,40%,80%,Somewhat agree,Somewhat agree,Strongly agree,Strongly agree
481,40%,Neither agree nor disagree,Somewhat agree,Neither agree nor disagree,Somewhat agree,Neither agree nor disagree,Neither agree nor disagree,40%,80%,Somewhat agree,Somewhat agree,Somewhat agree,Somewhat agree
482,40%,Neither agree nor disagree,Somewhat agree,Somewhat agree,Somewhat agree,Neither agree nor disagree,Neither agree nor disagree,40%,80%,Somewhat agree,Somewhat agree,Strongly agree,Strongly agree
483,40%,Neither agree nor disagree,Somewhat agree,Somewhat agree,Somewhat agree,Somewhat agree,Neither agree nor disagree,40%,80%,Somewhat agree,Somewhat agree,Neither agree nor disagree,Somewhat disagree
484,40%,Neither agree nor disagree,Somewhat agree,Somewhat agree,Somewhat agree,Somewhat agree,Neither agree nor disagree,40%,80%,Somewhat agree,Somewhat agree,Strongly agree,Strongly agree
485,40%,Neither agree nor disagree,Somewhat agree,Somewhat agree,Somewhat agree,Somewhat agree,Neither agree nor disagree,40%,80%,Somewhat agree,Somewhat agree,Strongly agree,Strongly agree
486,40%,Neither agree nor disagree,Somewhat agree,Somewhat agree,Somewhat agree,Somewhat agree,Neither agree nor disagree,40%,80%,Somewhat agree,Somewhat agree,Neither agree nor disagree,Somewhat agree
487,40%,Neither agree nor disagree,Somewhat agree,Somewhat agree,Somewhat agree,Somewhat agree,Neither agree nor disagree,40%,80%,Somewhat agree,Somewhat agree,Strongly agree,Strongly agree
488,40%,Neither agree nor disagree,Somewhat agree,Somewhat agree,Somewhat agree,Somewhat agree,Neither agree nor disagree,40%,80%,Somewhat agree,Somewhat agree,Strongly agree,Neither agree nor disagree
489,40%,Neither agree nor disagree,Somewhat agree,Somewhat agree,Somewhat agree,Somewhat agree,Neither agree nor disagree,40%,80%,Somewhat agree,Somewhat agree,Somewhat agree,Somewhat agree
490,40%,Neither agree nor disagree,Somewhat agree,Somewhat agree,Somewhat agree,Somewhat agree,Neither agree nor disagree,40%,80%,Somewhat agree,Somewhat agree,Somewhat agree,Strongly agree
491,40%,Neither agree nor disagree,Somewhat agree,Somewhat agree,Somewhat agree,Somewhat agree,Neither agree nor disagree,40%,80%,Somewhat agree,Somewhat agree,Strongly agree,Strongly agree
492,40%,Neither agree nor disagree,Somewhat agree,Somewhat agree,Somewhat agree,Somewhat agree,Neither agree nor disagree,40%,80%,Somewhat agree,Somewhat agree,Somewhat agree,Strongly agree
493,40%,Neither agree nor disagree,Somewhat agree,Somewhat agree,Somewhat agree,Somewhat agree,Neither agree nor disagree,40%,80%,Somewhat agree,Somewhat agree,Somewhat agree,Strongly agree
494,40%,Neither agree nor disagree,Somewhat agree,Somewhat agree,Somewhat agree,Somewhat agree,Neither agree nor disagree,40%,80%,Somewhat agree,Somewhat agree,Somewhat disagree,Somewhat agree
495,40%,Neither agree nor disagree,Somewhat agree,Somewhat agree,Somewhat agree,Somewhat agree,Neither agree nor disagree,40%,80%,Somewhat agree,Somewhat agree,Strongly agree,Strongly agree
496,40%,Neither agree nor disagree,Somewhat agree,Somewhat agree,Somewhat agree,Somewhat agree,Neither agree nor disagree,40%,80%,Somewhat agree,Somewhat agree,Neither agree nor disagree,Strongly agree
497,40%,Neither agree nor disagree,Somewhat agree,Somewhat agree,Somewhat agree,Somewhat agree,Neither agree nor disagree,40%,80%,Somewhat agree,Somewhat agree,Somewhat agree,Somewhat agree
498,40%,Neither agree nor disagree,Somewhat agree,Somewhat agree,Somewhat agree,Somewhat agree,Neither agree nor disagree,40%,80%,Somewhat agree,Somewhat agree,Strongly agree,Strongly agree
499,40%,Neither agree nor disagree,Somewhat agree,Somewhat agree,Somewhat agree,Somewhat agree,Neither agree nor disagree,40%,80%,Somewhat agree,Somewhat agree,Strongly agree,Strongly agree
500,40%,Neither agree nor disagree,Somewhat agree,Somewhat agree,Somewhat agree,Somewhat agree,Neither agree nor disagree,40%,80%,Somewhat agree,Somewhat agree,Strongly agree,Strongly agree
501,40%,Neither agree nor disagree,Somewhat agree,Somewhat agree,Somewhat agree,Somewhat agree,Neither agree nor disagree,40%,80%,Somewhat agree,Somewhat agree,Somewhat agree,Somewhat agree
502,40%,Neither agree nor disagree,Somewhat agree,Somewhat agree,Somewhat agree,Somewhat agree,Neither agree nor disagree,40%,80%,Somewhat agree,Somewhat agree,Somewhat agree,Somewhat disagree
503,40%,Neither agree nor disagree,Somewhat agree,Somewhat agree,Somewhat agree,Somewhat agree,Neither agree nor disagree,40%,80%,Somewhat agree,Somewhat agree,Somewhat agree,Somewhat agree
504,40%,Neither agree nor disagree,Somewhat agree,Somewhat agree,Somewhat agree,Somewhat agree,Neither agree nor disagree,40%,80%,Somewhat agree,Somewhat agree,Strongly agree,Somewhat agree
505,40%,Neither agree nor disagree,Somewhat agree,Somewhat agree,Somewhat agree,Somewhat agree,Neither agree nor disagree,40%,80%,Somewhat agree,Somewhat agree,Strongly agree,Somewhat agree
506,40%,Neither agree nor disagree,Somewhat agree,Somewhat agree,Somewhat agree,Somewhat agree,Neither agree nor disagree,40%,80%,Somewhat agree,Somewhat agree,Somewhat agree,Somewhat agree
507,40%,Neither agree nor disagree,Somewhat agree,Somewhat agree,Somewhat agree,Somewhat agree,Neither agree nor disagree,40%,80%,Somewhat agree,Somewhat agree,Strongly agree,Somewhat agree
508,40%,Neither agree nor disagree,Somewhat agree,Somewhat agree,Somewhat agree,Somewhat agree,Neither agree nor disagree,40%,80%,Somewhat agree,Somewhat agree,Strongly agree,Strongly agree
509,40%,Neither agree nor disagree,Somewhat agree,Somewhat agree,Somewhat agree,Somewhat agree,Neither agree nor disagree,40%,80%,Somewhat agree,Somewhat agree,Somewhat agree,Somewhat disagree
510,40%,Neither agree nor disagree,Somewhat agree,Somewhat agree,Somewhat agree,Somewhat agree,Neither agree nor disagree,40%,80%,Somewhat agree,Somewhat agree,Somewhat disagree,Somewhat disagree
511,40%,Neither agree nor disagree,Somewhat agree,Somewhat agree,Somewhat agree,Somewhat agree,Neither agree nor disagree,40%,80%,Somewhat agree,Somewhat agree,Strongly agree,Strongly agree
512,40%,Neither agree nor disagree,Somewhat agree,Somewhat agree,Somewhat agree,Somewhat agree,Neither agree nor disagree,40%,80%,Somewhat agree,Somewhat agree,Strongly agree,Strongly agree
513,40%,Neither agree nor disagree,Somewhat agree,Somewhat agree,Somewhat agree,Somewhat agree,Neither agree nor disagree,40%,80%,Somewhat agree,Somewhat agree,Somewhat agree,Somewhat agree
514,40%,Neither agree nor disagree,Somewhat agree,Somewhat agree,Somewhat agree,Somewhat agree,Neither agree nor disagree,40%,80%,Somewhat agree,Somewhat agree,Somewhat agree,Somewhat agree
515,40%,Neither agree nor disagree,Somewhat agree,Somewhat agree,Somewhat agree,Somewhat agree,Neither agree nor disagree,40%,80%,Somewhat agree,Somewhat agree,Strongly agree,Strongly agree
516,40%,Neither agree nor disagree,Somewhat agree,Somewhat agree,Somewhat agree,Somewhat agree,Somewhat agree,40%,80%,Somewhat agree,Somewhat agree,Somewhat disagree,Somewhat disagree
517,40%,Neither agree nor disagree,Somewhat agree,Somewhat agree,Somewhat agree,Somewhat agree,Somewhat agree,40%,80%,Somewhat agree,Somewhat agree,Strongly disagree,Somewhat disagree
518,40%,Neither agree nor disagree,Somewhat agree,Somewhat agree,Somewhat agree,Somewhat agree,Somewhat agree,40%,80%,Somewhat agree,Somewhat agree,Somewhat disagree,Somewhat disagree
519,40%,Neither agree nor disagree,Somewhat agree,Somewhat agree,Somewhat agree,Somewhat agree,Somewhat agree,40%,80%,Somewhat agree,Somewhat agree,Neither agree nor disagree,Neither agree nor disagree
520,40%,Neither agree nor disagree,Somewhat agree,Somewhat agree,Somewhat agree,Somewhat agree,Somewhat agree,40%,80%,Somewhat agree,Somewhat agree,Strongly agree,Strongly agree
521,40%,Neither agree nor disagree,Somewhat agree,Somewhat agree,Somewhat agree,Somewhat agree,Somewhat agree,40%,80%,Somewhat agree,Somewhat agree,Somewhat disagree,Somewhat agree
522,40%,Neither agree nor disagree,Somewhat agree,Somewhat agree,Somewhat agree,Somewhat agree,Somewhat agree,40%,80%,Somewhat agree,Somewhat agree,Somewhat agree,Neither agree nor disagree
523,40%,Neither agree nor disagree,Somewhat agree,Somewhat agree,Somewhat agree,Somewhat agree,Somewhat agree,40%,80%,Somewhat agree,Somewhat agree,Somewhat agree,Somewhat agree
524,40%,Neither agree nor disagree,Somewhat agree,Somewhat agree,Somewhat agree,Somewhat agree,Somewhat agree,40%,80%,Somewhat agree,Somewhat agree,NA,NA
525,40%,Neither agree nor disagree,Somewhat agree,Somewhat agree,Somewhat agree,Somewhat agree,Somewhat agree,40%,80%,Somewhat agree,Somewhat agree,Strongly agree,Somewhat disagree
526,40%,Neither agree nor disagree,Somewhat agree,Somewhat agree,Somewhat agree,Somewhat agree,Somewhat agree,40%,80%,Somewhat agree,Somewhat agree,Strongly agree,Strongly agree
527,40%,Neither agree nor disagree,Somewhat agree,Somewhat agree,Somewhat agree,Somewhat agree,Somewhat agree,40%,80%,Somewhat agree,Somewhat agree,Strongly agree,Strongly agree
528,40%,Neither agree nor disagree,Somewhat agree,Somewhat agree,Somewhat agree,Somewhat agree,Somewhat agree,40%,80%,Somewhat agree,Somewhat agree,Strongly agree,Strongly agree
529,40%,Neither agree nor disagree,Somewhat agree,Somewhat agree,Somewhat agree,Somewhat agree,Somewhat agree,40%,80%,Somewhat agree,Somewhat agree,Strongly agree,Strongly agree
530,40%,Neither agree nor disagree,Somewhat agree,Somewhat agree,Somewhat agree,Somewhat agree,Somewhat agree,40%,80%,Somewhat agree,Somewhat agree,Strongly agree,Strongly agree
531,40%,Neither agree nor disagree,Somewhat agree,Somewhat agree,Somewhat agree,Somewhat agree,Somewhat agree,40%,80%,Somewhat agree,Somewhat agree,Strongly agree,Strongly agree
532,40%,Neither agree nor disagree,Somewhat agree,Somewhat agree,Somewhat agree,Somewhat agree,Somewhat agree,40%,80%,Somewhat agree,Somewhat agree,Somewhat agree,Somewhat agree
533,40%,Neither agree nor disagree,Somewhat agree,Somewhat agree,Somewhat agree,Somewhat agree,Somewhat agree,40%,80%,Somewhat agree,Somewhat agree,Neither agree nor disagree,Neither agree nor disagree
534,40%,Neither agree nor disagree,Somewhat agree,Somewhat agree,Somewhat agree,Somewhat agree,Somewhat agree,40%,80%,Somewhat agree,Somewhat agree,Strongly agree,Strongly agree
535,40%,Neither agree nor disagree,Somewhat agree,Somewhat agree,Somewhat agree,Somewhat agree,Somewhat agree,40%,80%,Somewhat agree,Somewhat agree,Strongly agree,Strongly agree
536,40%,Neither agree nor disagree,Somewhat agree,Somewhat agree,Somewhat agree,Somewhat agree,Somewhat agree,40%,80%,Somewhat agree,Somewhat agree,Strongly agree,Strongly agree
537,40%,Neither agree nor disagree,Somewhat agree,Somewhat agree,Somewhat agree,Somewhat agree,Somewhat agree,40%,80%,Somewhat agree,Somewhat agree,Strongly agree,Strongly agree
538,40%,Neither agree nor disagree,Somewhat agree,Somewhat agree,Somewhat agree,Somewhat agree,Somewhat agree,40%,80%,Somewhat agree,Somewhat agree,Strongly agree,Strongly agree
539,40%,Neither agree nor disagree,Somewhat agree,Somewhat agree,Somewhat agree,Somewhat agree,Somewhat agree,40%,80%,Somewhat agree,Somewhat agree,Somewhat agree,Strongly agree
540,40%,Neither agree nor disagree,Somewhat agree,Somewhat agree,Somewhat agree,Somewhat agree,Somewhat agree,40%,80%,Somewhat agree,Somewhat agree,Somewhat agree,Strongly agree
541,40%,Neither agree nor disagree,Somewhat agree,Somewhat agree,Somewhat agree,Somewhat agree,Somewhat agree,40%,80%,Somewhat agree,Somewhat agree,Somewhat agree,Somewhat agree
542,40%,Neither agree nor disagree,Somewhat agree,Somewhat agree,Somewhat agree,Somewhat agree,Somewhat agree,40%,80%,Somewhat agree,Somewhat agree,Neither agree nor disagree,Neither agree nor disagree
543,40%,Neither agree nor disagree,Somewhat agree,Somewhat agree,Somewhat agree,Somewhat agree,Somewhat agree,40%,80%,Somewhat agree,Somewhat agree,Strongly agree,Neither agree nor disagree
544,40%,Neither agree nor disagree,Somewhat agree,Somewhat agree,Somewhat agree,Somewhat agree,Somewhat agree,40%,80%,Somewhat agree,Somewhat agree,Strongly agree,Strongly agree
545,40%,Neither agree nor disagree,Somewhat agree,Somewhat agree,Somewhat agree,Somewhat agree,Somewhat agree,40%,80%,Somewhat agree,Somewhat agree,Strongly agree,Strongly agree
546,40%,Neither agree nor disagree,Somewhat agree,Somewhat agree,Somewhat agree,Somewhat agree,Somewhat agree,40%,80%,Somewhat agree,Somewhat agree,Strongly agree,Somewhat agree
547,40%,Neither agree nor disagree,Somewhat agree,Somewhat agree,Somewhat agree,Somewhat agree,Somewhat agree,40%,80%,Somewhat agree,Somewhat agree,NA,NA
548,40%,Neither agree nor disagree,Somewhat agree,Somewhat agree,Somewhat agree,Somewhat agree,Somewhat agree,40%,80%,Somewhat agree,Somewhat agree,Strongly agree,Strongly agree
549,40%,Neither agree nor disagree,Somewhat agree,Somewhat agree,Somewhat agree,Somewhat agree,Somewhat agree,40%,80%,Somewhat agree,Somewhat agree,Strongly agree,Strongly agree
550,40%,Neither agree nor disagree,Somewhat agree,Somewhat agree,Somewhat agree,Somewhat agree,Somewhat agree,40%,80%,Somewhat agree,Somewhat agree,Strongly agree,Strongly agree
551,40%,Neither agree nor disagree,Somewhat agree,Somewhat agree,Somewhat agree,Somewhat agree,Somewhat agree,40%,80%,Somewhat agree,Somewhat agree,Strongly agree,Strongly agree
552,40%,Neither agree nor disagree,Somewhat agree,Somewhat agree,Somewhat agree,Somewhat agree,Somewhat agree,40%,80%,Somewhat agree,Somewhat agree,Strongly agree,Somewhat agree
553,40%,Neither agree nor disagree,Somewhat agree,Somewhat agree,Somewhat agree,Somewhat agree,Somewhat agree,40%,80%,Somewhat agree,Somewhat agree,Strongly agree,Strongly agree
554,40%,Neither agree nor disagree,Somewhat agree,Somewhat agree,Somewhat agree,Somewhat agree,Somewhat agree,40%,80%,Somewhat agree,Somewhat agree,Strongly agree,Strongly agree
555,40%,Neither agree nor disagree,Somewhat agree,Somewhat agree,Somewhat agree,Somewhat agree,Somewhat agree,40%,80%,Somewhat agree,Somewhat agree,Strongly agree,Strongly agree
556,40%,Neither agree nor disagree,Somewhat agree,Somewhat agree,Somewhat agree,Somewhat agree,Somewhat agree,40%,80%,Somewhat agree,Somewhat agree,Strongly agree,Strongly agree
557,40%,Neither agree nor disagree,Somewhat agree,Somewhat agree,Somewhat agree,Somewhat agree,Somewhat agree,40%,80%,Somewhat agree,Somewhat agree,Strongly agree,Strongly agree
558,40%,Neither agree nor disagree,Somewhat agree,Somewhat agree,Somewhat agree,Somewhat agree,Somewhat agree,40%,80%,Somewhat agree,Somewhat agree,Neither agree nor disagree,Strongly agree
559,40%,Neither agree nor disagree,Somewhat agree,Somewhat agree,Somewhat agree,Somewhat agree,Somewhat agree,40%,80%,Somewhat agree,Somewhat agree,Neither agree nor disagree,Somewhat agree
560,40%,Neither agree nor disagree,Somewhat agree,Somewhat agree,Somewhat agree,Somewhat agree,Somewhat agree,40%,80%,Somewhat agree,Somewhat agree,Strongly agree,Strongly agree
561,60%,Neither agree nor disagree,Somewhat agree,Somewhat agree,Somewhat agree,Somewhat agree,Somewhat agree,60%,80%,Somewhat agree,Somewhat agree,Somewhat disagree,Strongly agree
562,60%,Neither agree nor disagree,Somewhat agree,Somewhat agree,Somewhat agree,Somewhat agree,Somewhat agree,60%,80%,Somewhat agree,Somewhat agree,Somewhat agree,Somewhat agree
563,60%,Neither agree nor disagree,Somewhat agree,Somewhat agree,Somewhat agree,Somewhat agree,Somewhat agree,60%,80%,Somewhat agree,Somewhat agree,Strongly agree,Strongly agree
564,60%,Neither agree nor disagree,Somewhat agree,Somewhat agree,Somewhat agree,Somewhat agree,Somewhat agree,60%,80%,Somewhat agree,Somewhat agree,Strongly disagree,Strongly agree
565,60%,Neither agree nor disagree,Somewhat agree,Somewhat agree,Somewhat agree,Somewhat agree,Somewhat agree,60%,80%,Somewhat agree,Somewhat agree,Neither agree nor disagree,Neither agree nor disagree
566,60%,Neither agree nor disagree,Somewhat agree,Somewhat agree,Somewhat agree,Somewhat agree,Somewhat agree,60%,80%,Somewhat agree,Somewhat agree,Neither agree nor disagree,Neither agree nor disagree
567,60%,Neither agree nor disagree,Somewhat agree,Somewhat agree,Somewhat agree,Somewhat agree,Somewhat agree,60%,90%,Somewhat agree,Somewhat agree,Somewhat disagree,Somewhat agree
568,60%,Neither agree nor disagree,Somewhat agree,Somewhat agree,Somewhat agree,Somewhat agree,Somewhat agree,60%,90%,Somewhat agree,Somewhat agree,Strongly agree,Strongly agree
569,60%,Neither agree nor disagree,Somewhat agree,Somewhat agree,Somewhat agree,Somewhat agree,Somewhat agree,60%,90%,Somewhat agree,Somewhat agree,Somewhat agree,Neither agree nor disagree
570,60%,Neither agree nor disagree,Somewhat agree,Somewhat agree,Somewhat agree,Somewhat agree,Somewhat agree,60%,90%,Somewhat agree,Somewhat agree,Somewhat agree,Neither agree nor disagree
571,60%,Neither agree nor disagree,Somewhat agree,Somewhat agree,Somewhat agree,Somewhat agree,Somewhat agree,60%,90%,Somewhat agree,Somewhat agree,Neither agree nor disagree,Somewhat disagree
572,60%,Neither agree nor disagree,Somewhat agree,Somewhat agree,Somewhat agree,Somewhat agree,Somewhat agree,60%,90%,Somewhat agree,Somewhat agree,Somewhat agree,Somewhat agree
573,60%,Neither agree nor disagree,Somewhat agree,Somewhat agree,Somewhat agree,Somewhat agree,Somewhat agree,60%,90%,Somewhat agree,Somewhat agree,Neither agree nor disagree,Neither agree nor disagree
574,60%,Neither agree nor disagree,Somewhat agree,Somewhat agree,Somewhat agree,Somewhat agree,Somewhat agree,60%,90%,Somewhat agree,Somewhat agree,Somewhat agree,Neither agree nor disagree
575,60%,Neither agree nor disagree,Somewhat agree,Somewhat agree,Somewhat agree,Somewhat agree,Somewhat agree,60%,90%,Somewhat agree,Somewhat agree,Neither agree nor disagree,Somewhat agree
576,60%,Neither agree nor disagree,Somewhat agree,Somewhat agree,Somewhat agree,Somewhat agree,Somewhat agree,60%,90%,Somewhat agree,Somewhat agree,Strongly agree,Somewhat agree
577,60%,Neither agree nor disagree,Somewhat agree,Somewhat agree,Somewhat agree,Somewhat agree,Somewhat agree,60%,90%,Somewhat agree,Somewhat agree,Strongly agree,Strongly agree
578,60%,Neither agree nor disagree,Somewhat agree,Somewhat agree,Somewhat agree,Somewhat agree,Somewhat agree,60%,90%,Somewhat agree,Somewhat agree,Neither agree nor disagree,Strongly agree
579,60%,Neither agree nor disagree,Somewhat agree,Somewhat agree,Somewhat agree,Somewhat agree,Somewhat agree,60%,90%,Somewhat agree,Somewhat agree,Strongly agree,Strongly agree
580,60%,Neither agree nor disagree,Somewhat agree,Somewhat agree,Somewhat agree,Somewhat agree,Somewhat agree,60%,90%,Somewhat agree,Somewhat agree,Somewhat agree,Somewhat agree
581,60%,Neither agree nor disagree,Somewhat agree,Somewhat agree,Somewhat agree,Somewhat agree,Somewhat agree,60%,90%,Somewhat agree,Somewhat agree,Strongly agree,Strongly agree
582,60%,Somewhat agree,Somewhat agree,Somewhat agree,Somewhat agree,Somewhat agree,Somewhat agree,60%,90%,Somewhat agree,Somewhat agree,Somewhat agree,Strongly agree
583,60%,Somewhat agree,Somewhat agree,Somewhat agree,Somewhat agree,Somewhat agree,Somewhat agree,60%,90%,Somewhat agree,Somewhat agree,Strongly agree,Strongly agree
584,60%,Somewhat agree,Somewhat agree,Somewhat agree,Somewhat agree,Somewhat agree,Somewhat agree,60%,90%,Somewhat agree,Somewhat agree,Somewhat disagree,Somewhat agree
585,60%,Somewhat agree,Somewhat agree,Somewhat agree,Somewhat agree,Somewhat agree,Somewhat agree,60%,90%,Somewhat agree,Somewhat agree,Somewhat agree,Strongly agree
586,60%,Somewhat agree,Somewhat agree,Somewhat agree,Somewhat agree,Somewhat agree,Somewhat agree,60%,90%,Somewhat agree,Somewhat agree,Neither agree nor disagree,Somewhat agree
587,60%,Somewhat agree,Somewhat agree,Somewhat agree,Somewhat agree,Somewhat agree,Somewhat agree,60%,90%,Somewhat agree,Somewhat agree,Somewhat agree,Somewhat agree
588,60%,Somewhat agree,Somewhat agree,Somewhat agree,Somewhat agree,Somewhat agree,Somewhat agree,60%,90%,Somewhat agree,Somewhat agree,Somewhat agree,Somewhat agree
589,60%,Somewhat agree,Somewhat agree,Somewhat agree,Somewhat agree,Somewhat agree,Somewhat agree,60%,90%,Somewhat agree,Somewhat agree,Somewhat agree,Strongly agree
590,60%,Somewhat agree,Somewhat agree,Somewhat agree,Somewhat agree,Somewhat agree,Somewhat agree,60%,90%,Somewhat agree,Somewhat agree,Somewhat agree,Neither agree nor disagree
591,60%,Somewhat agree,Somewhat agree,Somewhat agree,Somewhat agree,Somewhat agree,Somewhat agree,60%,90%,Somewhat agree,Somewhat agree,Strongly agree,Somewhat agree
592,60%,Somewhat agree,Somewhat agree,Somewhat agree,Somewhat agree,Somewhat agree,Somewhat agree,60%,90%,Somewhat agree,Somewhat agree,NA,NA
593,60%,Somewhat agree,Somewhat agree,Somewhat agree,Somewhat agree,Somewhat agree,Somewhat agree,60%,90%,Somewhat agree,Somewhat agree,Strongly agree,Strongly agree
594,60%,Somewhat agree,Somewhat agree,Somewhat agree,Somewhat agree,Somewhat agree,Somewhat agree,60%,90%,Somewhat agree,Somewhat agree,Strongly agree,Strongly agree
595,60%,Somewhat agree,Somewhat agree,Somewhat agree,Somewhat agree,Somewhat agree,Somewhat agree,60%,90%,Somewhat agree,Somewhat agree,Neither agree nor disagree,Neither agree nor disagree
596,60%,Somewhat agree,Somewhat agree,Somewhat agree,Somewhat agree,Somewhat agree,Somewhat agree,60%,90%,Somewhat agree,Somewhat agree,Neither agree nor disagree,Neither agree nor disagree
597,60%,Somewhat agree,Somewhat agree,Somewhat agree,Somewhat agree,Somewhat agree,Somewhat agree,60%,90%,Somewhat agree,Somewhat agree,Strongly agree,Somewhat disagree
598,60%,Somewhat agree,Somewhat agree,Somewhat agree,Somewhat agree,Somewhat agree,Somewhat agree,60%,90%,Somewhat agree,Somewhat agree,Strongly agree,Strongly agree
599,60%,Somewhat agree,Somewhat agree,Somewhat agree,Somewhat agree,Somewhat agree,Somewhat agree,60%,90%,Somewhat agree,Somewhat agree,Somewhat agree,Neither agree nor disagree
600,60%,Somewhat agree,Somewhat agree,Somewhat agree,Somewhat agree,Somewhat agree,Somewhat agree,60%,90%,Somewhat agree,Somewhat agree,Neither agree nor disagree,Somewhat agree
601,60%,Somewhat agree,Somewhat agree,Somewhat agree,Somewhat agree,Somewhat agree,Somewhat agree,60%,90%,Somewhat agree,Somewhat agree,Neither agree nor disagree,Somewhat agree
602,60%,Somewhat agree,Somewhat agree,Somewhat agree,Somewhat agree,Somewhat agree,Somewhat agree,60%,90%,Somewhat agree,Somewhat agree,Somewhat agree,Somewhat agree
603,60%,Somewhat agree,Somewhat agree,Somewhat agree,Somewhat agree,Somewhat agree,Somewhat agree,60%,90%,Somewhat agree,Somewhat agree,Somewhat agree,Somewhat agree
604,60%,Somewhat agree,Somewhat agree,Somewhat agree,Somewhat agree,Somewhat agree,Somewhat agree,60%,90%,Somewhat agree,Somewhat agree,Somewhat disagree,Somewhat disagree
605,60%,Somewhat agree,Somewhat agree,Somewhat agree,Somewhat agree,Somewhat agree,Somewhat agree,60%,90%,Somewhat agree,Somewhat agree,Strongly agree,Strongly agree
606,60%,Somewhat agree,Somewhat agree,Somewhat agree,Somewhat agree,Somewhat agree,Somewhat agree,60%,90%,Somewhat agree,Somewhat agree,Somewhat agree,Somewhat agree
607,60%,Somewhat agree,Somewhat agree,Somewhat agree,Somewhat agree,Somewhat agree,Somewhat agree,60%,90%,Somewhat agree,Somewhat agree,Strongly disagree,Neither agree nor disagree
608,60%,Somewhat agree,Somewhat agree,Somewhat agree,Somewhat agree,Somewhat agree,Somewhat agree,60%,90%,Somewhat agree,Somewhat agree,Strongly agree,Strongly agree
609,60%,Somewhat agree,Somewhat agree,Somewhat agree,Somewhat agree,Somewhat agree,Somewhat agree,60%,90%,Somewhat agree,Somewhat agree,Strongly agree,Strongly agree
610,60%,Somewhat agree,Somewhat agree,Somewhat agree,Somewhat agree,Somewhat agree,Somewhat agree,60%,90%,Somewhat agree,Somewhat agree,Neither agree nor disagree,Strongly agree
611,60%,Somewhat agree,Somewhat agree,Somewhat agree,Somewhat agree,Somewhat agree,Somewhat agree,60%,90%,Somewhat agree,Somewhat agree,Strongly agree,Strongly agree
612,60%,Somewhat agree,Somewhat agree,Somewhat agree,Somewhat agree,Somewhat agree,Somewhat agree,60%,90%,Somewhat agree,Somewhat agree,Strongly agree,Strongly agree
613,60%,Somewhat agree,Somewhat agree,Somewhat agree,Somewhat agree,Somewhat agree,Somewhat agree,60%,90%,Somewhat agree,Somewhat agree,Strongly agree,Strongly agree
614,60%,Somewhat agree,Somewhat agree,Somewhat agree,Somewhat agree,Somewhat agree,Somewhat agree,60%,90%,Somewhat agree,Somewhat agree,Strongly agree,Strongly agree
615,60%,Somewhat agree,Somewhat agree,Somewhat agree,Somewhat agree,Somewhat agree,Somewhat agree,60%,90%,Somewhat agree,Somewhat agree,Strongly agree,Strongly agree
616,60%,Somewhat agree,Somewhat agree,Somewhat agree,Somewhat agree,Somewhat agree,Somewhat agree,60%,90%,Somewhat agree,Somewhat agree,Somewhat agree,Strongly agree
617,70%,Somewhat agree,Somewhat agree,Somewhat agree,Somewhat agree,Somewhat agree,Somewhat agree,60%,90%,Somewhat agree,Somewhat agree,Somewhat agree,Strongly agree
618,70%,Somewhat agree,Somewhat agree,Somewhat agree,Somewhat agree,Somewhat agree,Somewhat agree,60%,90%,Somewhat agree,Somewhat agree,Strongly agree,Strongly agree
619,70%,Somewhat agree,Somewhat agree,Somewhat agree,Somewhat agree,Somewhat agree,Somewhat agree,60%,90%,Somewhat agree,Somewhat agree,Strongly agree,Strongly agree
620,70%,Somewhat agree,Somewhat agree,Somewhat agree,Somewhat agree,Somewhat agree,Somewhat agree,60%,90%,Somewhat agree,Somewhat agree,Strongly agree,Strongly agree
621,70%,Somewhat agree,Somewhat agree,Somewhat agree,Somewhat agree,Somewhat agree,Somewhat agree,60%,90%,Somewhat agree,Somewhat agree,Somewhat agree,Strongly agree
622,70%,Somewhat agree,Somewhat agree,Somewhat agree,Somewhat agree,Somewhat agree,Somewhat agree,60%,90%,Somewhat agree,Somewhat agree,Strongly agree,Strongly agree
623,70%,Somewhat agree,Somewhat agree,Somewhat agree,Somewhat agree,Somewhat agree,Somewhat agree,60%,90%,Somewhat agree,Somewhat agree,Strongly agree,Somewhat agree
624,70%,Somewhat agree,Somewhat agree,Somewhat agree,Somewhat agree,Somewhat agree,Somewhat agree,60%,90%,Somewhat agree,Somewhat agree,Somewhat agree,Somewhat agree
625,70%,Somewhat agree,Somewhat agree,Somewhat agree,Somewhat agree,Somewhat agree,Somewhat agree,60%,90%,Somewhat agree,Somewhat agree,Strongly disagree,Strongly agree
626,70%,Somewhat agree,Somewhat agree,Somewhat agree,Somewhat agree,Somewhat agree,Somewhat agree,60%,90%,Somewhat agree,Somewhat agree,Strongly disagree,Strongly disagree
627,70%,Somewhat agree,Somewhat agree,Somewhat agree,Somewhat agree,Somewhat agree,Somewhat agree,70%,90%,Somewhat agree,Somewhat agree,Strongly agree,Strongly disagree
628,70%,Somewhat agree,Somewhat agree,Somewhat agree,Somewhat agree,Somewhat agree,Somewhat agree,70%,90%,Somewhat agree,Somewhat agree,Neither agree nor disagree,Strongly agree
629,70%,Somewhat agree,Somewhat agree,Somewhat agree,Somewhat agree,Somewhat agree,Somewhat agree,70%,90%,Somewhat agree,Somewhat agree,Somewhat agree,Somewhat agree
630,70%,Somewhat agree,Somewhat agree,Somewhat agree,Somewhat agree,Somewhat agree,Somewhat agree,70%,90%,Somewhat agree,Somewhat agree,Neither agree nor disagree,Neither agree nor disagree
631,70%,Somewhat agree,Somewhat agree,Somewhat agree,Somewhat agree,Somewhat agree,Somewhat agree,70%,90%,Somewhat agree,Somewhat agree,Neither agree nor disagree,Neither agree nor disagree
632,70%,Somewhat agree,Somewhat agree,Somewhat agree,Somewhat agree,Somewhat agree,Somewhat agree,70%,90%,Somewhat agree,Somewhat agree,Somewhat agree,Somewhat agree
633,70%,Somewhat agree,Somewhat agree,Somewhat agree,Somewhat agree,Somewhat agree,Somewhat agree,70%,90%,Somewhat agree,Somewhat agree,Strongly agree,Somewhat agree
634,70%,Somewhat agree,Somewhat agree,Somewhat agree,Somewhat agree,Somewhat agree,Somewhat agree,70%,90%,Somewhat agree,Somewhat agree,Strongly agree,Strongly agree
635,70%,Somewhat agree,Somewhat agree,Somewhat agree,Somewhat agree,Somewhat agree,Somewhat agree,70%,90%,Somewhat agree,Somewhat agree,Strongly agree,Somewhat agree
636,70%,Somewhat agree,Somewhat agree,Somewhat agree,Somewhat agree,Somewhat agree,Somewhat agree,70%,90%,Somewhat agree,Somewhat agree,Strongly disagree,Somewhat disagree
637,70%,Somewhat agree,Somewhat agree,Somewhat agree,Somewhat agree,Somewhat agree,Somewhat agree,70%,90%,Somewhat agree,Somewhat agree,Somewhat agree,Somewhat agree
638,70%,Somewhat agree,Somewhat agree,Somewhat agree,Somewhat agree,Somewhat agree,Somewhat agree,70%,90%,Somewhat disagree,Somewhat agree,Neither agree nor disagree,Neither agree nor disagree
639,70%,Somewhat agree,Somewhat agree,Somewhat agree,Somewhat agree,Somewhat agree,Somewhat agree,70%,90%,Somewhat disagree,Somewhat agree,Neither agree nor disagree,Somewhat agree
640,70%,Somewhat agree,Somewhat agree,Somewhat agree,Somewhat agree,Somewhat agree,Somewhat agree,70%,90%,Somewhat disagree,Somewhat agree,Neither agree nor disagree,Somewhat agree
641,70%,Somewhat agree,Somewhat agree,Somewhat agree,Somewhat agree,Somewhat agree,Somewhat agree,70%,90%,Somewhat disagree,Somewhat agree,Strongly agree,Strongly agree
642,70%,Somewhat agree,Somewhat agree,Somewhat agree,Somewhat agree,Somewhat agree,Somewhat agree,70%,90%,Somewhat disagree,Somewhat agree,Strongly agree,Somewhat disagree
643,70%,Somewhat agree,Somewhat agree,Somewhat agree,Somewhat agree,Somewhat agree,Somewhat agree,70%,90%,Somewhat disagree,Somewhat agree,Strongly agree,Strongly agree
644,70%,Somewhat agree,Somewhat agree,Somewhat agree,Somewhat agree,Somewhat agree,Somewhat agree,70%,90%,Somewhat disagree,Somewhat agree,Somewhat agree,Neither agree nor disagree
645,70%,Somewhat agree,Somewhat agree,Somewhat agree,Somewhat agree,Somewhat agree,Somewhat agree,70%,90%,Somewhat disagree,Somewhat agree,Somewhat agree,Somewhat agree
646,70%,Somewhat agree,Somewhat agree,Somewhat agree,Somewhat agree,Somewhat agree,Somewhat agree,70%,90%,Somewhat disagree,Somewhat agree,Somewhat disagree,Neither agree nor disagree
647,70%,Somewhat agree,Somewhat agree,Somewhat agree,Somewhat agree,Somewhat agree,Somewhat agree,70%,90%,Somewhat disagree,Somewhat agree,Somewhat agree,Somewhat agree
648,70%,Somewhat agree,Somewhat agree,Somewhat agree,Somewhat agree,Somewhat agree,Somewhat agree,70%,90%,Somewhat disagree,Somewhat agree,Somewhat disagree,Somewhat agree
649,70%,Somewhat agree,Somewhat agree,Somewhat agree,Somewhat agree,Somewhat agree,Somewhat agree,70%,90%,Somewhat disagree,Somewhat agree,Somewhat agree,Somewhat disagree
650,70%,Somewhat agree,Somewhat agree,Somewhat agree,Somewhat agree,Somewhat agree,Somewhat agree,70%,90%,Somewhat disagree,Somewhat agree,Strongly agree,Strongly agree
651,70%,Somewhat agree,Somewhat agree,Somewhat agree,Somewhat agree,Somewhat agree,Somewhat agree,70%,90%,Somewhat disagree,Somewhat agree,Somewhat disagree,Somewhat agree
652,70%,Somewhat agree,Somewhat agree,Somewhat agree,Somewhat agree,Somewhat agree,Somewhat agree,70%,90%,Somewhat disagree,Somewhat agree,Somewhat disagree,Neither agree nor disagree
653,70%,Somewhat agree,Somewhat agree,Somewhat agree,Somewhat agree,Somewhat agree,Somewhat agree,70%,90%,Somewhat disagree,Somewhat agree,Strongly agree,Strongly agree
654,70%,Somewhat agree,Somewhat agree,Somewhat agree,Somewhat agree,Somewhat agree,Somewhat agree,70%,90%,Somewhat disagree,Somewhat agree,Strongly agree,Strongly agree
655,70%,Somewhat agree,Somewhat agree,Somewhat agree,Somewhat agree,Somewhat agree,Somewhat agree,70%,90%,Somewhat disagree,Somewhat agree,Strongly agree,Strongly agree
656,70%,Somewhat agree,Somewhat agree,Somewhat agree,Somewhat agree,Somewhat agree,Somewhat agree,70%,90%,Somewhat disagree,Somewhat agree,Strongly agree,Somewhat agree
657,70%,Somewhat agree,Somewhat agree,Somewhat agree,Somewhat agree,Somewhat agree,Somewhat agree,70%,90%,Somewhat disagree,Somewhat agree,Strongly agree,Strongly agree
658,70%,Somewhat agree,Somewhat agree,Somewhat agree,Somewhat agree,Somewhat agree,Somewhat agree,70%,90%,Somewhat disagree,Somewhat agree,Somewhat agree,Neither agree nor disagree
659,70%,Somewhat agree,Somewhat agree,Somewhat agree,Somewhat agree,Somewhat agree,Somewhat agree,70%,90%,Somewhat disagree,Somewhat agree,Somewhat disagree,Strongly agree
660,80%,Somewhat agree,Somewhat agree,Somewhat agree,Somewhat agree,Somewhat agree,Somewhat agree,70%,90%,Somewhat disagree,Somewhat agree,NA,NA
661,80%,Somewhat agree,Somewhat agree,Somewhat agree,Somewhat agree,Somewhat agree,Somewhat agree,70%,90%,Somewhat disagree,Somewhat agree,Strongly agree,Strongly agree
662,80%,Somewhat agree,Somewhat agree,Somewhat agree,Somewhat agree,Somewhat agree,Somewhat agree,70%,90%,Somewhat disagree,Somewhat agree,Somewhat agree,Somewhat agree
663,80%,Somewhat agree,Somewhat agree,Somewhat agree,Somewhat agree,Somewhat agree,Somewhat agree,70%,90%,Somewhat disagree,Somewhat agree,Strongly agree,Strongly agree
664,80%,Somewhat agree,Somewhat agree,Somewhat agree,Somewhat agree,Somewhat agree,Somewhat agree,70%,90%,Somewhat disagree,Somewhat agree,Strongly agree,Strongly agree
665,80%,Somewhat agree,Somewhat agree,Somewhat agree,Somewhat agree,Somewhat agree,Somewhat agree,70%,90%,Somewhat disagree,Somewhat agree,Somewhat agree,Strongly agree
666,80%,Somewhat agree,Somewhat agree,Somewhat agree,Somewhat agree,Somewhat agree,Somewhat agree,70%,90%,Somewhat disagree,Somewhat agree,Strongly agree,Strongly agree
667,80%,Somewhat agree,Somewhat agree,Somewhat agree,Somewhat agree,Somewhat agree,Somewhat agree,70%,90%,Somewhat disagree,Somewhat agree,Strongly agree,Strongly agree
668,80%,Somewhat agree,Somewhat agree,Somewhat agree,Somewhat agree,Somewhat agree,Somewhat agree,70%,90%,Somewhat disagree,Somewhat agree,Strongly agree,Strongly agree
669,80%,Somewhat agree,Somewhat agree,Somewhat agree,Somewhat agree,Somewhat agree,Somewhat agree,70%,90%,Somewhat disagree,Somewhat agree,Strongly agree,Strongly agree
670,80%,Somewhat agree,Somewhat agree,Somewhat agree,Somewhat agree,Somewhat agree,Somewhat agree,70%,90%,Somewhat disagree,Somewhat agree,Strongly agree,Strongly agree
671,80%,Somewhat agree,Somewhat agree,Somewhat agree,Somewhat agree,Somewhat agree,Somewhat agree,70%,90%,Somewhat disagree,Somewhat agree,Strongly agree,Strongly agree
672,80%,Somewhat agree,Somewhat agree,Somewhat agree,Somewhat agree,Somewhat agree,Somewhat agree,70%,90%,Somewhat disagree,Somewhat agree,Strongly agree,Strongly agree
673,80%,Somewhat agree,Somewhat agree,Somewhat agree,Somewhat agree,Somewhat agree,Somewhat agree,70%,90%,Somewhat disagree,Somewhat agree,Strongly agree,Strongly agree
674,80%,Somewhat agree,Somewhat agree,Somewhat agree,Somewhat agree,Somewhat agree,Somewhat agree,70%,90%,Somewhat disagree,Somewhat agree,Strongly agree,Neither agree nor disagree
675,80%,Somewhat agree,Somewhat agree,Somewhat agree,Somewhat agree,Somewhat agree,Somewhat agree,70%,90%,Somewhat disagree,Somewhat agree,Strongly agree,Strongly agree
676,80%,Somewhat agree,Somewhat agree,Somewhat agree,Somewhat agree,Somewhat agree,Somewhat agree,70%,90%,Somewhat disagree,Somewhat agree,Somewhat agree,Somewhat agree
677,80%,Somewhat agree,Somewhat agree,Somewhat agree,Somewhat agree,Somewhat agree,Somewhat agree,70%,90%,Somewhat disagree,Somewhat agree,Strongly agree,Somewhat agree
678,80%,Somewhat agree,Somewhat agree,Somewhat agree,Somewhat agree,Somewhat agree,Somewhat agree,70%,90%,Somewhat disagree,Somewhat agree,Strongly agree,Strongly agree
679,80%,Somewhat agree,Somewhat agree,Somewhat agree,Somewhat agree,Somewhat agree,Somewhat agree,70%,90%,Somewhat disagree,Somewhat agree,Somewhat agree,Strongly agree
680,80%,Somewhat agree,Somewhat agree,Somewhat agree,Somewhat agree,Somewhat agree,Somewhat agree,70%,90%,Somewhat disagree,Somewhat agree,Strongly agree,Strongly agree
681,80%,Somewhat agree,Somewhat agree,Somewhat agree,Somewhat agree,Somewhat agree,Somewhat agree,70%,90%,Somewhat disagree,Somewhat agree,Strongly agree,Strongly agree
682,80%,Somewhat agree,Somewhat agree,Somewhat agree,Somewhat agree,Somewhat agree,Somewhat agree,70%,90%,Somewhat disagree,Somewhat agree,Strongly agree,Strongly agree
683,80%,Somewhat agree,Somewhat agree,Somewhat agree,Somewhat agree,Somewhat agree,Somewhat agree,70%,90%,Somewhat disagree,Somewhat agree,Strongly agree,Somewhat agree
684,80%,Somewhat agree,Somewhat agree,Somewhat agree,Somewhat agree,Somewhat agree,Somewhat agree,80%,90%,Somewhat disagree,Somewhat agree,Strongly agree,Neither agree nor disagree
685,80%,Somewhat agree,Somewhat agree,Somewhat agree,Somewhat agree,Somewhat agree,Somewhat agree,80%,90%,Somewhat disagree,Somewhat agree,Strongly agree,Strongly agree
686,80%,Somewhat agree,Somewhat agree,Somewhat agree,Somewhat agree,Somewhat agree,Somewhat agree,80%,90%,Somewhat disagree,Somewhat agree,Strongly agree,Strongly agree
687,80%,Somewhat agree,Somewhat agree,Somewhat agree,Somewhat agree,Somewhat agree,Somewhat agree,80%,90%,Somewhat disagree,Somewhat agree,Strongly agree,Strongly agree
688,80%,Somewhat agree,Somewhat agree,Somewhat agree,Somewhat agree,Somewhat agree,Somewhat agree,80%,90%,Somewhat disagree,Somewhat agree,Strongly agree,Strongly agree
689,80%,Somewhat agree,Somewhat agree,Somewhat agree,Somewhat agree,Somewhat agree,Somewhat agree,80%,90%,Somewhat disagree,Somewhat agree,Somewhat disagree,Strongly disagree
690,80%,Somewhat agree,Somewhat agree,Somewhat agree,Somewhat agree,Somewhat agree,Somewhat agree,80%,90%,Somewhat disagree,Somewhat agree,Somewhat agree,Somewhat agree
691,80%,Somewhat agree,Somewhat agree,Somewhat agree,Somewhat agree,Somewhat agree,Somewhat agree,80%,90%,Somewhat disagree,Somewhat agree,Neither agree nor disagree,Neither agree nor disagree
692,80%,Somewhat agree,Somewhat agree,Somewhat agree,Somewhat agree,Somewhat agree,Somewhat agree,80%,90%,Somewhat disagree,Somewhat agree,Neither agree nor disagree,Neither agree nor disagree
693,80%,Somewhat agree,Somewhat agree,Somewhat agree,Somewhat agree,Somewhat agree,Somewhat agree,80%,90%,Somewhat disagree,Somewhat agree,Neither agree nor disagree,Neither agree nor disagree
694,80%,Somewhat agree,Somewhat agree,Somewhat agree,Somewhat agree,Somewhat agree,Somewhat agree,80%,90%,Somewhat disagree,Somewhat agree,Somewhat agree,Somewhat agree
695,80%,Somewhat agree,Somewhat agree,Somewhat agree,Somewhat agree,Somewhat agree,Somewhat agree,80%,90%,Somewhat disagree,Somewhat agree,Neither agree nor disagree,Somewhat disagree
696,80%,Somewhat agree,Somewhat agree,Somewhat agree,Somewhat agree,Somewhat agree,Somewhat agree,80%,90%,Somewhat disagree,Somewhat agree,Strongly agree,Strongly agree
697,80%,Somewhat agree,Somewhat agree,Somewhat agree,Somewhat agree,Somewhat agree,Somewhat agree,80%,90%,Somewhat disagree,Somewhat agree,Somewhat disagree,Somewhat disagree
698,80%,Somewhat agree,Somewhat agree,Somewhat agree,Somewhat agree,Somewhat agree,Somewhat agree,80%,90%,Somewhat disagree,Somewhat agree,Somewhat agree,Somewhat agree
699,80%,Somewhat agree,Somewhat agree,Somewhat agree,Somewhat agree,Somewhat agree,Somewhat agree,80%,90%,Somewhat disagree,Somewhat agree,Somewhat agree,Somewhat disagree
700,80%,Somewhat agree,Somewhat agree,Somewhat agree,Somewhat agree,Somewhat agree,Somewhat agree,80%,90%,Somewhat disagree,Somewhat agree,Strongly agree,Strongly agree
701,80%,Somewhat agree,Somewhat agree,Somewhat agree,Somewhat agree,Somewhat agree,Somewhat agree,80%,90%,Somewhat disagree,Somewhat agree,Somewhat agree,Somewhat agree
702,80%,Somewhat agree,Somewhat agree,Somewhat agree,Somewhat agree,Somewhat agree,Somewhat agree,80%,90%,Somewhat disagree,Somewhat agree,Strongly agree,Strongly agree
703,90%,Somewhat agree,Somewhat agree,Somewhat agree,Somewhat agree,Somewhat agree,Somewhat agree,80%,90%,Somewhat disagree,Somewhat agree,Strongly agree,Strongly agree
704,90%,Somewhat agree,Somewhat agree,Somewhat agree,Somewhat agree,Somewhat agree,Somewhat agree,80%,90%,Somewhat disagree,Somewhat agree,Somewhat agree,Somewhat agree
705,90%,Somewhat agree,Somewhat agree,Somewhat agree,Somewhat agree,Somewhat agree,Somewhat agree,80%,90%,Somewhat disagree,Somewhat agree,Somewhat disagree,Somewhat disagree
706,90%,Somewhat agree,Somewhat agree,Somewhat agree,Somewhat agree,Somewhat agree,Somewhat agree,80%,90%,Somewhat disagree,Somewhat agree,Somewhat agree,Strongly agree
707,90%,Somewhat agree,Somewhat agree,Somewhat agree,Somewhat agree,Somewhat agree,Somewhat agree,80%,90%,Somewhat disagree,Somewhat agree,Strongly agree,Strongly agree
708,90%,Somewhat agree,Somewhat agree,Somewhat agree,Somewhat agree,Somewhat agree,Somewhat agree,80%,90%,Somewhat disagree,Somewhat agree,Somewhat agree,Strongly agree
709,90%,Somewhat agree,Somewhat agree,Somewhat agree,Somewhat agree,Somewhat agree,Somewhat agree,80%,90%,Somewhat disagree,Somewhat agree,Somewhat disagree,Somewhat agree
710,90%,Somewhat agree,Somewhat agree,Somewhat agree,Somewhat agree,Somewhat agree,Somewhat agree,80%,90%,Somewhat disagree,Somewhat agree,Somewhat agree,Somewhat agree
711,90%,Somewhat agree,Somewhat agree,Somewhat agree,Somewhat agree,Somewhat agree,Somewhat agree,80%,90%,Somewhat disagree,Somewhat agree,Strongly agree,Strongly agree
712,90%,Somewhat agree,Somewhat agree,Somewhat agree,Somewhat agree,Somewhat agree,Somewhat agree,80%,90%,Somewhat disagree,Somewhat agree,Strongly agree,Strongly agree
713,90%,Somewhat agree,Somewhat agree,Somewhat agree,Somewhat agree,Somewhat agree,Somewhat agree,80%,100% - I spent all of my time remote working,Somewhat disagree,Somewhat agree,Strongly agree,Strongly agree
714,90%,Somewhat agree,Somewhat agree,Somewhat agree,Somewhat agree,Somewhat agree,Somewhat agree,80%,100% - I spent all of my time remote working,Somewhat disagree,Somewhat agree,Somewhat disagree,Neither agree nor disagree
715,90%,Somewhat agree,Somewhat agree,Somewhat agree,Somewhat agree,Somewhat agree,Somewhat agree,80%,100% - I spent all of my time remote working,Somewhat disagree,Somewhat agree,Somewhat disagree,Neither agree nor disagree
716,90%,Somewhat agree,Somewhat agree,Somewhat agree,Somewhat agree,Somewhat agree,Somewhat agree,80%,100% - I spent all of my time remote working,Somewhat disagree,Somewhat agree,Somewhat agree,Strongly agree
717,90%,Somewhat agree,Somewhat agree,Somewhat agree,Somewhat agree,Somewhat agree,Somewhat agree,80%,100% - I spent all of my time remote working,Somewhat disagree,Somewhat agree,Somewhat agree,Somewhat agree
718,90%,Somewhat agree,Somewhat agree,Somewhat agree,Somewhat agree,Somewhat agree,Somewhat agree,80%,100% - I spent all of my time remote working,Somewhat disagree,Somewhat agree,Strongly agree,Somewhat agree
719,90%,Somewhat agree,Somewhat agree,Somewhat agree,Somewhat agree,Somewhat agree,Somewhat agree,80%,100% - I spent all of my time remote working,Somewhat disagree,Somewhat agree,Somewhat agree,Somewhat agree
720,90%,Somewhat agree,Somewhat agree,Somewhat agree,Somewhat agree,Somewhat agree,Somewhat agree,80%,100% - I spent all of my time remote working,Strongly agree,Somewhat agree,Somewhat agree,Neither agree nor disagree
721,90%,Somewhat agree,Somewhat agree,Somewhat agree,Somewhat agree,Somewhat agree,Somewhat agree,80%,100% - I spent all of my time remote working,Strongly agree,Somewhat agree,Somewhat agree,Somewhat agree
722,90%,Somewhat agree,Somewhat agree,Somewhat agree,Somewhat agree,Somewhat agree,Somewhat agree,80%,100% - I spent all of my time remote working,Strongly agree,Somewhat agree,Somewhat agree,Somewhat agree
723,90%,Somewhat agree,Somewhat agree,Somewhat agree,Somewhat agree,Somewhat agree,Somewhat agree,80%,100% - I spent all of my time remote working,Strongly agree,Somewhat agree,Strongly agree,Strongly agree
724,90%,Somewhat agree,Somewhat agree,Somewhat agree,Somewhat agree,Somewhat agree,Somewhat agree,80%,100% - I spent all of my time remote working,Strongly agree,Somewhat agree,Somewhat agree,Somewhat agree
725,90%,Somewhat agree,Somewhat agree,Somewhat agree,Somewhat agree,Somewhat agree,Somewhat agree,80%,100% - I spent all of my time remote working,Strongly agree,Somewhat agree,Strongly agree,Strongly agree
726,90%,Somewhat agree,Somewhat agree,Somewhat agree,Somewhat agree,Somewhat agree,Somewhat agree,80%,100% - I spent all of my time remote working,Strongly agree,Somewhat agree,Somewhat agree,Strongly agree
727,90%,Somewhat agree,Somewhat agree,Somewhat agree,Somewhat agree,Somewhat agree,Somewhat agree,80%,100% - I spent all of my time remote working,Strongly agree,Somewhat agree,Somewhat agree,Somewhat agree
728,90%,Somewhat agree,Somewhat agree,Somewhat agree,Somewhat agree,Somewhat agree,Somewhat agree,80%,100% - I spent all of my time remote working,Strongly agree,Somewhat agree,Somewhat agree,Somewhat agree
729,90%,Somewhat agree,Somewhat agree,Somewhat agree,Somewhat agree,Somewhat agree,Somewhat agree,80%,100% - I spent all of my time remote working,Strongly agree,Somewhat agree,Strongly agree,Strongly agree
730,90%,Somewhat agree,Somewhat agree,Somewhat agree,Somewhat agree,Somewhat agree,Somewhat agree,80%,100% - I spent all of my time remote working,Strongly agree,Somewhat agree,Strongly agree,Strongly agree
731,90%,Somewhat agree,Somewhat agree,Somewhat agree,Somewhat agree,Somewhat agree,Somewhat agree,80%,100% - I spent all of my time remote working,Strongly agree,Somewhat agree,Strongly agree,Strongly agree
732,90%,Somewhat agree,Somewhat agree,Somewhat agree,Somewhat agree,Somewhat agree,Somewhat agree,80%,100% - I spent all of my time remote working,Strongly agree,Somewhat agree,Neither agree nor disagree,Somewhat agree
733,90%,Somewhat agree,Somewhat agree,Somewhat agree,Somewhat agree,Somewhat agree,Somewhat agree,80%,100% - I spent all of my time remote working,Strongly agree,Somewhat agree,Somewhat disagree,Somewhat disagree
734,90%,Somewhat agree,Somewhat agree,Somewhat agree,Somewhat agree,Somewhat agree,Somewhat agree,80%,100% - I spent all of my time remote working,Strongly agree,Somewhat agree,Somewhat disagree,Strongly disagree
735,90%,Somewhat agree,Somewhat agree,Somewhat agree,Somewhat agree,Somewhat agree,Somewhat agree,80%,100% - I spent all of my time remote working,Strongly agree,Somewhat agree,Somewhat agree,Somewhat agree
736,100% - I spent all of my time remote working,Somewhat agree,Somewhat agree,Somewhat agree,Somewhat agree,Somewhat agree,Somewhat agree,80%,100% - I spent all of my time remote working,Strongly agree,Somewhat agree,Strongly agree,Strongly agree
737,100% - I spent all of my time remote working,Somewhat agree,Somewhat agree,Somewhat agree,Somewhat agree,Somewhat agree,Somewhat agree,80%,100% - I spent all of my time remote working,Strongly agree,Somewhat agree,Strongly agree,Strongly agree
738,100% - I spent all of my time remote working,Somewhat agree,Somewhat agree,Somewhat agree,Somewhat agree,Somewhat agree,Somewhat agree,80%,100% - I spent all of my time remote working,Strongly agree,Somewhat agree,Strongly agree,Strongly agree
739,100% - I spent all of my time remote working,Somewhat agree,Somewhat agree,Somewhat agree,Somewhat agree,Somewhat agree,Somewhat agree,80%,100% - I spent all of my time remote working,Strongly agree,Somewhat agree,Strongly agree,Somewhat agree
740,100% - I spent all of my time remote working,Somewhat agree,Somewhat agree,Somewhat agree,Somewhat agree,Somewhat agree,Somewhat agree,80%,100% - I spent all of my time remote working,Strongly agree,Somewhat agree,Somewhat agree,Somewhat agree
741,100% - I spent all of my time remote working,Somewhat agree,Somewhat agree,Somewhat agree,Somewhat agree,Somewhat agree,Somewhat agree,80%,100% - I spent all of my time remote working,Strongly agree,Somewhat agree,Strongly agree,Somewhat agree
742,100% - I spent all of my time remote working,Somewhat agree,Somewhat agree,Somewhat agree,Somewhat agree,Somewhat agree,Somewhat agree,80%,100% - I spent all of my time remote working,Strongly agree,Somewhat agree,Strongly agree,Neither agree nor disagree
743,100% - I spent all of my time remote working,Somewhat agree,Somewhat agree,Somewhat agree,Somewhat agree,Somewhat agree,Somewhat agree,80%,100% - I spent all of my time remote working,Strongly agree,Somewhat agree,Somewhat agree,Strongly agree
744,100% - I spent all of my time remote working,Somewhat agree,Somewhat agree,Somewhat agree,Somewhat agree,Somewhat agree,Somewhat agree,80%,100% - I spent all of my time remote working,Strongly agree,Somewhat agree,Strongly agree,Strongly agree
745,100% - I spent all of my time remote working,Somewhat agree,Somewhat agree,Somewhat agree,Somewhat agree,Somewhat agree,Somewhat agree,80%,100% - I spent all of my time remote working,Strongly agree,Somewhat agree,Somewhat agree,Somewhat agree
746,100% - I spent all of my time remote working,Somewhat agree,Somewhat agree,Somewhat agree,Somewhat agree,Somewhat agree,Somewhat agree,80%,100% - I spent all of my time remote working,Strongly agree,Somewhat agree,Somewhat agree,Strongly agree
747,100% - I spent all of my time remote working,Somewhat agree,Somewhat agree,Somewhat agree,Somewhat agree,Somewhat agree,Somewhat agree,80%,100% - I spent all of my time remote working,Strongly agree,Somewhat agree,Strongly agree,Strongly agree
748,100% - I spent all of my time remote working,Somewhat agree,Somewhat agree,Somewhat agree,Somewhat agree,Somewhat agree,Somewhat agree,80%,100% - I spent all of my time remote working,Strongly agree,Somewhat agree,Strongly agree,Strongly agree
749,100% - I spent all of my time remote working,Somewhat agree,Somewhat agree,Somewhat agree,Somewhat agree,Somewhat agree,Somewhat agree,80%,100% - I spent all of my time remote working,Strongly agree,Somewhat agree,Strongly agree,Strongly agree
750,100% - I spent all of my time remote working,Somewhat agree,Somewhat agree,Somewhat agree,Somewhat agree,Somewhat agree,Somewhat agree,80%,100% - I spent all of my time remote working,Strongly agree,Somewhat agree,Strongly agree,Strongly agree
751,100% - I spent all of my time remote working,Somewhat agree,Somewhat agree,Somewhat agree,Somewhat agree,Somewhat agree,Somewhat agree,80%,100% - I spent all of my time remote working,Strongly agree,Somewhat agree,Somewhat agree,Strongly agree
752,100% - I spent all of my time remote working,Somewhat agree,Somewhat agree,Somewhat agree,Somewhat agree,Somewhat agree,Somewhat agree,80%,100% - I spent all of my time remote working,Strongly agree,Somewhat agree,Somewhat agree,Strongly agree
753,100% - I spent all of my time remote working,Somewhat agree,Somewhat agree,Somewhat agree,Somewhat agree,Somewhat agree,Somewhat agree,80%,100% - I spent all of my time remote working,Strongly agree,Somewhat agree,Strongly agree,Strongly agree
754,100% - I spent all of my time remote working,Somewhat agree,Somewhat agree,Somewhat agree,Somewhat agree,Somewhat agree,Somewhat agree,80%,100% - I spent all of my time remote working,Strongly agree,Somewhat agree,Strongly agree,Strongly agree
755,100% - I spent all of my time remote working,Somewhat agree,Somewhat agree,Somewhat agree,Somewhat agree,Somewhat agree,Somewhat agree,80%,100% - I spent all of my time remote working,Strongly agree,Somewhat agree,Strongly agree,Strongly agree
756,100% - I spent all of my time remote working,Somewhat agree,Somewhat agree,Somewhat agree,Somewhat agree,Somewhat agree,Somewhat agree,80%,100% - I spent all of my time remote working,Strongly agree,Somewhat agree,Strongly agree,Strongly agree
757,100% - I spent all of my time remote working,Somewhat agree,Somewhat agree,Somewhat agree,Somewhat agree,Somewhat agree,Somewhat agree,80%,100% - I spent all of my time remote working,Strongly agree,Somewhat agree,Strongly agree,Strongly agree
758,100% - I spent all of my time remote working,Somewhat agree,Somewhat agree,Somewhat agree,Somewhat agree,Somewhat agree,Somewhat agree,80%,100% - I spent all of my time remote working,Strongly agree,Somewhat agree,Strongly agree,Strongly agree
759,100% - I spent all of my time remote working,Somewhat agree,Somewhat agree,Somewhat agree,Somewhat agree,Somewhat agree,Somewhat agree,80%,100% - I spent all of my time remote working,Strongly agree,Somewhat agree,Strongly agree,Strongly agree
760,100% - I spent all of my time remote working,Somewhat agree,Somewhat agree,Somewhat agree,Somewhat agree,Somewhat agree,Somewhat agree,80%,100% - I spent all of my time remote working,Strongly agree,Somewhat agree,Strongly agree,Strongly agree
761,100% - I spent all of my time remote working,Somewhat agree,Somewhat agree,Somewhat agree,Somewhat agree,Somewhat agree,Somewhat agree,80%,100% - I spent all of my time remote working,Strongly agree,Somewhat agree,Strongly agree,Strongly agree
762,100% - I spent all of my time remote working,Somewhat agree,Somewhat agree,Somewhat agree,Somewhat agree,Somewhat agree,Somewhat agree,80%,100% - I spent all of my time remote working,Strongly agree,Somewhat agree,Strongly agree,Somewhat agree
763,100% - I spent all of my time remote working,Somewhat agree,Somewhat agree,Somewhat agree,Somewhat agree,Somewhat agree,Somewhat agree,80%,100% - I spent all of my time remote working,Strongly agree,Somewhat agree,Strongly disagree,Strongly disagree
764,100% - I spent all of my time remote working,Somewhat agree,Somewhat agree,Somewhat agree,Somewhat agree,Somewhat agree,Somewhat agree,90%,100% - I spent all of my time remote working,Strongly agree,Somewhat disagree,Neither agree nor disagree,Neither agree nor disagree
765,100% - I spent all of my time remote working,Somewhat agree,Somewhat agree,Somewhat agree,Somewhat agree,Somewhat agree,Somewhat agree,90%,100% - I spent all of my time remote working,Strongly agree,Somewhat disagree,Strongly agree,Strongly agree
766,100% - I spent all of my time remote working,Somewhat agree,Somewhat agree,Somewhat agree,Somewhat agree,Somewhat agree,Somewhat agree,90%,100% - I spent all of my time remote working,Strongly agree,Somewhat disagree,Strongly agree,Strongly agree
767,100% - I spent all of my time remote working,Somewhat agree,Somewhat agree,Somewhat agree,Somewhat agree,Somewhat agree,Somewhat agree,90%,100% - I spent all of my time remote working,Strongly agree,Somewhat disagree,Strongly agree,Somewhat agree
768,100% - I spent all of my time remote working,Somewhat agree,Somewhat agree,Somewhat agree,Somewhat agree,Somewhat agree,Somewhat agree,90%,100% - I spent all of my time remote working,Strongly agree,Somewhat disagree,Strongly agree,Neither agree nor disagree
769,100% - I spent all of my time remote working,Somewhat agree,Somewhat agree,Somewhat agree,Somewhat agree,Somewhat agree,Somewhat agree,90%,100% - I spent all of my time remote working,Strongly agree,Somewhat disagree,Strongly agree,Strongly agree
770,100% - I spent all of my time remote working,Somewhat agree,Somewhat agree,Somewhat agree,Somewhat agree,Somewhat agree,Somewhat agree,90%,100% - I spent all of my time remote working,Strongly agree,Somewhat disagree,Somewhat agree,Somewhat agree
771,100% - I spent all of my time remote working,Somewhat agree,Somewhat agree,Somewhat agree,Somewhat agree,Somewhat agree,Somewhat agree,90%,100% - I spent all of my time remote working,Strongly agree,Somewhat disagree,Neither agree nor disagree,Somewhat agree
772,100% - I spent all of my time remote working,Somewhat agree,Somewhat agree,Somewhat agree,Somewhat agree,Somewhat agree,Somewhat agree,90%,100% - I spent all of my time remote working,Strongly agree,Somewhat disagree,Somewhat agree,Somewhat agree
773,100% - I spent all of my time remote working,Somewhat agree,Somewhat agree,Somewhat agree,Somewhat agree,Somewhat agree,Somewhat agree,90%,100% - I spent all of my time remote working,Strongly agree,Somewhat disagree,Somewhat agree,Somewhat agree
774,100% - I spent all of my time remote working,Somewhat agree,Somewhat agree,Somewhat agree,Somewhat agree,Somewhat agree,Somewhat agree,90%,100% - I spent all of my time remote working,Strongly agree,Somewhat disagree,Neither agree nor disagree,Somewhat agree
775,100% - I spent all of my time remote working,Somewhat agree,Somewhat agree,Somewhat agree,Somewhat agree,Somewhat agree,Somewhat agree,90%,100% - I spent all of my time remote working,Strongly agree,Somewhat disagree,Strongly agree,Strongly agree
776,100% - I spent all of my time remote working,Somewhat agree,Somewhat agree,Somewhat agree,Somewhat agree,Somewhat agree,Somewhat agree,90%,100% - I spent all of my time remote working,Strongly agree,Somewhat disagree,Somewhat agree,Somewhat agree
777,100% - I spent all of my time remote working,Somewhat agree,Somewhat agree,Somewhat agree,Somewhat agree,Somewhat agree,Somewhat agree,90%,100% - I spent all of my time remote working,Strongly agree,Somewhat disagree,Somewhat agree,Somewhat agree
778,100% - I spent all of my time remote working,Somewhat agree,Somewhat agree,Somewhat agree,Somewhat agree,Somewhat agree,Somewhat agree,90%,100% - I spent all of my time remote working,Strongly agree,Somewhat disagree,Strongly agree,Strongly agree
779,100% - I spent all of my time remote working,Somewhat agree,Somewhat agree,Somewhat agree,Somewhat agree,Somewhat agree,Somewhat agree,90%,100% - I spent all of my time remote working,Strongly agree,Somewhat disagree,Strongly agree,Strongly agree
780,100% - I spent all of my time remote working,Somewhat agree,Somewhat agree,Somewhat agree,Somewhat agree,Somewhat agree,Somewhat agree,90%,100% - I spent all of my time remote working,Strongly agree,Somewhat disagree,Somewhat agree,Somewhat agree
781,100% - I spent all of my time remote working,Somewhat agree,Somewhat agree,Somewhat agree,Somewhat agree,Somewhat agree,Somewhat agree,90%,100% - I spent all of my time remote working,Strongly agree,Somewhat disagree,Strongly agree,Strongly agree
782,100% - I spent all of my time remote working,Somewhat agree,Somewhat agree,Somewhat agree,Somewhat agree,Somewhat agree,Somewhat agree,90%,100% - I spent all of my time remote working,Strongly agree,Somewhat disagree,Somewhat agree,Somewhat agree
783,100% - I spent all of my time remote working,Somewhat agree,Somewhat agree,Somewhat agree,Somewhat agree,Somewhat agree,Somewhat agree,90%,100% - I spent all of my time remote working,Strongly agree,Somewhat disagree,Somewhat agree,Somewhat agree
784,100% - I spent all of my time remote working,Somewhat agree,Somewhat agree,Somewhat agree,Somewhat agree,Somewhat agree,Somewhat agree,90%,100% - I spent all of my time remote working,Strongly agree,Somewhat disagree,Somewhat disagree,Somewhat disagree
785,100% - I spent all of my time remote working,Somewhat agree,Somewhat agree,Somewhat agree,Somewhat agree,Somewhat agree,Somewhat agree,90%,100% - I spent all of my time remote working,Strongly agree,Somewhat disagree,Somewhat agree,Somewhat agree
786,100% - I spent all of my time remote working,Somewhat agree,Somewhat agree,Somewhat agree,Somewhat agree,Somewhat agree,Somewhat agree,90%,100% - I spent all of my time remote working,Strongly agree,Somewhat disagree,Strongly agree,Strongly agree
787,100% - I spent all of my time remote working,Somewhat agree,Somewhat agree,Somewhat agree,Somewhat agree,Somewhat agree,Somewhat agree,90%,100% - I spent all of my time remote working,Strongly agree,Somewhat disagree,Strongly agree,Strongly agree
788,100% - I spent all of my time remote working,Somewhat agree,Somewhat agree,Somewhat agree,Somewhat agree,Somewhat agree,Somewhat agree,90%,100% - I spent all of my time remote working,Strongly agree,Somewhat disagree,Somewhat agree,Somewhat agree
789,100% - I spent all of my time remote working,Somewhat agree,Somewhat agree,Somewhat agree,Somewhat agree,Somewhat agree,Somewhat agree,90%,100% - I spent all of my time remote working,Strongly agree,Somewhat disagree,Somewhat agree,Somewhat agree
790,100% - I spent all of my time remote working,Somewhat agree,Somewhat agree,Somewhat agree,Somewhat agree,Somewhat agree,Somewhat agree,90%,100% - I spent all of my time remote working,Strongly agree,Somewhat disagree,Strongly agree,Strongly agree
791,100% - I spent all of my time remote working,Somewhat agree,Somewhat agree,Somewhat agree,Somewhat agree,Somewhat agree,Somewhat agree,90%,100% - I spent all of my time remote working,Strongly agree,Somewhat disagree,Strongly agree,Strongly agree
792,100% - I spent all of my time remote working,Somewhat agree,Somewhat agree,Somewhat agree,Somewhat agree,Somewhat agree,Somewhat agree,90%,100% - I spent all of my time remote working,Strongly agree,Somewhat disagree,Strongly agree,Strongly agree
793,100% - I spent all of my time remote working,Somewhat agree,Somewhat agree,Somewhat agree,Somewhat agree,Somewhat agree,Somewhat agree,90%,100% - I spent all of my time remote working,Strongly agree,Somewhat disagree,Somewhat agree,Strongly agree
794,100% - I spent all of my time remote working,Somewhat agree,Somewhat agree,Somewhat agree,Somewhat agree,Somewhat agree,Somewhat agree,90%,100% - I spent all of my time remote working,Strongly agree,Somewhat disagree,Strongly agree,Strongly agree
795,100% - I spent all of my time remote working,Somewhat agree,Somewhat agree,Somewhat agree,Somewhat agree,Somewhat agree,Somewhat agree,90%,100% - I spent all of my time remote working,Strongly agree,Somewhat disagree,Somewhat agree,Somewhat agree
796,100% - I spent all of my time remote working,Somewhat agree,Somewhat agree,Somewhat agree,Somewhat agree,Somewhat agree,Somewhat agree,90%,100% - I spent all of my time remote working,Strongly agree,Somewhat disagree,Strongly agree,Strongly agree
797,100% - I spent all of my time remote working,Somewhat agree,Somewhat agree,Somewhat agree,Somewhat agree,Somewhat agree,Somewhat agree,90%,100% - I spent all of my time remote working,Strongly agree,Somewhat disagree,Strongly agree,Strongly agree
798,100% - I spent all of my time remote working,Somewhat agree,Somewhat agree,Somewhat agree,Somewhat agree,Somewhat agree,Somewhat agree,90%,100% - I spent all of my time remote working,Strongly agree,Somewhat disagree,Strongly agree,Strongly agree
799,100% - I spent all of my time remote working,Somewhat agree,Somewhat agree,Somewhat agree,Somewhat agree,Somewhat agree,Somewhat agree,90%,100% - I spent all of my time remote working,Strongly agree,Somewhat disagree,Strongly agree,Strongly agree
800,100% - I spent all of my time remote working,Somewhat agree,Somewhat agree,Somewhat agree,Somewhat agree,Somewhat agree,Somewhat agree,90%,100% - I spent all of my time remote working,Strongly agree,Somewhat disagree,Strongly agree,Strongly agree
801,100% - I spent all of my time remote working,Somewhat agree,Somewhat agree,Somewhat agree,Somewhat agree,Somewhat agree,Somewhat agree,90%,100% - I spent all of my time remote working,Strongly agree,Somewhat disagree,Strongly agree,Strongly agree
802,100% - I spent all of my time remote working,Somewhat agree,Somewhat agree,Somewhat agree,Somewhat agree,Somewhat agree,Somewhat agree,90%,100% - I spent all of my time remote working,Strongly agree,Somewhat disagree,Somewhat agree,Somewhat agree
803,100% - I spent all of my time remote working,Somewhat agree,Somewhat agree,Somewhat agree,Somewhat agree,Somewhat agree,Somewhat agree,90%,100% - I spent all of my time remote working,Strongly agree,Somewhat disagree,Strongly agree,Strongly agree
804,100% - I spent all of my time remote working,Somewhat agree,Somewhat agree,Somewhat agree,Somewhat agree,Somewhat agree,Somewhat agree,90%,100% - I spent all of my time remote working,Strongly agree,Somewhat disagree,Strongly agree,Strongly agree
805,100% - I spent all of my time remote working,Somewhat agree,Somewhat agree,Somewhat agree,Somewhat agree,Somewhat agree,Somewhat agree,90%,100% - I spent all of my time remote working,Strongly agree,Somewhat disagree,Somewhat agree,Strongly agree
806,100% - I spent all of my time remote working,Somewhat agree,Somewhat agree,Somewhat agree,Somewhat agree,Somewhat agree,Somewhat agree,90%,100% - I spent all of my time remote working,Strongly agree,Somewhat disagree,Strongly agree,Strongly agree
807,100% - I spent all of my time remote working,Somewhat agree,Somewhat agree,Somewhat agree,Somewhat agree,Somewhat agree,Somewhat agree,90%,100% - I spent all of my time remote working,Strongly agree,Somewhat disagree,Somewhat agree,Somewhat agree
808,100% - I spent all of my time remote working,Somewhat agree,Somewhat agree,Somewhat agree,Somewhat agree,Somewhat agree,Somewhat agree,90%,100% - I spent all of my time remote working,Strongly agree,Somewhat disagree,Strongly agree,Strongly agree
809,100% - I spent all of my time remote working,Somewhat agree,Somewhat agree,Somewhat agree,Somewhat agree,Somewhat agree,Somewhat agree,90%,100% - I spent all of my time remote working,Strongly agree,Somewhat disagree,Strongly agree,Strongly agree
810,100% - I spent all of my time remote working,Somewhat agree,Somewhat agree,Somewhat agree,Somewhat agree,Somewhat agree,Somewhat agree,90%,100% - I spent all of my time remote working,Strongly agree,Somewhat disagree,Strongly agree,Strongly agree
811,100% - I spent all of my time remote working,Somewhat agree,Somewhat agree,Somewhat agree,Somewhat agree,Somewhat agree,Somewhat agree,90%,100% - I spent all of my time remote working,Strongly agree,Somewhat disagree,Strongly agree,Strongly agree
812,100% - I spent all of my time remote working,Somewhat agree,Somewhat agree,Somewhat agree,Somewhat agree,Somewhat agree,Somewhat agree,90%,100% - I spent all of my time remote working,Strongly agree,Somewhat disagree,Strongly agree,Strongly agree
813,100% - I spent all of my time remote working,Somewhat agree,Somewhat agree,Somewhat agree,Somewhat agree,Somewhat agree,Somewhat agree,90%,100% - I spent all of my time remote working,Strongly agree,Somewhat disagree,Somewhat agree,Strongly agree
814,100% - I spent all of my time remote working,Somewhat agree,Somewhat agree,Somewhat agree,Somewhat agree,Somewhat agree,Somewhat agree,90%,100% - I spent all of my time remote working,Strongly agree,Somewhat disagree,Strongly agree,Strongly agree
815,100% - I spent all of my time remote working,Somewhat agree,Somewhat agree,Somewhat agree,Somewhat agree,Somewhat agree,Somewhat agree,90%,100% - I spent all of my time remote working,Strongly agree,Somewhat disagree,Strongly agree,Strongly agree
816,100% - I spent all of my time remote working,Somewhat agree,Somewhat agree,Somewhat agree,Somewhat agree,Somewhat agree,Somewhat agree,90%,100% - I spent all of my time remote working,Strongly agree,Somewhat disagree,Strongly agree,Strongly agree
817,100% - I spent all of my time remote working,Somewhat agree,Somewhat agree,Somewhat agree,Somewhat agree,Somewhat agree,Somewhat agree,100% - All of my time,100% - I spent all of my time remote working,Strongly agree,Somewhat disagree,Strongly agree,Strongly agree
818,100% - I spent all of my time remote working,Somewhat agree,Somewhat agree,Somewhat agree,Somewhat agree,Somewhat agree,Somewhat agree,100% - All of my time,100% - I spent all of my time remote working,Strongly agree,Somewhat disagree,Somewhat agree,Somewhat disagree
819,100% - I spent all of my time remote working,Somewhat agree,Somewhat agree,Somewhat agree,Somewhat agree,Somewhat agree,Somewhat agree,100% - All of my time,100% - I spent all of my time remote working,Strongly agree,Somewhat disagree,Strongly agree,Strongly agree
820,100% - I spent all of my time remote working,Somewhat agree,Somewhat agree,Somewhat agree,Somewhat agree,Somewhat agree,Somewhat agree,100% - All of my time,100% - I spent all of my time remote working,Strongly agree,Somewhat disagree,Somewhat disagree,Strongly disagree
821,100% - I spent all of my time remote working,Somewhat agree,Somewhat agree,Somewhat agree,Somewhat agree,Somewhat agree,Somewhat agree,100% - All of my time,100% - I spent all of my time remote working,Strongly agree,Somewhat disagree,Strongly disagree,Strongly disagree
822,100% - I spent all of my time remote working,Somewhat agree,Somewhat agree,Somewhat agree,Somewhat agree,Somewhat agree,Somewhat agree,100% - All of my time,100% - I spent all of my time remote working,Strongly agree,Somewhat disagree,Strongly disagree,Strongly agree
823,100% - I spent all of my time remote working,Somewhat agree,Somewhat agree,Somewhat agree,Somewhat agree,Somewhat agree,Somewhat agree,100% - All of my time,100% - I spent all of my time remote working,Strongly agree,Somewhat disagree,Strongly agree,Strongly agree
824,100% - I spent all of my time remote working,Somewhat agree,Somewhat agree,Somewhat agree,Somewhat agree,Somewhat agree,Somewhat agree,100% - All of my time,100% - I spent all of my time remote working,Strongly agree,Somewhat disagree,Somewhat agree,Somewhat disagree
825,100% - I spent all of my time remote working,Somewhat agree,Somewhat agree,Somewhat agree,Somewhat agree,Somewhat agree,Somewhat agree,100% - All of my time,100% - I spent all of my time remote working,Strongly agree,Somewhat disagree,Neither agree nor disagree,Somewhat agree
826,100% - I spent all of my time remote working,Somewhat agree,Somewhat agree,Somewhat agree,Somewhat agree,Somewhat agree,Somewhat agree,100% - All of my time,100% - I spent all of my time remote working,Strongly agree,Somewhat disagree,Strongly agree,Strongly agree
827,100% - I spent all of my time remote working,Somewhat agree,Somewhat agree,Somewhat agree,Somewhat agree,Somewhat agree,Somewhat agree,100% - All of my time,100% - I spent all of my time remote working,Strongly agree,Somewhat disagree,Somewhat agree,Strongly agree
828,100% - I spent all of my time remote working,Somewhat agree,Somewhat agree,Somewhat agree,Somewhat agree,Somewhat agree,Somewhat agree,100% - All of my time,100% - I spent all of my time remote working,Strongly agree,Somewhat disagree,Somewhat agree,Somewhat agree
829,100% - I spent all of my time remote working,Somewhat agree,Somewhat agree,Somewhat agree,Somewhat agree,Somewhat agree,Somewhat agree,100% - All of my time,100% - I spent all of my time remote working,Strongly agree,Somewhat disagree,Strongly disagree,Strongly agree
830,100% - I spent all of my time remote working,Somewhat agree,Somewhat agree,Somewhat agree,Somewhat agree,Somewhat agree,Somewhat agree,100% - All of my time,100% - I spent all of my time remote working,Strongly agree,Somewhat disagree,Neither agree nor disagree,Neither agree nor disagree
831,100% - I spent all of my time remote working,Somewhat agree,Somewhat agree,Somewhat agree,Somewhat agree,Somewhat agree,Somewhat agree,100% - All of my time,100% - I spent all of my time remote working,Strongly agree,Somewhat disagree,Somewhat agree,Somewhat agree
832,100% - I spent all of my time remote working,Somewhat agree,Somewhat agree,Somewhat agree,Somewhat agree,Somewhat agree,Somewhat agree,100% - All of my time,100% - I spent all of my time remote working,Strongly agree,Somewhat disagree,Somewhat agree,Somewhat agree
833,100% - I spent all of my time remote working,Somewhat agree,Somewhat agree,Somewhat agree,Somewhat agree,Somewhat agree,Somewhat agree,100% - All of my time,100% - I spent all of my time remote working,Strongly agree,Somewhat disagree,Strongly agree,Strongly agree
834,50% - I spent about half of my time remote working,Somewhat agree,Somewhat agree,Somewhat agree,Somewhat agree,Somewhat agree,Somewhat agree,100% - All of my time,100% - I spent all of my time remote working,Strongly agree,Somewhat disagree,Neither agree nor disagree,Neither agree nor disagree
835,50% - I spent about half of my time remote working,Somewhat agree,Somewhat agree,Somewhat agree,Somewhat agree,Somewhat agree,Somewhat agree,100% - All of my time,100% - I spent all of my time remote working,Strongly agree,Somewhat disagree,Strongly agree,Strongly agree
836,50% - I spent about half of my time remote working,Somewhat agree,Somewhat agree,Somewhat agree,Somewhat agree,Somewhat agree,Somewhat agree,100% - All of my time,100% - I spent all of my time remote working,Strongly agree,Somewhat disagree,Strongly disagree,Strongly disagree
837,50% - I spent about half of my time remote working,Somewhat agree,Somewhat agree,Somewhat agree,Somewhat agree,Somewhat agree,Somewhat agree,100% - All of my time,100% - I spent all of my time remote working,Strongly agree,Somewhat disagree,Strongly agree,Strongly agree
838,50% - I spent about half of my time remote working,Somewhat agree,Somewhat agree,Somewhat agree,Somewhat agree,Somewhat agree,Somewhat agree,100% - All of my time,100% - I spent all of my time remote working,Strongly agree,Somewhat disagree,Strongly agree,Strongly agree
839,50% - I spent about half of my time remote working,Somewhat agree,Somewhat agree,Somewhat agree,Somewhat agree,Somewhat agree,Somewhat agree,100% - All of my time,100% - I spent all of my time remote working,Strongly agree,Somewhat disagree,Somewhat agree,Neither agree nor disagree
840,50% - I spent about half of my time remote working,Somewhat agree,Somewhat agree,Somewhat agree,Somewhat agree,Somewhat agree,Somewhat agree,100% - All of my time,100% - I spent all of my time remote working,Strongly agree,Somewhat disagree,Somewhat agree,Neither agree nor disagree
841,50% - I spent about half of my time remote working,Somewhat agree,Somewhat agree,Somewhat agree,Somewhat agree,Somewhat agree,Somewhat agree,100% - All of my time,100% - I spent all of my time remote working,Strongly agree,Somewhat disagree,Strongly agree,Strongly agree
842,50% - I spent about half of my time remote working,Somewhat agree,Somewhat agree,Somewhat agree,Somewhat agree,Somewhat agree,Somewhat agree,100% - All of my time,100% - I spent all of my time remote working,Strongly agree,Somewhat disagree,Strongly agree,Neither agree nor disagree
843,50% - I spent about half of my time remote working,Somewhat agree,Somewhat agree,Somewhat agree,Somewhat agree,Somewhat agree,Somewhat agree,100% - All of my time,100% - I spent all of my time remote working,Strongly agree,Somewhat disagree,Strongly agree,Strongly agree
844,50% - I spent about half of my time remote working,Somewhat agree,Somewhat agree,Somewhat agree,Somewhat agree,Somewhat agree,Somewhat agree,100% - All of my time,100% - I spent all of my time remote working,Strongly agree,Somewhat disagree,Strongly agree,Somewhat agree
845,50% - I spent about half of my time remote working,Somewhat agree,Somewhat agree,Somewhat agree,Somewhat agree,Somewhat agree,Somewhat agree,100% - All of my time,100% - I spent all of my time remote working,Strongly agree,Somewhat disagree,Neither agree nor disagree,Neither agree nor disagree
846,50% - I spent about half of my time remote working,Somewhat agree,Somewhat agree,Somewhat agree,Somewhat agree,Somewhat agree,Somewhat agree,100% - All of my time,100% - I spent all of my time remote working,Strongly agree,Somewhat disagree,Neither agree nor disagree,Neither agree nor disagree
847,50% - I spent about half of my time remote working,Somewhat agree,Somewhat agree,Somewhat agree,Somewhat agree,Somewhat agree,Somewhat agree,100% - All of my time,100% - I spent all of my time remote working,Strongly agree,Somewhat disagree,Somewhat agree,Somewhat agree
848,50% - I spent about half of my time remote working,Somewhat agree,Somewhat agree,Somewhat agree,Somewhat agree,Somewhat agree,Somewhat agree,100% - All of my time,100% - I spent all of my time remote working,Strongly agree,Somewhat disagree,Somewhat agree,Somewhat agree
849,50% - I spent about half of my time remote working,Somewhat agree,Somewhat agree,Somewhat agree,Somewhat agree,Somewhat agree,Somewhat agree,100% - All of my time,100% - I spent all of my time remote working,Strongly agree,Somewhat disagree,Neither agree nor disagree,Neither agree nor disagree
850,50% - I spent about half of my time remote working,Somewhat agree,Somewhat agree,Somewhat agree,Somewhat agree,Somewhat agree,Somewhat agree,100% - All of my time,100% - I spent all of my time remote working,Strongly agree,Somewhat disagree,Strongly agree,Somewhat agree
851,50% - I spent about half of my time remote working,Somewhat agree,Somewhat agree,Somewhat agree,Somewhat agree,Somewhat agree,Somewhat agree,100% - All of my time,100% - I spent all of my time remote working,Strongly agree,Somewhat disagree,Strongly agree,Strongly agree
852,50% - I spent about half of my time remote working,Somewhat agree,Somewhat agree,Somewhat agree,Somewhat agree,Somewhat agree,Somewhat agree,100% - All of my time,100% - I spent all of my time remote working,Strongly agree,Somewhat disagree,Strongly agree,Strongly agree
853,50% - I spent about half of my time remote working,Somewhat agree,Somewhat agree,Somewhat agree,Somewhat agree,Somewhat agree,Somewhat agree,100% - All of my time,100% - I spent all of my time remote working,Strongly agree,Somewhat disagree,Somewhat agree,Strongly agree
854,50% - I spent about half of my time remote working,Somewhat agree,Somewhat agree,Somewhat agree,Somewhat agree,Somewhat agree,Somewhat agree,100% - All of my time,100% - I spent all of my time remote working,Strongly agree,Somewhat disagree,Strongly agree,Strongly agree
855,50% - I spent about half of my time remote working,Somewhat agree,Somewhat agree,Somewhat agree,Somewhat agree,Somewhat agree,Somewhat agree,100% - All of my time,100% - I spent all of my time remote working,Strongly agree,Somewhat disagree,Somewhat agree,Somewhat agree
856,50% - I spent about half of my time remote working,Somewhat agree,Somewhat agree,Somewhat agree,Somewhat agree,Somewhat agree,Somewhat agree,100% - All of my time,100% - I spent all of my time remote working,Strongly agree,Somewhat disagree,Neither agree nor disagree,Neither agree nor disagree
857,50% - I spent about half of my time remote working,Somewhat agree,Somewhat agree,Somewhat agree,Somewhat agree,Somewhat agree,Somewhat agree,100% - All of my time,100% - I spent all of my time remote working,Strongly agree,Somewhat disagree,Strongly disagree,Strongly agree
858,50% - I spent about half of my time remote working,Somewhat agree,Somewhat agree,Somewhat agree,Somewhat agree,Somewhat agree,Somewhat agree,100% - All of my time,100% - I spent all of my time remote working,Strongly agree,Somewhat disagree,Neither agree nor disagree,Strongly agree
859,50% - I spent about half of my time remote working,Somewhat agree,Somewhat agree,Somewhat agree,Somewhat agree,Somewhat agree,Somewhat agree,100% - All of my time,100% - I spent all of my time remote working,Strongly agree,Somewhat disagree,Strongly disagree,Neither agree nor disagree
860,50% - I spent about half of my time remote working,Somewhat agree,Somewhat agree,Somewhat agree,Somewhat agree,Somewhat agree,Somewhat agree,100% - All of my time,100% - I spent all of my time remote working,Strongly agree,Somewhat disagree,Strongly agree,Strongly agree
861,50% - I spent about half of my time remote working,Somewhat agree,Somewhat agree,Somewhat agree,Somewhat agree,Somewhat agree,Somewhat agree,100% - All of my time,100% - I spent all of my time remote working,Strongly agree,Somewhat disagree,Strongly agree,Strongly agree
862,50% - I spent about half of my time remote working,Somewhat agree,Somewhat agree,Somewhat agree,Somewhat agree,Somewhat agree,Somewhat agree,100% - All of my time,100% - I spent all of my time remote working,Strongly agree,Somewhat disagree,Somewhat agree,Somewhat agree
863,50% - I spent about half of my time remote working,Somewhat agree,Somewhat agree,Somewhat agree,Somewhat agree,Somewhat agree,Somewhat agree,100% - All of my time,100% - I spent all of my time remote working,Strongly agree,Somewhat disagree,Somewhat agree,Strongly agree
864,50% - I spent about half of my time remote working,Somewhat agree,Somewhat agree,Somewhat agree,Somewhat agree,Somewhat agree,Somewhat agree,100% - All of my time,100% - I spent all of my time remote working,Strongly agree,Strongly agree,Strongly agree,Neither agree nor disagree
865,50% - I spent about half of my time remote working,Somewhat agree,Somewhat agree,Somewhat agree,Somewhat agree,Somewhat agree,Somewhat agree,100% - All of my time,100% - I spent all of my time remote working,Strongly agree,Strongly agree,Strongly agree,Strongly agree
866,50% - I spent about half of my time remote working,Somewhat agree,Somewhat agree,Somewhat agree,Somewhat agree,Somewhat agree,Somewhat agree,100% - All of my time,100% - I spent all of my time remote working,Strongly agree,Strongly agree,Somewhat agree,Somewhat agree
867,50% - I spent about half of my time remote working,Somewhat agree,Somewhat agree,Somewhat agree,Somewhat agree,Somewhat agree,Somewhat agree,100% - All of my time,100% - I spent all of my time remote working,Strongly agree,Strongly agree,NA,NA
868,50% - I spent about half of my time remote working,Somewhat agree,Somewhat agree,Somewhat agree,Somewhat agree,Somewhat agree,Somewhat agree,100% - All of my time,100% - I spent all of my time remote working,Strongly agree,Strongly agree,Strongly agree,Strongly agree
869,50% - I spent about half of my time remote working,Somewhat agree,Somewhat agree,Somewhat agree,Somewhat agree,Somewhat agree,Somewhat agree,100% - All of my time,100% - I spent all of my time remote working,Strongly agree,Strongly agree,Somewhat agree,Somewhat agree
870,50% - I spent about half of my time remote working,Somewhat agree,Somewhat agree,Somewhat agree,Somewhat agree,Somewhat agree,Somewhat agree,100% - All of my time,100% - I spent all of my time remote working,Strongly agree,Strongly agree,Strongly agree,Strongly agree
871,50% - I spent about half of my time remote working,Somewhat agree,Somewhat agree,Somewhat agree,Somewhat agree,Somewhat agree,Somewhat agree,100% - All of my time,100% - I spent all of my time remote working,Strongly agree,Strongly agree,Neither agree nor disagree,Neither agree nor disagree
872,50% - I spent about half of my time remote working,Somewhat agree,Somewhat agree,Somewhat agree,Somewhat agree,Somewhat agree,Somewhat agree,100% - All of my time,100% - I spent all of my time remote working,Strongly agree,Strongly agree,Somewhat agree,Somewhat agree
873,50% - I spent about half of my time remote working,Somewhat agree,Somewhat agree,Somewhat agree,Somewhat agree,Somewhat agree,Somewhat agree,100% - All of my time,100% - I spent all of my time remote working,Strongly agree,Strongly agree,Strongly agree,Strongly agree
874,50% - I spent about half of my time remote working,Somewhat agree,Somewhat agree,Somewhat agree,Somewhat agree,Somewhat agree,Somewhat agree,100% - All of my time,100% - I spent all of my time remote working,Strongly agree,Strongly agree,Somewhat agree,Strongly agree
875,50% - I spent about half of my time remote working,Somewhat agree,Somewhat agree,Somewhat agree,Somewhat agree,Somewhat agree,Somewhat agree,100% - All of my time,100% - I spent all of my time remote working,Strongly agree,Strongly agree,Somewhat disagree,Strongly disagree
876,50% - I spent about half of my time remote working,Somewhat agree,Somewhat agree,Somewhat agree,Somewhat agree,Somewhat agree,Somewhat agree,100% - All of my time,100% - I spent all of my time remote working,Strongly agree,Strongly agree,Somewhat agree,Strongly agree
877,50% - I spent about half of my time remote working,Somewhat agree,Somewhat agree,Somewhat agree,Somewhat agree,Somewhat agree,Somewhat agree,100% - All of my time,100% - I spent all of my time remote working,Strongly agree,Strongly agree,Somewhat agree,Somewhat agree
878,50% - I spent about half of my time remote working,Somewhat agree,Somewhat agree,Somewhat agree,Somewhat agree,Somewhat agree,Somewhat agree,100% - All of my time,100% - I spent all of my time remote working,Strongly agree,Strongly agree,Somewhat agree,Somewhat agree
879,50% - I spent about half of my time remote working,Somewhat agree,Somewhat agree,Somewhat agree,Somewhat agree,Somewhat agree,Somewhat agree,100% - All of my time,100% - I spent all of my time remote working,Strongly agree,Strongly agree,Somewhat agree,Somewhat agree
880,50% - I spent about half of my time remote working,Somewhat agree,Somewhat agree,Somewhat agree,Somewhat agree,Somewhat agree,Somewhat agree,100% - All of my time,100% - I spent all of my time remote working,Strongly agree,Strongly agree,Strongly agree,Strongly agree
881,50% - I spent about half of my time remote working,Somewhat agree,Somewhat agree,Somewhat agree,Somewhat agree,Somewhat agree,Somewhat agree,100% - All of my time,100% - I spent all of my time remote working,Strongly agree,Strongly agree,Somewhat agree,Somewhat agree
882,50% - I spent about half of my time remote working,Somewhat agree,Somewhat agree,Somewhat agree,Somewhat agree,Somewhat agree,Somewhat agree,100% - All of my time,100% - I spent all of my time remote working,Strongly agree,Strongly agree,Somewhat agree,Strongly disagree
883,50% - I spent about half of my time remote working,Somewhat agree,Somewhat agree,Somewhat agree,Somewhat agree,Somewhat agree,Somewhat agree,100% - All of my time,100% - I spent all of my time remote working,Strongly agree,Strongly agree,Strongly agree,Strongly agree
884,50% - I spent about half of my time remote working,Somewhat agree,Somewhat agree,Somewhat agree,Somewhat agree,Somewhat agree,Somewhat agree,100% - All of my time,100% - I spent all of my time remote working,Strongly agree,Strongly agree,Somewhat agree,Strongly agree
885,50% - I spent about half of my time remote working,Somewhat agree,Somewhat agree,Somewhat agree,Somewhat agree,Somewhat agree,Somewhat agree,100% - All of my time,100% - I spent all of my time remote working,Strongly agree,Strongly agree,Strongly agree,Strongly agree
886,50% - I spent about half of my time remote working,Somewhat agree,Somewhat agree,Somewhat agree,Somewhat agree,Somewhat agree,Somewhat agree,100% - All of my time,100% - I spent all of my time remote working,Strongly agree,Strongly agree,Strongly agree,Strongly agree
887,50% - I spent about half of my time remote working,Somewhat agree,Somewhat agree,Somewhat agree,Somewhat agree,Somewhat agree,Somewhat agree,100% - All of my time,100% - I spent all of my time remote working,Strongly agree,Strongly agree,Strongly agree,Strongly agree
888,50% - I spent about half of my time remote working,Somewhat agree,Somewhat agree,Somewhat agree,Somewhat agree,Somewhat agree,Somewhat agree,100% - All of my time,100% - I spent all of my time remote working,Strongly agree,Strongly agree,Strongly agree,Strongly agree
889,50% - I spent about half of my time remote working,Somewhat agree,Somewhat agree,Somewhat agree,Somewhat agree,Somewhat agree,Somewhat agree,100% - All of my time,100% - I spent all of my time remote working,Strongly agree,Strongly agree,NA,NA
890,50% - I spent about half of my time remote working,Somewhat agree,Somewhat agree,Somewhat agree,Somewhat agree,Somewhat agree,Somewhat agree,100% - All of my time,100% - I spent all of my time remote working,Strongly agree,Strongly agree,Neither agree nor disagree,Neither agree nor disagree
891,50% - I spent about half of my time remote working,Somewhat agree,Somewhat agree,Somewhat agree,Somewhat agree,Somewhat agree,Somewhat agree,100% - All of my time,100% - I spent all of my time remote working,Strongly agree,Strongly agree,Strongly agree,Strongly agree
892,50% - I spent about half of my time remote working,Somewhat agree,Somewhat agree,Somewhat agree,Somewhat agree,Somewhat agree,Somewhat agree,100% - All of my time,100% - I spent all of my time remote working,Strongly agree,Strongly agree,Somewhat agree,Somewhat disagree
893,50% - I spent about half of my time remote working,Somewhat agree,Somewhat agree,Somewhat agree,Somewhat agree,Somewhat agree,Somewhat agree,100% - All of my time,100% - I spent all of my time remote working,Strongly agree,Strongly agree,NA,NA
894,50% - I spent about half of my time remote working,Somewhat agree,Somewhat agree,Somewhat agree,Somewhat agree,Somewhat agree,Somewhat agree,100% - All of my time,100% - I spent all of my time remote working,Strongly agree,Strongly agree,Somewhat agree,Somewhat agree
895,50% - I spent about half of my time remote working,Somewhat agree,Somewhat agree,Somewhat agree,Somewhat agree,Somewhat agree,Somewhat agree,100% - All of my time,100% - I spent all of my time remote working,Strongly agree,Strongly agree,Neither agree nor disagree,Strongly agree
896,50% - I spent about half of my time remote working,Somewhat agree,Somewhat agree,Somewhat disagree,Somewhat agree,Somewhat agree,Somewhat agree,100% - All of my time,100% - I spent all of my time remote working,Strongly agree,Strongly agree,Strongly agree,Strongly agree
897,50% - I spent about half of my time remote working,Somewhat agree,Somewhat agree,Somewhat disagree,Somewhat agree,Somewhat agree,Somewhat agree,100% - All of my time,100% - I spent all of my time remote working,Strongly agree,Strongly agree,Strongly agree,Strongly agree
898,50% - I spent about half of my time remote working,Somewhat agree,Somewhat agree,Somewhat disagree,Somewhat agree,Somewhat agree,Somewhat agree,100% - All of my time,100% - I spent all of my time remote working,Strongly agree,Strongly agree,Strongly agree,Strongly agree
899,50% - I spent about half of my time remote working,Somewhat agree,Somewhat agree,Somewhat disagree,Somewhat agree,Somewhat agree,Somewhat agree,100% - All of my time,100% - I spent all of my time remote working,Strongly agree,Strongly agree,Strongly agree,Neither agree nor disagree
900,50% - I spent about half of my time remote working,Somewhat agree,Somewhat agree,Somewhat disagree,Somewhat agree,Somewhat agree,Somewhat agree,100% - All of my time,100% - I spent all of my time remote working,Strongly agree,Strongly agree,Somewhat agree,Strongly agree
901,50% - I spent about half of my time remote working,Somewhat agree,Somewhat agree,Somewhat disagree,Somewhat agree,Somewhat agree,Somewhat agree,100% - All of my time,100% - I spent all of my time remote working,Strongly agree,Strongly agree,Somewhat agree,Strongly agree
902,50% - I spent about half of my time remote working,Somewhat agree,Somewhat agree,Somewhat disagree,Somewhat agree,Somewhat agree,Somewhat agree,100% - All of my time,100% - I spent all of my time remote working,Strongly agree,Strongly agree,Strongly agree,Neither agree nor disagree
903,50% - I spent about half of my time remote working,Somewhat agree,Somewhat agree,Somewhat disagree,Somewhat disagree,Somewhat agree,Somewhat agree,100% - All of my time,100% - I spent all of my time remote working,Strongly agree,Strongly agree,Neither agree nor disagree,Neither agree nor disagree
904,50% - I spent about half of my time remote working,Somewhat agree,Somewhat agree,Somewhat disagree,Somewhat disagree,Somewhat agree,Somewhat agree,100% - All of my time,100% - I spent all of my time remote working,Strongly agree,Strongly agree,Strongly agree,Strongly agree
905,50% - I spent about half of my time remote working,Somewhat agree,Somewhat agree,Somewhat disagree,Somewhat disagree,Somewhat agree,Somewhat agree,100% - All of my time,100% - I spent all of my time remote working,Strongly agree,Strongly agree,Strongly agree,Strongly agree
906,50% - I spent about half of my time remote working,Somewhat agree,Somewhat agree,Somewhat disagree,Somewhat disagree,Somewhat agree,Somewhat agree,100% - All of my time,100% - I spent all of my time remote working,Strongly agree,Strongly agree,Strongly agree,Strongly agree
907,50% - I spent about half of my time remote working,Somewhat agree,Somewhat agree,Somewhat disagree,Somewhat disagree,Somewhat agree,Somewhat agree,100% - All of my time,100% - I spent all of my time remote working,Strongly agree,Strongly agree,Strongly agree,Strongly agree
908,50% - I spent about half of my time remote working,Somewhat agree,Somewhat agree,Somewhat disagree,Somewhat disagree,Somewhat agree,Somewhat agree,100% - All of my time,100% - I spent all of my time remote working,Strongly agree,Strongly agree,Strongly agree,Strongly agree
909,50% - I spent about half of my time remote working,Somewhat agree,Somewhat agree,Somewhat disagree,Somewhat disagree,Somewhat agree,Somewhat agree,100% - All of my time,100% - I spent all of my time remote working,Strongly agree,Strongly agree,Strongly agree,Strongly agree
910,50% - I spent about half of my time remote working,Somewhat agree,Somewhat agree,Somewhat disagree,Somewhat disagree,Somewhat agree,Somewhat agree,100% - All of my time,100% - I spent all of my time remote working,Strongly agree,Strongly agree,Strongly agree,Strongly agree
911,50% - I spent about half of my time remote working,Somewhat agree,Somewhat agree,Somewhat disagree,Somewhat disagree,Somewhat agree,Somewhat agree,100% - All of my time,100% - I spent all of my time remote working,Strongly agree,Strongly agree,Somewhat agree,Neither agree nor disagree
912,50% - I spent about half of my time remote working,Somewhat agree,Somewhat agree,Somewhat disagree,Somewhat disagree,Somewhat agree,Somewhat agree,100% - All of my time,100% - I spent all of my time remote working,Strongly agree,Strongly agree,Somewhat agree,Somewhat agree
913,50% - I spent about half of my time remote working,Somewhat agree,Somewhat agree,Somewhat disagree,Somewhat disagree,Somewhat agree,Somewhat agree,100% - All of my time,100% - I spent all of my time remote working,Strongly agree,Strongly agree,Strongly agree,Neither agree nor disagree
914,50% - I spent about half of my time remote working,Somewhat agree,Somewhat agree,Somewhat disagree,Somewhat disagree,Somewhat agree,Somewhat agree,100% - All of my time,100% - I spent all of my time remote working,Strongly agree,Strongly agree,Strongly agree,Somewhat agree
915,50% - I spent about half of my time remote working,Somewhat agree,Somewhat agree,Somewhat disagree,Somewhat disagree,Somewhat agree,Somewhat agree,100% - All of my time,100% - I spent all of my time remote working,Strongly agree,Strongly agree,Strongly agree,Strongly agree
916,50% - I spent about half of my time remote working,Somewhat agree,Somewhat agree,Somewhat disagree,Somewhat disagree,Somewhat agree,Somewhat agree,100% - All of my time,100% - I spent all of my time remote working,Strongly agree,Strongly agree,Strongly agree,Strongly agree
917,50% - I spent about half of my time remote working,Somewhat agree,Somewhat agree,Somewhat disagree,Somewhat disagree,Somewhat agree,Somewhat agree,100% - All of my time,100% - I spent all of my time remote working,Strongly agree,Strongly agree,Neither agree nor disagree,Strongly agree
918,50% - I spent about half of my time remote working,Somewhat agree,Somewhat agree,Somewhat disagree,Somewhat disagree,Somewhat agree,Somewhat agree,100% - All of my time,100% - I spent all of my time remote working,Strongly agree,Strongly agree,Strongly agree,Strongly agree
919,50% - I spent about half of my time remote working,Somewhat agree,Somewhat agree,Somewhat disagree,Somewhat disagree,Somewhat agree,Somewhat agree,100% - All of my time,100% - I spent all of my time remote working,Strongly agree,Strongly agree,Strongly agree,Strongly agree
920,50% - I spent about half of my time remote working,Somewhat agree,Somewhat agree,Somewhat disagree,Somewhat disagree,Somewhat agree,Somewhat agree,100% - All of my time,100% - I spent all of my time remote working,Strongly agree,Strongly agree,Strongly agree,Somewhat agree
921,50% - I spent about half of my time remote working,Somewhat agree,Somewhat agree,Somewhat disagree,Somewhat disagree,Somewhat agree,Somewhat agree,100% - All of my time,100% - I spent all of my time remote working,Strongly agree,Strongly agree,Strongly agree,Strongly agree
922,50% - I spent about half of my time remote working,Somewhat agree,Somewhat agree,Somewhat disagree,Somewhat disagree,Somewhat agree,Somewhat agree,100% - All of my time,100% - I spent all of my time remote working,Strongly agree,Strongly agree,Somewhat agree,Strongly agree
923,50% - I spent about half of my time remote working,Somewhat agree,Somewhat agree,Somewhat disagree,Somewhat disagree,Somewhat agree,Somewhat agree,100% - All of my time,100% - I spent all of my time remote working,Strongly agree,Strongly agree,NA,NA
924,50% - I spent about half of my time remote working,Somewhat agree,Somewhat agree,Somewhat disagree,Somewhat disagree,Somewhat agree,Somewhat agree,100% - All of my time,100% - I spent all of my time remote working,Strongly agree,Strongly agree,Strongly agree,Strongly agree
925,50% - I spent about half of my time remote working,Somewhat agree,Somewhat agree,Somewhat disagree,Somewhat disagree,Somewhat agree,Somewhat agree,100% - All of my time,100% - I spent all of my time remote working,Strongly agree,Strongly agree,Strongly agree,Strongly agree
926,50% - I spent about half of my time remote working,Somewhat agree,Somewhat agree,Somewhat disagree,Somewhat disagree,Somewhat agree,Somewhat agree,100% - All of my time,100% - I spent all of my time remote working,Strongly agree,Strongly agree,Strongly agree,Strongly agree
927,50% - I spent about half of my time remote working,Somewhat agree,Somewhat agree,Somewhat disagree,Somewhat disagree,Somewhat agree,Somewhat agree,100% - All of my time,100% - I spent all of my time remote working,Strongly agree,Strongly agree,Strongly agree,Strongly agree
928,50% - I spent about half of my time remote working,Somewhat agree,Somewhat agree,Somewhat disagree,Somewhat disagree,Somewhat agree,Somewhat agree,100% - All of my time,100% - I spent all of my time remote working,Strongly agree,Strongly agree,Strongly agree,Strongly agree
929,50% - I spent about half of my time remote working,Somewhat agree,Somewhat agree,Somewhat disagree,Somewhat disagree,Somewhat agree,Somewhat agree,100% - All of my time,100% - I spent all of my time remote working,Strongly agree,Strongly agree,Strongly agree,Strongly agree
930,50% - I spent about half of my time remote working,Somewhat agree,Somewhat agree,Somewhat disagree,Somewhat disagree,Somewhat agree,Somewhat agree,100% - All of my time,100% - I spent all of my time remote working,Strongly agree,Strongly agree,Strongly agree,Strongly agree
931,50% - I spent about half of my time remote working,Somewhat agree,Somewhat disagree,Somewhat disagree,Somewhat disagree,Somewhat agree,Somewhat agree,100% - All of my time,100% - I spent all of my time remote working,Strongly agree,Strongly agree,Strongly agree,Strongly agree
932,50% - I spent about half of my time remote working,Somewhat agree,Somewhat disagree,Somewhat disagree,Somewhat disagree,Somewhat agree,Somewhat agree,100% - All of my time,100% - I spent all of my time remote working,Strongly agree,Strongly agree,Strongly agree,Strongly agree
933,50% - I spent about half of my time remote working,Somewhat agree,Somewhat disagree,Somewhat disagree,Somewhat disagree,Somewhat agree,Somewhat agree,100% - All of my time,100% - I spent all of my time remote working,Strongly agree,Strongly agree,Strongly agree,Strongly agree
934,50% - I spent about half of my time remote working,Somewhat agree,Somewhat disagree,Somewhat disagree,Somewhat disagree,Somewhat agree,Somewhat agree,100% - All of my time,100% - I spent all of my time remote working,Strongly agree,Strongly agree,Strongly agree,Strongly agree
935,50% - I spent about half of my time remote working,Somewhat agree,Somewhat disagree,Somewhat disagree,Somewhat disagree,Somewhat agree,Somewhat agree,100% - All of my time,100% - I spent all of my time remote working,Strongly agree,Strongly agree,Strongly agree,Strongly agree
936,50% - I spent about half of my time remote working,Somewhat agree,Somewhat disagree,Somewhat disagree,Somewhat disagree,Somewhat agree,Somewhat agree,100% - All of my time,100% - I spent all of my time remote working,Strongly agree,Strongly agree,Strongly agree,Strongly agree
937,50% - I spent about half of my time remote working,Somewhat agree,Somewhat disagree,Somewhat disagree,Somewhat disagree,Somewhat agree,Somewhat agree,100% - All of my time,100% - I spent all of my time remote working,Strongly agree,Strongly agree,Strongly agree,Strongly agree
938,50% - I spent about half of my time remote working,Somewhat agree,Somewhat disagree,Somewhat disagree,Somewhat disagree,Somewhat agree,Somewhat agree,100% - All of my time,100% - I spent all of my time remote working,Strongly agree,Strongly agree,Strongly agree,Strongly agree
939,50% - I spent about half of my time remote working,Somewhat agree,Somewhat disagree,Somewhat disagree,Somewhat disagree,Somewhat agree,Somewhat agree,100% - All of my time,100% - I spent all of my time remote working,Strongly agree,Strongly agree,Strongly agree,Strongly agree
940,50% - I spent about half of my time remote working,Somewhat agree,Somewhat disagree,Somewhat disagree,Somewhat disagree,Somewhat agree,Somewhat agree,100% - All of my time,100% - I spent all of my time remote working,Strongly agree,Strongly agree,Strongly agree,Strongly agree
941,50% - I spent about half of my time remote working,Somewhat agree,Somewhat disagree,Somewhat disagree,Somewhat disagree,Somewhat agree,Somewhat agree,100% - All of my time,100% - I spent all of my time remote working,Strongly agree,Strongly agree,Strongly agree,Strongly agree
942,50% - I spent about half of my time remote working,Somewhat agree,Somewhat disagree,Somewhat disagree,Somewhat disagree,Somewhat agree,Somewhat agree,100% - All of my time,100% - I spent all of my time remote working,Strongly agree,Strongly agree,Strongly agree,Strongly agree
943,50% - I spent about half of my time remote working,Somewhat agree,Somewhat disagree,Somewhat disagree,Somewhat disagree,Somewhat agree,Somewhat agree,100% - All of my time,100% - I spent all of my time remote working,Strongly agree,Strongly agree,Strongly agree,Strongly agree
944,50% - I spent about half of my time remote working,Somewhat agree,Somewhat disagree,Somewhat disagree,Somewhat disagree,Somewhat agree,Somewhat agree,100% - All of my time,100% - I spent all of my time remote working,Strongly agree,Strongly agree,Strongly agree,Strongly agree
945,50% - I spent about half of my time remote working,Somewhat agree,Somewhat disagree,Somewhat disagree,Somewhat disagree,Somewhat agree,Somewhat agree,100% - All of my time,100% - I spent all of my time remote working,Strongly agree,Strongly agree,Strongly agree,Strongly agree
946,50% - I spent about half of my time remote working,Somewhat agree,Somewhat disagree,Somewhat disagree,Somewhat disagree,Somewhat agree,Somewhat agree,100% - All of my time,100% - I spent all of my time remote working,Strongly agree,Strongly agree,Strongly agree,Strongly agree
947,50% - I spent about half of my time remote working,Somewhat agree,Somewhat disagree,Somewhat disagree,Somewhat disagree,Somewhat agree,Somewhat agree,100% - All of my time,100% - I spent all of my time remote working,Strongly agree,Strongly agree,Strongly agree,Strongly agree
948,50% - I spent about half of my time remote working,Somewhat disagree,Somewhat disagree,Somewhat disagree,Somewhat disagree,Somewhat agree,Somewhat agree,100% - All of my time,100% - I spent all of my time remote working,Strongly agree,Strongly agree,Strongly agree,Strongly agree
949,50% - I spent about half of my time remote working,Somewhat disagree,Somewhat disagree,Somewhat disagree,Somewhat disagree,Somewhat agree,Somewhat agree,100% - All of my time,100% - I spent all of my time remote working,Strongly agree,Strongly agree,Strongly agree,Strongly agree
950,50% - I spent about half of my time remote working,Somewhat disagree,Somewhat disagree,Somewhat disagree,Somewhat disagree,Somewhat agree,Somewhat agree,100% - All of my time,100% - I spent all of my time remote working,Strongly agree,Strongly agree,Strongly agree,Strongly agree
951,50% - I spent about half of my time remote working,Somewhat disagree,Somewhat disagree,Somewhat disagree,Somewhat disagree,Somewhat agree,Somewhat agree,100% - All of my time,100% - I spent all of my time remote working,Strongly agree,Strongly agree,Strongly agree,Strongly agree
952,50% - I spent about half of my time remote working,Somewhat disagree,Somewhat disagree,Somewhat disagree,Somewhat disagree,Somewhat agree,Somewhat agree,100% - All of my time,100% - I spent all of my time remote working,Strongly agree,Strongly agree,Strongly agree,Strongly agree
953,50% - I spent about half of my time remote working,Somewhat disagree,Somewhat disagree,Somewhat disagree,Somewhat disagree,Somewhat agree,Somewhat agree,100% - All of my time,100% - I spent all of my time remote working,Strongly agree,Strongly agree,Strongly agree,Strongly agree
954,50% - I spent about half of my time remote working,Somewhat disagree,Somewhat disagree,Somewhat disagree,Somewhat disagree,Somewhat agree,Somewhat agree,100% - All of my time,100% - I spent all of my time remote working,Strongly agree,Strongly agree,Strongly agree,Strongly agree
955,50% - I spent about half of my time remote working,Somewhat disagree,Somewhat disagree,Somewhat disagree,Somewhat disagree,Somewhat agree,Somewhat agree,100% - All of my time,100% - I spent all of my time remote working,Strongly agree,Strongly agree,Strongly agree,Strongly agree
956,50% - I spent about half of my time remote working,Somewhat disagree,Somewhat disagree,Somewhat disagree,Somewhat disagree,Somewhat agree,Somewhat agree,100% - All of my time,100% - I spent all of my time remote working,Strongly agree,Strongly agree,Somewhat agree,Somewhat agree
957,50% - I spent about half of my time remote working,Somewhat disagree,Somewhat disagree,Somewhat disagree,Somewhat disagree,Somewhat agree,Somewhat agree,100% - All of my time,100% - I spent all of my time remote working,Strongly agree,Strongly agree,Strongly agree,Strongly agree
958,50% - I spent about half of my time remote working,Somewhat disagree,Somewhat disagree,Somewhat disagree,Somewhat disagree,Somewhat agree,Somewhat agree,100% - All of my time,100% - I spent all of my time remote working,Strongly agree,Strongly agree,Strongly agree,Strongly agree
959,50% - I spent about half of my time remote working,Somewhat disagree,Somewhat disagree,Somewhat disagree,Somewhat disagree,Somewhat agree,Somewhat agree,100% - All of my time,100% - I spent all of my time remote working,Strongly agree,Strongly agree,Strongly agree,Strongly agree
960,50% - I spent about half of my time remote working,Somewhat disagree,Somewhat disagree,Somewhat disagree,Somewhat disagree,Somewhat agree,Somewhat agree,100% - All of my time,100% - I spent all of my time remote working,Strongly agree,Strongly agree,Strongly agree,Strongly agree
961,50% - I spent about half of my time remote working,Somewhat disagree,Somewhat disagree,Somewhat disagree,Somewhat disagree,Somewhat agree,Somewhat agree,100% - All of my time,100% - I spent all of my time remote working,Strongly agree,Strongly agree,Strongly agree,Strongly agree
962,50% - I spent about half of my time remote working,Somewhat disagree,Somewhat disagree,Somewhat disagree,Somewhat disagree,Somewhat agree,Somewhat agree,100% - All of my time,100% - I spent all of my time remote working,Strongly agree,Strongly agree,Strongly agree,Strongly agree
963,50% - I spent about half of my time remote working,Somewhat disagree,Somewhat disagree,Somewhat disagree,Somewhat disagree,Somewhat agree,Somewhat agree,100% - All of my time,100% - I spent all of my time remote working,Strongly agree,Strongly agree,Somewhat agree,Strongly agree
964,50% - I spent about half of my time remote working,Somewhat disagree,Somewhat disagree,Somewhat disagree,Somewhat disagree,Somewhat agree,Somewhat agree,100% - All of my time,100% - I spent all of my time remote working,Strongly agree,Strongly agree,Strongly agree,Strongly agree
965,50% - I spent about half of my time remote working,Somewhat disagree,Somewhat disagree,Somewhat disagree,Somewhat disagree,Somewhat agree,Somewhat agree,100% - All of my time,100% - I spent all of my time remote working,Strongly agree,Strongly agree,Strongly agree,Strongly agree
966,50% - I spent about half of my time remote working,Somewhat disagree,Somewhat disagree,Somewhat disagree,Somewhat disagree,Somewhat agree,Somewhat agree,100% - All of my time,100% - I spent all of my time remote working,Strongly agree,Strongly agree,Strongly agree,Strongly agree
967,50% - I spent about half of my time remote working,Somewhat disagree,Somewhat disagree,Somewhat disagree,Somewhat disagree,Somewhat agree,Somewhat agree,100% - All of my time,100% - I spent all of my time remote working,Strongly agree,Strongly agree,Strongly agree,Strongly agree
968,50% - I spent about half of my time remote working,Somewhat disagree,Somewhat disagree,Somewhat disagree,Somewhat disagree,Somewhat agree,Somewhat agree,100% - All of my time,100% - I spent all of my time remote working,Strongly agree,Strongly agree,Strongly agree,Strongly agree
969,50% - I spent about half of my time remote working,Somewhat disagree,Somewhat disagree,Somewhat disagree,Somewhat disagree,Somewhat agree,Somewhat agree,100% - All of my time,100% - I spent all of my time remote working,Strongly agree,Strongly agree,Neither agree nor disagree,Strongly agree
970,50% - I spent about half of my time remote working,Somewhat disagree,Somewhat disagree,Somewhat disagree,Somewhat disagree,Somewhat agree,Somewhat agree,100% - All of my time,100% - I spent all of my time remote working,Strongly agree,Strongly agree,Strongly disagree,Strongly disagree
971,50% - I spent about half of my time remote working,Somewhat disagree,Somewhat disagree,Somewhat disagree,Somewhat disagree,Somewhat agree,Somewhat agree,100% - All of my time,100% - I spent all of my time remote working,Strongly agree,Strongly agree,Somewhat agree,Somewhat agree
972,50% - I spent about half of my time remote working,Somewhat disagree,Somewhat disagree,Somewhat disagree,Somewhat disagree,Somewhat agree,Somewhat agree,100% - All of my time,100% - I spent all of my time remote working,Strongly agree,Strongly agree,Strongly disagree,Strongly disagree
973,50% - I spent about half of my time remote working,Somewhat disagree,Somewhat disagree,Somewhat disagree,Somewhat disagree,Somewhat agree,Somewhat agree,100% - All of my time,100% - I spent all of my time remote working,Strongly agree,Strongly agree,Strongly disagree,Strongly disagree
974,50% - I spent about half of my time remote working,Somewhat disagree,Somewhat disagree,Somewhat disagree,Somewhat disagree,Somewhat agree,Somewhat agree,50% - About half of my time,100% - I spent all of my time remote working,Strongly agree,Strongly agree,Strongly agree,Strongly agree
975,50% - I spent about half of my time remote working,Somewhat disagree,Somewhat disagree,Somewhat disagree,Somewhat disagree,Somewhat agree,Somewhat agree,50% - About half of my time,100% - I spent all of my time remote working,Strongly agree,Strongly agree,Somewhat agree,Somewhat agree
976,50% - I spent about half of my time remote working,Somewhat disagree,Somewhat disagree,Somewhat disagree,Somewhat disagree,Somewhat agree,Somewhat agree,50% - About half of my time,100% - I spent all of my time remote working,Strongly agree,Strongly agree,Strongly agree,Somewhat agree
977,50% - I spent about half of my time remote working,Somewhat disagree,Somewhat disagree,Somewhat disagree,Somewhat disagree,Somewhat agree,Somewhat agree,50% - About half of my time,100% - I spent all of my time remote working,Strongly agree,Strongly agree,Somewhat agree,Strongly agree
978,50% - I spent about half of my time remote working,Somewhat disagree,Somewhat disagree,Somewhat disagree,Somewhat disagree,Somewhat agree,Somewhat agree,50% - About half of my time,100% - I spent all of my time remote working,Strongly agree,Strongly agree,Strongly agree,Strongly agree
979,50% - I spent about half of my time remote working,Somewhat disagree,Somewhat disagree,Somewhat disagree,Somewhat disagree,Somewhat agree,Somewhat agree,50% - About half of my time,100% - I spent all of my time remote working,Strongly agree,Strongly agree,Somewhat agree,Somewhat agree
980,50% - I spent about half of my time remote working,Somewhat disagree,Somewhat disagree,Somewhat disagree,Somewhat disagree,Somewhat agree,Somewhat agree,50% - About half of my time,100% - I spent all of my time remote working,Strongly agree,Strongly agree,Strongly disagree,Strongly agree
981,50% - I spent about half of my time remote working,Somewhat disagree,Somewhat disagree,Somewhat disagree,Somewhat disagree,Somewhat agree,Somewhat agree,50% - About half of my time,100% - I spent all of my time remote working,Strongly agree,Strongly agree,Somewhat disagree,Strongly disagree
982,50% - I spent about half of my time remote working,Somewhat disagree,Somewhat disagree,Somewhat disagree,Somewhat disagree,Somewhat agree,Somewhat agree,50% - About half of my time,100% - I spent all of my time remote working,Strongly agree,Strongly agree,Somewhat agree,Neither agree nor disagree
983,50% - I spent about half of my time remote working,Somewhat disagree,Somewhat disagree,Somewhat disagree,Somewhat disagree,Somewhat agree,Somewhat agree,50% - About half of my time,100% - I spent all of my time remote working,Strongly agree,Strongly agree,Neither agree nor disagree,Strongly agree
984,50% - I spent about half of my time remote working,Somewhat disagree,Somewhat disagree,Somewhat disagree,Somewhat disagree,Somewhat agree,Somewhat agree,50% - About half of my time,100% - I spent all of my time remote working,Strongly agree,Strongly agree,Strongly agree,Strongly agree
985,50% - I spent about half of my time remote working,Somewhat disagree,Somewhat disagree,Somewhat disagree,Somewhat disagree,Somewhat agree,Somewhat agree,50% - About half of my time,100% - I spent all of my time remote working,Strongly agree,Strongly agree,Strongly disagree,Strongly agree
986,50% - I spent about half of my time remote working,Somewhat disagree,Somewhat disagree,Somewhat disagree,Somewhat disagree,Somewhat agree,Somewhat agree,50% - About half of my time,100% - I spent all of my time remote working,Strongly agree,Strongly agree,Somewhat agree,Somewhat disagree
987,50% - I spent about half of my time remote working,Somewhat disagree,Somewhat disagree,Somewhat disagree,Somewhat disagree,Somewhat agree,Somewhat agree,50% - About half of my time,100% - I spent all of my time remote working,Strongly agree,Strongly agree,Somewhat agree,Somewhat disagree
988,50% - I spent about half of my time remote working,Somewhat disagree,Somewhat disagree,Somewhat disagree,Somewhat disagree,Somewhat agree,Somewhat agree,50% - About half of my time,100% - I spent all of my time remote working,Strongly agree,Strongly agree,Neither agree nor disagree,Strongly agree
989,50% - I spent about half of my time remote working,Somewhat disagree,Somewhat disagree,Somewhat disagree,Somewhat disagree,Somewhat agree,Somewhat agree,50% - About half of my time,100% - I spent all of my time remote working,Strongly agree,Strongly agree,Strongly disagree,Somewhat agree
990,Less than 10% of my time,Somewhat disagree,Somewhat disagree,Somewhat disagree,Somewhat disagree,Somewhat agree,Somewhat agree,50% - About half of my time,100% - I spent all of my time remote working,Strongly agree,Strongly agree,Strongly disagree,Neither agree nor disagree
991,Less than 10% of my time,Somewhat disagree,Somewhat disagree,Somewhat disagree,Somewhat disagree,Somewhat agree,Somewhat agree,50% - About half of my time,100% - I spent all of my time remote working,Strongly agree,Strongly agree,Somewhat agree,Strongly agree
992,Less than 10% of my time,Somewhat disagree,Somewhat disagree,Somewhat disagree,Somewhat disagree,Somewhat agree,Somewhat agree,50% - About half of my time,100% - I spent all of my time remote working,Strongly agree,Strongly agree,Somewhat agree,Somewhat agree
993,Less than 10% of my time,Somewhat disagree,Somewhat disagree,Somewhat disagree,Somewhat disagree,Somewhat agree,Somewhat agree,50% - About half of my time,100% - I spent all of my time remote working,Strongly agree,Strongly agree,Somewhat disagree,Somewhat agree
994,Less than 10% of my time,Somewhat disagree,Somewhat disagree,Somewhat disagree,Somewhat disagree,Somewhat agree,Somewhat agree,50% - About half of my time,100% - I spent all of my time remote working,Strongly agree,Strongly agree,Somewhat agree,Strongly agree
995,Less than 10% of my time,Somewhat disagree,Somewhat disagree,Somewhat disagree,Somewhat disagree,Somewhat agree,Somewhat agree,50% - About half of my time,100% - I spent all of my time remote working,Strongly agree,Strongly agree,Somewhat agree,Somewhat agree
996,Less than 10% of my time,Somewhat disagree,Somewhat disagree,Somewhat disagree,Somewhat disagree,Somewhat agree,Somewhat agree,50% - About half of my time,100% - I spent all of my time remote working,Strongly agree,Strongly agree,Somewhat agree,Strongly agree
997,Less than 10% of my time,Somewhat disagree,Somewhat disagree,Somewhat disagree,Somewhat disagree,Somewhat agree,Somewhat agree,50% - About half of my time,100% - I spent all of my time remote working,Strongly agree,Strongly agree,Strongly agree,Strongly agree
998,Less than 10% of my time,Somewhat disagree,Somewhat disagree,Somewhat disagree,Somewhat disagree,Somewhat agree,Somewhat agree,50% - About half of my time,100% - I spent all of my time remote working,Strongly agree,Strongly agree,Strongly agree,Strongly agree
999,Less than 10% of my time,Somewhat disagree,Somewhat disagree,Somewhat disagree,Somewhat disagree,Somewhat agree,Somewhat agree,50% - About half of my time,100% - I spent all of my time remote working,Strongly agree,Strongly agree,Somewhat agree,Somewhat agree
1000,Less than 10% of my time,Somewhat disagree,Somewhat disagree,Somewhat disagree,Somewhat disagree,Somewhat agree,Somewhat agree,50% - About half of my time,100% - I spent all of my time remote working,Strongly agree,Strongly agree,Strongly disagree,Neither agree nor disagree
1001,Less than 10% of my time,Somewhat disagree,Somewhat disagree,Somewhat disagree,Somewhat disagree,Somewhat agree,Somewhat agree,50% - About half of my time,100% - I spent all of my time remote working,Strongly agree,Strongly agree,Strongly agree,Strongly agree
1002,Less than 10% of my time,Somewhat disagree,Somewhat disagree,Somewhat disagree,Somewhat disagree,Somewhat agree,Somewhat agree,50% - About half of my time,100% - I spent all of my time remote working,Strongly agree,Strongly agree,Strongly agree,Strongly agree
1003,Less than 10% of my time,Somewhat disagree,Somewhat disagree,Somewhat disagree,Somewhat disagree,Somewhat agree,Somewhat agree,50% - About half of my time,100% - I spent all of my time remote working,Strongly agree,Strongly agree,Somewhat agree,Strongly agree
1004,Less than 10% of my time,Somewhat disagree,Somewhat disagree,Somewhat disagree,Somewhat disagree,Somewhat agree,Somewhat agree,50% - About half of my time,100% - I spent all of my time remote working,Strongly agree,Strongly agree,Strongly agree,Somewhat agree
1005,Less than 10% of my time,Somewhat disagree,Somewhat disagree,Somewhat disagree,Somewhat disagree,Somewhat agree,Somewhat agree,50% - About half of my time,100% - I spent all of my time remote working,Strongly agree,Strongly agree,Somewhat disagree,Strongly disagree
1006,Less than 10% of my time,Somewhat disagree,Somewhat disagree,Somewhat disagree,Somewhat disagree,Somewhat agree,Somewhat agree,50% - About half of my time,100% - I spent all of my time remote working,Strongly agree,Strongly agree,Strongly agree,Strongly agree
1007,Less than 10% of my time,Somewhat disagree,Somewhat disagree,Somewhat disagree,Somewhat disagree,Somewhat agree,Somewhat agree,50% - About half of my time,100% - I spent all of my time remote working,Strongly agree,Strongly agree,Strongly agree,Somewhat agree
1008,Less than 10% of my time,Somewhat disagree,Somewhat disagree,Somewhat disagree,Somewhat disagree,Somewhat agree,Somewhat agree,50% - About half of my time,100% - I spent all of my time remote working,Strongly agree,Strongly agree,Somewhat disagree,Somewhat agree
1009,Less than 10% of my time,Somewhat disagree,Somewhat disagree,Somewhat disagree,Somewhat disagree,Somewhat agree,Somewhat agree,50% - About half of my time,100% - I spent all of my time remote working,Strongly agree,Strongly agree,Somewhat agree,Neither agree nor disagree
1010,Less than 10% of my time,Somewhat disagree,Somewhat disagree,Somewhat disagree,Somewhat disagree,Somewhat agree,Somewhat agree,50% - About half of my time,100% - I spent all of my time remote working,Strongly agree,Strongly agree,Strongly disagree,Somewhat disagree
1011,Less than 10% of my time,Somewhat disagree,Somewhat disagree,Somewhat disagree,Somewhat disagree,Somewhat agree,Somewhat agree,50% - About half of my time,100% - I spent all of my time remote working,Strongly agree,Strongly agree,Strongly agree,Strongly agree
1012,Less than 10% of my time,Somewhat disagree,Somewhat disagree,Somewhat disagree,Somewhat disagree,Somewhat agree,Somewhat agree,50% - About half of my time,100% - I spent all of my time remote working,Strongly agree,Strongly agree,Strongly disagree,Strongly disagree
1013,Less than 10% of my time,Somewhat disagree,Somewhat disagree,Somewhat disagree,Somewhat disagree,Somewhat agree,Somewhat agree,50% - About half of my time,100% - I spent all of my time remote working,Strongly agree,Strongly agree,Strongly agree,Somewhat agree
1014,Less than 10% of my time,Somewhat disagree,Somewhat disagree,Somewhat disagree,Somewhat disagree,Somewhat agree,Somewhat agree,50% - About half of my time,100% - I spent all of my time remote working,Strongly agree,Strongly agree,Strongly agree,Strongly agree
1015,Less than 10% of my time,Somewhat disagree,Somewhat disagree,Somewhat disagree,Somewhat disagree,Somewhat agree,Somewhat agree,50% - About half of my time,100% - I spent all of my time remote working,Strongly agree,Strongly agree,Strongly disagree,Strongly disagree
1016,Less than 10% of my time,Somewhat disagree,Somewhat disagree,Somewhat disagree,Somewhat disagree,Somewhat agree,Somewhat agree,50% - About half of my time,100% - I spent all of my time remote working,Strongly agree,Strongly agree,Somewhat disagree,Somewhat disagree
1017,Less than 10% of my time,Somewhat disagree,Somewhat disagree,Somewhat disagree,Somewhat disagree,Somewhat agree,Somewhat agree,50% - About half of my time,100% - I spent all of my time remote working,Strongly agree,Strongly agree,Somewhat agree,Strongly agree
1018,Less than 10% of my time,Somewhat disagree,Somewhat disagree,Somewhat disagree,Somewhat disagree,Somewhat agree,Somewhat agree,50% - About half of my time,100% - I spent all of my time remote working,Strongly agree,Strongly agree,Somewhat agree,Strongly agree
1019,Less than 10% of my time,Somewhat disagree,Somewhat disagree,Somewhat disagree,Somewhat disagree,Somewhat agree,Somewhat agree,50% - About half of my time,100% - I spent all of my time remote working,Strongly agree,Strongly agree,Strongly agree,Strongly agree
1020,Less than 10% of my time,Somewhat disagree,Somewhat disagree,Somewhat disagree,Somewhat disagree,Somewhat agree,Somewhat agree,50% - About half of my time,100% - I spent all of my time remote working,Strongly agree,Strongly agree,Strongly agree,Strongly agree
1021,Less than 10% of my time,Somewhat disagree,Somewhat disagree,Somewhat disagree,Somewhat disagree,Somewhat agree,Somewhat agree,50% - About half of my time,100% - I spent all of my time remote working,Strongly agree,Strongly agree,Strongly agree,Strongly agree
1022,Less than 10% of my time,Somewhat disagree,Somewhat disagree,Somewhat disagree,Somewhat disagree,Somewhat agree,Somewhat agree,50% - About half of my time,100% - I spent all of my time remote working,Strongly agree,Strongly agree,Somewhat agree,Somewhat disagree
1023,Less than 10% of my time,Somewhat disagree,Somewhat disagree,Somewhat disagree,Somewhat disagree,Somewhat agree,Somewhat agree,50% - About half of my time,100% - I spent all of my time remote working,Strongly agree,Strongly agree,Neither agree nor disagree,Neither agree nor disagree
1024,Less than 10% of my time,Somewhat disagree,Somewhat disagree,Somewhat disagree,Somewhat disagree,Somewhat agree,Somewhat agree,50% - About half of my time,100% - I spent all of my time remote working,Strongly agree,Strongly agree,Neither agree nor disagree,Neither agree nor disagree
1025,Less than 10% of my time,Somewhat disagree,Somewhat disagree,Somewhat disagree,Somewhat disagree,Somewhat agree,Somewhat agree,50% - About half of my time,100% - I spent all of my time remote working,Strongly agree,Strongly agree,NA,NA
1026,Less than 10% of my time,Somewhat disagree,Somewhat disagree,Somewhat disagree,Somewhat disagree,Somewhat agree,Somewhat agree,50% - About half of my time,100% - I spent all of my time remote working,Strongly agree,Strongly agree,Strongly agree,Somewhat agree
1027,Less than 10% of my time,Somewhat disagree,Somewhat disagree,Somewhat disagree,Somewhat disagree,Somewhat agree,Somewhat agree,50% - About half of my time,100% - I spent all of my time remote working,Strongly agree,Strongly agree,Neither agree nor disagree,Neither agree nor disagree
1028,Less than 10% of my time,Somewhat disagree,Somewhat disagree,Somewhat disagree,Somewhat disagree,Somewhat agree,Somewhat agree,50% - About half of my time,100% - I spent all of my time remote working,Strongly agree,Strongly agree,Neither agree nor disagree,Neither agree nor disagree
1029,Less than 10% of my time,Somewhat disagree,Somewhat disagree,Somewhat disagree,Somewhat disagree,Somewhat agree,Somewhat agree,50% - About half of my time,100% - I spent all of my time remote working,Strongly agree,Strongly agree,Somewhat agree,Strongly agree
1030,Less than 10% of my time,Somewhat disagree,Somewhat disagree,Somewhat disagree,Somewhat disagree,Somewhat agree,Somewhat disagree,50% - About half of my time,100% - I spent all of my time remote working,Strongly agree,Strongly agree,Neither agree nor disagree,Neither agree nor disagree
1031,Less than 10% of my time,Somewhat disagree,Somewhat disagree,Somewhat disagree,Somewhat disagree,Somewhat agree,Somewhat disagree,50% - About half of my time,100% - I spent all of my time remote working,Strongly agree,Strongly agree,Neither agree nor disagree,Neither agree nor disagree
1032,Less than 10% of my time,Somewhat disagree,Somewhat disagree,Somewhat disagree,Somewhat disagree,Somewhat agree,Somewhat disagree,50% - About half of my time,100% - I spent all of my time remote working,Strongly agree,Strongly agree,Neither agree nor disagree,Neither agree nor disagree
1033,Less than 10% of my time,Somewhat disagree,Somewhat disagree,Somewhat disagree,Somewhat disagree,Somewhat agree,Somewhat disagree,50% - About half of my time,100% - I spent all of my time remote working,Strongly agree,Strongly agree,Somewhat agree,Somewhat agree
1034,Less than 10% of my time,Somewhat disagree,Somewhat disagree,Somewhat disagree,Somewhat disagree,Somewhat agree,Somewhat disagree,50% - About half of my time,100% - I spent all of my time remote working,Strongly agree,Strongly agree,Somewhat agree,Somewhat agree
1035,Less than 10% of my time,Somewhat disagree,Somewhat disagree,Somewhat disagree,Somewhat disagree,Somewhat agree,Somewhat disagree,50% - About half of my time,100% - I spent all of my time remote working,Strongly agree,Strongly agree,Neither agree nor disagree,Strongly agree
1036,Less than 10% of my time,Somewhat disagree,Somewhat disagree,Somewhat disagree,Somewhat disagree,Somewhat agree,Somewhat disagree,50% - About half of my time,100% - I spent all of my time remote working,Strongly agree,Strongly agree,Neither agree nor disagree,Neither agree nor disagree
1037,Less than 10% of my time,Somewhat disagree,Somewhat disagree,Somewhat disagree,Somewhat disagree,Somewhat agree,Somewhat disagree,50% - About half of my time,100% - I spent all of my time remote working,Strongly agree,Strongly agree,Neither agree nor disagree,Somewhat agree
1038,Less than 10% of my time,Somewhat disagree,Somewhat disagree,Somewhat disagree,Somewhat disagree,Somewhat agree,Somewhat disagree,50% - About half of my time,100% - I spent all of my time remote working,Strongly agree,Strongly agree,Strongly agree,Somewhat agree
1039,Less than 10% of my time,Somewhat disagree,Somewhat disagree,Somewhat disagree,Somewhat disagree,Somewhat disagree,Somewhat disagree,50% - About half of my time,100% - I spent all of my time remote working,Strongly agree,Strongly agree,Neither agree nor disagree,Somewhat agree
1040,Less than 10% of my time,Somewhat disagree,Somewhat disagree,Somewhat disagree,Somewhat disagree,Somewhat disagree,Somewhat disagree,50% - About half of my time,100% - I spent all of my time remote working,Strongly agree,Strongly agree,Somewhat agree,Somewhat agree
1041,Less than 10% of my time,Somewhat disagree,Somewhat disagree,Somewhat disagree,Somewhat disagree,Somewhat disagree,Somewhat disagree,50% - About half of my time,100% - I spent all of my time remote working,Strongly agree,Strongly agree,Somewhat agree,Somewhat agree
1042,Less than 10% of my time,Somewhat disagree,Somewhat disagree,Somewhat disagree,Somewhat disagree,Somewhat disagree,Somewhat disagree,50% - About half of my time,100% - I spent all of my time remote working,Strongly agree,Strongly agree,Somewhat disagree,Somewhat agree
1043,Less than 10% of my time,Somewhat disagree,Somewhat disagree,Somewhat disagree,Somewhat disagree,Somewhat disagree,Somewhat disagree,50% - About half of my time,100% - I spent all of my time remote working,Strongly agree,Strongly agree,Somewhat agree,Neither agree nor disagree
1044,Less than 10% of my time,Somewhat disagree,Somewhat disagree,Somewhat disagree,Somewhat disagree,Somewhat disagree,Somewhat disagree,50% - About half of my time,100% - I spent all of my time remote working,Strongly agree,Strongly agree,Somewhat disagree,Neither agree nor disagree
1045,Less than 10% of my time,Somewhat disagree,Somewhat disagree,Somewhat disagree,Somewhat disagree,Somewhat disagree,Somewhat disagree,50% - About half of my time,100% - I spent all of my time remote working,Strongly agree,Strongly agree,Strongly agree,Somewhat agree
1046,Less than 10% of my time,Somewhat disagree,Somewhat disagree,Somewhat disagree,Somewhat disagree,Somewhat disagree,Somewhat disagree,50% - About half of my time,100% - I spent all of my time remote working,Strongly agree,Strongly agree,Strongly agree,Somewhat agree
1047,Less than 10% of my time,Somewhat disagree,Somewhat disagree,Somewhat disagree,Somewhat disagree,Somewhat disagree,Somewhat disagree,50% - About half of my time,100% - I spent all of my time remote working,Strongly agree,Strongly agree,Neither agree nor disagree,Somewhat agree
1048,Less than 10% of my time,Somewhat disagree,Somewhat disagree,Somewhat disagree,Somewhat disagree,Somewhat disagree,Somewhat disagree,50% - About half of my time,100% - I spent all of my time remote working,Strongly agree,Strongly agree,Strongly agree,Strongly agree
1049,Less than 10% of my time,Somewhat disagree,Somewhat disagree,Somewhat disagree,Somewhat disagree,Somewhat disagree,Somewhat disagree,50% - About half of my time,100% - I spent all of my time remote working,Strongly agree,Strongly agree,Neither agree nor disagree,Somewhat disagree
1050,Less than 10% of my time,Somewhat disagree,Somewhat disagree,Somewhat disagree,Somewhat disagree,Somewhat disagree,Somewhat disagree,50% - About half of my time,100% - I spent all of my time remote working,Strongly agree,Strongly agree,Neither agree nor disagree,Neither agree nor disagree
1051,Less than 10% of my time,Somewhat disagree,Somewhat disagree,Somewhat disagree,Somewhat disagree,Somewhat disagree,Somewhat disagree,50% - About half of my time,100% - I spent all of my time remote working,Strongly agree,Strongly agree,Somewhat disagree,Neither agree nor disagree
1052,Less than 10% of my time,Somewhat disagree,Somewhat disagree,Somewhat disagree,Somewhat disagree,Somewhat disagree,Somewhat disagree,50% - About half of my time,100% - I spent all of my time remote working,Strongly agree,Strongly agree,Somewhat agree,Somewhat agree
1053,Less than 10% of my time,Somewhat disagree,Somewhat disagree,Somewhat disagree,Somewhat disagree,Somewhat disagree,Somewhat disagree,50% - About half of my time,100% - I spent all of my time remote working,Strongly agree,Strongly agree,Strongly agree,Strongly agree
1054,Less than 10% of my time,Somewhat disagree,Somewhat disagree,Somewhat disagree,Strongly agree,Somewhat disagree,Somewhat disagree,50% - About half of my time,100% - I spent all of my time remote working,Strongly agree,Strongly agree,Neither agree nor disagree,Somewhat agree
1055,Less than 10% of my time,Somewhat disagree,Somewhat disagree,Somewhat disagree,Strongly agree,Somewhat disagree,Somewhat disagree,50% - About half of my time,100% - I spent all of my time remote working,Strongly agree,Strongly agree,Strongly agree,Strongly agree
1056,Less than 10% of my time,Somewhat disagree,Somewhat disagree,Somewhat disagree,Strongly agree,Somewhat disagree,Somewhat disagree,50% - About half of my time,100% - I spent all of my time remote working,Strongly agree,Strongly agree,Strongly agree,Strongly agree
1057,Less than 10% of my time,Somewhat disagree,Somewhat disagree,Somewhat disagree,Strongly agree,Somewhat disagree,Somewhat disagree,50% - About half of my time,100% - I spent all of my time remote working,Strongly agree,Strongly agree,Strongly disagree,Neither agree nor disagree
1058,Less than 10% of my time,Somewhat disagree,Somewhat disagree,Somewhat disagree,Strongly agree,Somewhat disagree,Somewhat disagree,50% - About half of my time,100% - I spent all of my time remote working,Strongly agree,Strongly agree,Strongly agree,Strongly agree
1059,Less than 10% of my time,Somewhat disagree,Somewhat disagree,Somewhat disagree,Strongly agree,Somewhat disagree,Somewhat disagree,50% - About half of my time,100% - I spent all of my time remote working,Strongly agree,Strongly agree,Somewhat agree,Somewhat agree
1060,Less than 10% of my time,Somewhat disagree,Somewhat disagree,Somewhat disagree,Strongly agree,Somewhat disagree,Somewhat disagree,50% - About half of my time,100% - I spent all of my time remote working,Strongly agree,Strongly agree,Neither agree nor disagree,Strongly agree
1061,Less than 10% of my time,Somewhat disagree,Somewhat disagree,Somewhat disagree,Strongly agree,Somewhat disagree,Somewhat disagree,50% - About half of my time,100% - I spent all of my time remote working,Strongly agree,Strongly agree,Neither agree nor disagree,Strongly agree
1062,Less than 10% of my time,Somewhat disagree,Somewhat disagree,Somewhat disagree,Strongly agree,Somewhat disagree,Somewhat disagree,50% - About half of my time,100% - I spent all of my time remote working,Strongly agree,Strongly agree,Strongly agree,Strongly agree
1063,Less than 10% of my time,Somewhat disagree,Somewhat disagree,Somewhat disagree,Strongly agree,Somewhat disagree,Somewhat disagree,50% - About half of my time,100% - I spent all of my time remote working,Strongly agree,Strongly agree,Somewhat agree,Strongly agree
1064,Less than 10% of my time,Somewhat disagree,Somewhat disagree,Somewhat disagree,Strongly agree,Somewhat disagree,Somewhat disagree,50% - About half of my time,100% - I spent all of my time remote working,Strongly agree,Strongly agree,Strongly agree,Strongly agree
1065,Less than 10% of my time,Somewhat disagree,Somewhat disagree,Somewhat disagree,Strongly agree,Somewhat disagree,Somewhat disagree,50% - About half of my time,100% - I spent all of my time remote working,Strongly agree,Strongly agree,Strongly agree,Strongly agree
1066,Less than 10% of my time,Somewhat disagree,Somewhat disagree,Somewhat disagree,Strongly agree,Somewhat disagree,Somewhat disagree,50% - About half of my time,100% - I spent all of my time remote working,Strongly agree,Strongly agree,Neither agree nor disagree,Somewhat agree
1067,Less than 10% of my time,Somewhat disagree,Somewhat disagree,Somewhat disagree,Strongly agree,Somewhat disagree,Somewhat disagree,50% - About half of my time,100% - I spent all of my time remote working,Strongly agree,Strongly agree,Strongly agree,Strongly agree
1068,Less than 10% of my time,Somewhat disagree,Somewhat disagree,Somewhat disagree,Strongly agree,Somewhat disagree,Somewhat disagree,50% - About half of my time,100% - I spent all of my time remote working,Strongly agree,Strongly agree,Somewhat agree,Somewhat agree
1069,Less than 10% of my time,Somewhat disagree,Somewhat disagree,Somewhat disagree,Strongly agree,Somewhat disagree,Somewhat disagree,50% - About half of my time,100% - I spent all of my time remote working,Strongly agree,Strongly agree,Strongly agree,Strongly agree
1070,Less than 10% of my time,Somewhat disagree,Somewhat disagree,Somewhat disagree,Strongly agree,Somewhat disagree,Somewhat disagree,50% - About half of my time,100% - I spent all of my time remote working,Strongly agree,Strongly agree,Strongly agree,Strongly agree
1071,Less than 10% of my time,Somewhat disagree,Somewhat disagree,Somewhat disagree,Strongly agree,Somewhat disagree,Somewhat disagree,50% - About half of my time,100% - I spent all of my time remote working,Strongly agree,Strongly agree,Strongly agree,Strongly agree
1072,Less than 10% of my time,Somewhat disagree,Strongly agree,Somewhat disagree,Strongly agree,Somewhat disagree,Somewhat disagree,50% - About half of my time,100% - I spent all of my time remote working,Strongly agree,Strongly agree,Somewhat agree,Somewhat agree
1073,Less than 10% of my time,Somewhat disagree,Strongly agree,Somewhat disagree,Strongly agree,Somewhat disagree,Somewhat disagree,50% - About half of my time,100% - I spent all of my time remote working,Strongly agree,Strongly agree,Somewhat agree,Somewhat agree
1074,Less than 10% of my time,Somewhat disagree,Strongly agree,Somewhat disagree,Strongly agree,Somewhat disagree,Somewhat disagree,50% - About half of my time,100% - I spent all of my time remote working,Strongly agree,Strongly agree,Strongly agree,Strongly agree
1075,Less than 10% of my time,Somewhat disagree,Strongly agree,Somewhat disagree,Strongly agree,Somewhat disagree,Somewhat disagree,50% - About half of my time,100% - I spent all of my time remote working,Strongly agree,Strongly agree,Neither agree nor disagree,Somewhat agree
1076,Less than 10% of my time,Somewhat disagree,Strongly agree,Somewhat disagree,Strongly agree,Somewhat disagree,Somewhat disagree,50% - About half of my time,100% - I spent all of my time remote working,Strongly agree,Strongly agree,Somewhat agree,Strongly agree
1077,Less than 10% of my time,Somewhat disagree,Strongly agree,Somewhat disagree,Strongly agree,Somewhat disagree,Somewhat disagree,50% - About half of my time,100% - I spent all of my time remote working,Strongly agree,Strongly agree,Somewhat agree,Neither agree nor disagree
1078,Less than 10% of my time,Somewhat disagree,Strongly agree,Somewhat disagree,Strongly agree,Somewhat disagree,Somewhat disagree,50% - About half of my time,100% - I spent all of my time remote working,Strongly agree,Strongly agree,Somewhat agree,Neither agree nor disagree
1079,Less than 10% of my time,Somewhat disagree,Strongly agree,Somewhat disagree,Strongly agree,Somewhat disagree,Somewhat disagree,50% - About half of my time,100% - I spent all of my time remote working,Strongly agree,Strongly agree,Somewhat disagree,Neither agree nor disagree
1080,Less than 10% of my time,Somewhat disagree,Strongly agree,Somewhat disagree,Strongly agree,Somewhat disagree,Somewhat disagree,50% - About half of my time,100% - I spent all of my time remote working,Strongly agree,Strongly agree,Somewhat agree,Strongly agree
1081,Less than 10% of my time,Somewhat disagree,Strongly agree,Somewhat disagree,Strongly agree,Somewhat disagree,Somewhat disagree,50% - About half of my time,100% - I spent all of my time remote working,Strongly agree,Strongly agree,Somewhat agree,Somewhat agree
1082,Less than 10% of my time,Somewhat disagree,Strongly agree,Somewhat disagree,Strongly agree,Somewhat disagree,Somewhat disagree,50% - About half of my time,100% - I spent all of my time remote working,Strongly agree,Strongly agree,Somewhat agree,Neither agree nor disagree
1083,Less than 10% of my time,Somewhat disagree,Strongly agree,Somewhat disagree,Strongly agree,Somewhat disagree,Somewhat disagree,50% - About half of my time,100% - I spent all of my time remote working,Strongly agree,Strongly agree,Strongly agree,Strongly agree
1084,Less than 10% of my time,Somewhat disagree,Strongly agree,Somewhat disagree,Strongly agree,Somewhat disagree,Somewhat disagree,50% - About half of my time,100% - I spent all of my time remote working,Strongly agree,Strongly agree,Somewhat disagree,Somewhat disagree
1085,Less than 10% of my time,Somewhat disagree,Strongly agree,Somewhat disagree,Strongly agree,Somewhat disagree,Somewhat disagree,50% - About half of my time,100% - I spent all of my time remote working,Strongly agree,Strongly agree,Somewhat agree,Neither agree nor disagree
1086,Less than 10% of my time,Somewhat disagree,Strongly agree,Somewhat disagree,Strongly agree,Somewhat disagree,Somewhat disagree,50% - About half of my time,100% - I spent all of my time remote working,Strongly agree,Strongly agree,Somewhat agree,Somewhat agree
1087,Less than 10% of my time,Somewhat disagree,Strongly agree,Somewhat disagree,Strongly agree,Somewhat disagree,Somewhat disagree,50% - About half of my time,100% - I spent all of my time remote working,Strongly agree,Strongly agree,Strongly agree,Strongly agree
1088,Less than 10% of my time,Somewhat disagree,Strongly agree,Somewhat disagree,Strongly agree,Somewhat disagree,Somewhat disagree,50% - About half of my time,100% - I spent all of my time remote working,Strongly agree,Strongly agree,Somewhat disagree,Strongly agree
1089,Less than 10% of my time,Somewhat disagree,Strongly agree,Somewhat disagree,Strongly agree,Somewhat disagree,Somewhat disagree,50% - About half of my time,100% - I spent all of my time remote working,Strongly agree,Strongly agree,Somewhat agree,Somewhat agree
1090,Less than 10% of my time,Somewhat disagree,Strongly agree,Somewhat disagree,Strongly agree,Somewhat disagree,Somewhat disagree,50% - About half of my time,100% - I spent all of my time remote working,Strongly agree,Strongly agree,Somewhat agree,Somewhat agree
1091,Less than 10% of my time,Somewhat disagree,Strongly agree,Somewhat disagree,Strongly agree,Somewhat disagree,Somewhat disagree,50% - About half of my time,100% - I spent all of my time remote working,Strongly agree,Strongly agree,Somewhat agree,Strongly agree
1092,Less than 10% of my time,Somewhat disagree,Strongly agree,Somewhat disagree,Strongly agree,Somewhat disagree,Somewhat disagree,50% - About half of my time,100% - I spent all of my time remote working,Strongly agree,Strongly agree,Somewhat agree,Somewhat agree
1093,Less than 10% of my time,Somewhat disagree,Strongly agree,Somewhat disagree,Strongly agree,Somewhat disagree,Somewhat disagree,50% - About half of my time,100% - I spent all of my time remote working,Strongly agree,Strongly agree,Strongly agree,Neither agree nor disagree
1094,Less than 10% of my time,Somewhat disagree,Strongly agree,Somewhat disagree,Strongly agree,Somewhat disagree,Somewhat disagree,50% - About half of my time,100% - I spent all of my time remote working,Strongly agree,Strongly agree,Somewhat agree,Somewhat agree
1095,Less than 10% of my time,Somewhat disagree,Strongly agree,Somewhat disagree,Strongly agree,Somewhat disagree,Somewhat disagree,50% - About half of my time,100% - I spent all of my time remote working,Strongly agree,Strongly agree,Somewhat agree,Somewhat agree
1096,Less than 10% of my time,Somewhat disagree,Strongly agree,Somewhat disagree,Strongly agree,Somewhat disagree,Somewhat disagree,50% - About half of my time,100% - I spent all of my time remote working,Strongly agree,Strongly agree,Somewhat agree,Strongly agree
1097,Less than 10% of my time,Somewhat disagree,Strongly agree,Somewhat disagree,Strongly agree,Somewhat disagree,Somewhat disagree,50% - About half of my time,100% - I spent all of my time remote working,Strongly agree,Strongly agree,Somewhat agree,Strongly agree
1098,Less than 10% of my time,Somewhat disagree,Strongly agree,Somewhat disagree,Strongly agree,Somewhat disagree,Somewhat disagree,50% - About half of my time,100% - I spent all of my time remote working,Strongly agree,Strongly agree,Neither agree nor disagree,Neither agree nor disagree
1099,Less than 10% of my time,Somewhat disagree,Strongly agree,Somewhat disagree,Strongly agree,Somewhat disagree,Somewhat disagree,50% - About half of my time,100% - I spent all of my time remote working,Strongly agree,Strongly agree,Strongly agree,Strongly agree
1100,Less than 10% of my time,Somewhat disagree,Strongly agree,Somewhat disagree,Strongly agree,Somewhat disagree,Somewhat disagree,50% - About half of my time,100% - I spent all of my time remote working,Strongly agree,Strongly agree,Somewhat agree,Somewhat agree
1101,Less than 10% of my time,Somewhat disagree,Strongly agree,Somewhat disagree,Strongly agree,Somewhat disagree,Somewhat disagree,50% - About half of my time,100% - I spent all of my time remote working,Strongly agree,Strongly agree,Somewhat agree,Strongly agree
1102,Less than 10% of my time,Somewhat disagree,Strongly agree,Somewhat disagree,Strongly agree,Somewhat disagree,Somewhat disagree,50% - About half of my time,100% - I spent all of my time remote working,Strongly agree,Strongly agree,Somewhat agree,Neither agree nor disagree
1103,Less than 10% of my time,Somewhat disagree,Strongly agree,Somewhat disagree,Strongly agree,Somewhat disagree,Somewhat disagree,50% - About half of my time,100% - I spent all of my time remote working,Strongly agree,Strongly agree,Neither agree nor disagree,Somewhat disagree
1104,Less than 10% of my time,Somewhat disagree,Strongly agree,Somewhat disagree,Strongly agree,Somewhat disagree,Somewhat disagree,50% - About half of my time,100% - I spent all of my time remote working,Strongly agree,Strongly agree,Strongly agree,Strongly agree
1105,Less than 10% of my time,Somewhat disagree,Strongly agree,Somewhat disagree,Strongly agree,Somewhat disagree,Somewhat disagree,50% - About half of my time,100% - I spent all of my time remote working,Strongly agree,Strongly agree,Strongly agree,Somewhat agree
1106,Less than 10% of my time,Somewhat disagree,Strongly agree,Somewhat disagree,Strongly agree,Somewhat disagree,Somewhat disagree,50% - About half of my time,100% - I spent all of my time remote working,Strongly agree,Strongly agree,Somewhat agree,Neither agree nor disagree
1107,Less than 10% of my time,Somewhat disagree,Strongly agree,Somewhat disagree,Strongly agree,Somewhat disagree,Somewhat disagree,50% - About half of my time,100% - I spent all of my time remote working,Strongly agree,Strongly agree,Somewhat agree,Somewhat agree
1108,Less than 10% of my time,Somewhat disagree,Strongly agree,Somewhat disagree,Strongly agree,Somewhat disagree,Somewhat disagree,50% - About half of my time,100% - I spent all of my time remote working,Strongly agree,Strongly agree,Strongly agree,Strongly agree
1109,Less than 10% of my time,Somewhat disagree,Strongly agree,Somewhat disagree,Strongly agree,Somewhat disagree,Somewhat disagree,50% - About half of my time,100% - I spent all of my time remote working,Strongly agree,Strongly agree,Somewhat agree,Strongly agree
1110,Less than 10% of my time,Somewhat disagree,Strongly agree,Somewhat disagree,Strongly agree,Somewhat disagree,Somewhat disagree,50% - About half of my time,100% - I spent all of my time remote working,Strongly agree,Strongly agree,Strongly agree,Strongly agree
1111,Less than 10% of my time,Somewhat disagree,Strongly agree,Somewhat disagree,Strongly agree,Somewhat disagree,Somewhat disagree,50% - About half of my time,100% - I spent all of my time remote working,Strongly agree,Strongly agree,Somewhat agree,Somewhat agree
1112,Less than 10% of my time,Somewhat disagree,Strongly agree,Somewhat disagree,Strongly agree,Somewhat disagree,Somewhat disagree,50% - About half of my time,100% - I spent all of my time remote working,Strongly agree,Strongly agree,Somewhat agree,Somewhat agree
1113,Less than 10% of my time,Somewhat disagree,Strongly agree,Somewhat disagree,Strongly agree,Somewhat disagree,Somewhat disagree,50% - About half of my time,100% - I spent all of my time remote working,Strongly agree,Strongly agree,Somewhat agree,Somewhat agree
1114,Less than 10% of my time,Somewhat disagree,Strongly agree,Somewhat disagree,Strongly agree,Somewhat disagree,Somewhat disagree,50% - About half of my time,100% - I spent all of my time remote working,Strongly agree,Strongly agree,Somewhat agree,Somewhat agree
1115,Less than 10% of my time,Somewhat disagree,Strongly agree,Somewhat disagree,Strongly agree,Somewhat disagree,Somewhat disagree,50% - About half of my time,100% - I spent all of my time remote working,Strongly agree,Strongly agree,Strongly agree,Strongly agree
1116,Less than 10% of my time,Somewhat disagree,Strongly agree,Somewhat disagree,Strongly agree,Somewhat disagree,Somewhat disagree,50% - About half of my time,100% - I spent all of my time remote working,Strongly agree,Strongly agree,Strongly agree,Strongly agree
1117,Less than 10% of my time,Somewhat disagree,Strongly agree,Somewhat disagree,Strongly agree,Somewhat disagree,Somewhat disagree,50% - About half of my time,100% - I spent all of my time remote working,Strongly agree,Strongly agree,Somewhat agree,Somewhat agree
1118,Less than 10% of my time,Somewhat disagree,Strongly agree,Somewhat disagree,Strongly agree,Somewhat disagree,Somewhat disagree,50% - About half of my time,100% - I spent all of my time remote working,Strongly agree,Strongly agree,Somewhat agree,Somewhat agree
1119,Less than 10% of my time,Somewhat disagree,Strongly agree,Somewhat disagree,Strongly agree,Somewhat disagree,Somewhat disagree,50% - About half of my time,100% - I spent all of my time remote working,Strongly agree,Strongly agree,Somewhat agree,Somewhat agree
1120,Less than 10% of my time,Somewhat disagree,Strongly agree,Somewhat disagree,Strongly agree,Somewhat disagree,Somewhat disagree,50% - About half of my time,100% - I spent all of my time remote working,Strongly agree,Strongly agree,Strongly agree,Somewhat agree
1121,Less than 10% of my time,Somewhat disagree,Strongly agree,Somewhat disagree,Strongly agree,Somewhat disagree,Somewhat disagree,50% - About half of my time,100% - I spent all of my time remote working,Strongly agree,Strongly agree,Strongly agree,Strongly agree
1122,Less than 10% of my time,Somewhat disagree,Strongly agree,Somewhat disagree,Strongly agree,Somewhat disagree,Somewhat disagree,50% - About half of my time,100% - I spent all of my time remote working,Strongly agree,Strongly agree,Strongly agree,Strongly agree
1123,Less than 10% of my time,Somewhat disagree,Strongly agree,Somewhat disagree,Strongly agree,Somewhat disagree,Somewhat disagree,50% - About half of my time,100% - I spent all of my time remote working,Strongly agree,Strongly agree,Somewhat agree,Strongly agree
1124,Less than 10% of my time,Somewhat disagree,Strongly agree,Somewhat disagree,Strongly agree,Somewhat disagree,Somewhat disagree,50% - About half of my time,100% - I spent all of my time remote working,Strongly agree,Strongly agree,Somewhat agree,Somewhat agree
1125,Less than 10% of my time,Somewhat disagree,Strongly agree,Strongly agree,Strongly agree,Somewhat disagree,Somewhat disagree,50% - About half of my time,100% - I spent all of my time remote working,Strongly agree,Strongly agree,Somewhat agree,Somewhat agree
1126,Less than 10% of my time,Somewhat disagree,Strongly agree,Strongly agree,Strongly agree,Somewhat disagree,Somewhat disagree,50% - About half of my time,100% - I spent all of my time remote working,Strongly agree,Strongly agree,Somewhat agree,Somewhat agree
1127,Less than 10% of my time,Somewhat disagree,Strongly agree,Strongly agree,Strongly agree,Somewhat disagree,Somewhat disagree,50% - About half of my time,100% - I spent all of my time remote working,Strongly agree,Strongly agree,Somewhat agree,Somewhat agree
1128,Less than 10% of my time,Somewhat disagree,Strongly agree,Strongly agree,Strongly agree,Somewhat disagree,Strongly agree,50% - About half of my time,100% - I spent all of my time remote working,Strongly agree,Strongly agree,Somewhat agree,Somewhat agree
1129,Less than 10% of my time,Somewhat disagree,Strongly agree,Strongly agree,Strongly agree,Somewhat disagree,Strongly agree,50% - About half of my time,100% - I spent all of my time remote working,Strongly agree,Strongly agree,Somewhat agree,Somewhat agree
1130,Less than 10% of my time,Somewhat disagree,Strongly agree,Strongly agree,Strongly agree,Somewhat disagree,Strongly agree,50% - About half of my time,100% - I spent all of my time remote working,Strongly agree,Strongly agree,Somewhat agree,Somewhat agree
1131,Less than 10% of my time,Somewhat disagree,Strongly agree,Strongly agree,Strongly agree,Somewhat disagree,Strongly agree,50% - About half of my time,100% - I spent all of my time remote working,Strongly agree,Strongly agree,Somewhat agree,Strongly agree
1132,Less than 10% of my time,Somewhat disagree,Strongly agree,Strongly agree,Strongly agree,Somewhat disagree,Strongly agree,50% - About half of my time,100% - I spent all of my time remote working,Strongly agree,Strongly agree,Strongly agree,Strongly agree
1133,Less than 10% of my time,Somewhat disagree,Strongly agree,Strongly agree,Strongly agree,Somewhat disagree,Strongly agree,50% - About half of my time,100% - I spent all of my time remote working,Strongly agree,Strongly agree,Strongly agree,Strongly agree
1134,Less than 10% of my time,Somewhat disagree,Strongly agree,Strongly agree,Strongly agree,Somewhat disagree,Strongly agree,50% - About half of my time,100% - I spent all of my time remote working,Strongly agree,Strongly agree,Strongly agree,Strongly agree
1135,Less than 10% of my time,Somewhat disagree,Strongly agree,Strongly agree,Strongly agree,Somewhat disagree,Strongly agree,50% - About half of my time,100% - I spent all of my time remote working,Strongly agree,Strongly agree,Strongly agree,Strongly agree
1136,Less than 10% of my time,Somewhat disagree,Strongly agree,Strongly agree,Strongly agree,Somewhat disagree,Strongly agree,50% - About half of my time,100% - I spent all of my time remote working,Strongly agree,Strongly agree,Neither agree nor disagree,Neither agree nor disagree
1137,Less than 10% of my time,Somewhat disagree,Strongly agree,Strongly agree,Strongly agree,Somewhat disagree,Strongly agree,50% - About half of my time,100% - I spent all of my time remote working,Strongly agree,Strongly agree,Strongly agree,Strongly agree
1138,Less than 10% of my time,Somewhat disagree,Strongly agree,Strongly agree,Strongly agree,Somewhat disagree,Strongly agree,50% - About half of my time,100% - I spent all of my time remote working,Strongly agree,Strongly agree,Somewhat disagree,Somewhat disagree
1139,Less than 10% of my time,Somewhat disagree,Strongly agree,Strongly agree,Strongly agree,Somewhat disagree,Strongly agree,50% - About half of my time,100% - I spent all of my time remote working,Strongly agree,Strongly agree,Strongly agree,Strongly agree
1140,Less than 10% of my time,Somewhat disagree,Strongly agree,Strongly agree,Strongly agree,Somewhat disagree,Strongly agree,50% - About half of my time,100% - I spent all of my time remote working,Strongly agree,Strongly agree,Somewhat agree,Somewhat agree
1141,Less than 10% of my time,Somewhat disagree,Strongly agree,Strongly agree,Strongly agree,Somewhat disagree,Strongly agree,50% - About half of my time,100% - I spent all of my time remote working,Strongly agree,Strongly agree,Strongly agree,Strongly agree
1142,Less than 10% of my time,Somewhat disagree,Strongly agree,Strongly agree,Strongly agree,Somewhat disagree,Strongly agree,50% - About half of my time,100% - I spent all of my time remote working,Strongly agree,Strongly agree,Strongly agree,Strongly agree
1143,Less than 10% of my time,Somewhat disagree,Strongly agree,Strongly agree,Strongly agree,Somewhat disagree,Strongly agree,50% - About half of my time,100% - I spent all of my time remote working,Strongly agree,Strongly agree,Somewhat agree,Somewhat agree
1144,Less than 10% of my time,Somewhat disagree,Strongly agree,Strongly agree,Strongly agree,Somewhat disagree,Strongly agree,50% - About half of my time,100% - I spent all of my time remote working,Strongly agree,Strongly agree,Strongly agree,Strongly agree
1145,Less than 10% of my time,Somewhat disagree,Strongly agree,Strongly agree,Strongly agree,Somewhat disagree,Strongly agree,50% - About half of my time,100% - I spent all of my time remote working,Strongly agree,Strongly agree,Somewhat agree,Neither agree nor disagree
1146,Less than 10% of my time,Somewhat disagree,Strongly agree,Strongly agree,Strongly agree,Somewhat disagree,Strongly agree,50% - About half of my time,100% - I spent all of my time remote working,Strongly agree,Strongly agree,Strongly agree,Strongly agree
1147,Less than 10% of my time,Somewhat disagree,Strongly agree,Strongly agree,Strongly agree,Somewhat disagree,Strongly agree,50% - About half of my time,100% - I spent all of my time remote working,Strongly agree,Strongly agree,Strongly agree,Strongly agree
1148,Less than 10% of my time,Somewhat disagree,Strongly agree,Strongly agree,Strongly agree,Somewhat disagree,Strongly agree,50% - About half of my time,100% - I spent all of my time remote working,Strongly agree,Strongly agree,Strongly agree,Strongly agree
1149,Less than 10% of my time,Strongly agree,Strongly agree,Strongly agree,Strongly agree,Somewhat disagree,Strongly agree,50% - About half of my time,100% - I spent all of my time remote working,Strongly agree,Strongly agree,Somewhat agree,Strongly agree
1150,Less than 10% of my time,Strongly agree,Strongly agree,Strongly agree,Strongly agree,Somewhat disagree,Strongly agree,50% - About half of my time,100% - I spent all of my time remote working,Strongly agree,Strongly agree,Somewhat agree,Somewhat agree
1151,Less than 10% of my time,Strongly agree,Strongly agree,Strongly agree,Strongly agree,Somewhat disagree,Strongly agree,50% - About half of my time,100% - I spent all of my time remote working,Strongly agree,Strongly agree,Somewhat agree,Strongly agree
1152,Less than 10% of my time,Strongly agree,Strongly agree,Strongly agree,Strongly agree,Somewhat disagree,Strongly agree,50% - About half of my time,100% - I spent all of my time remote working,Strongly agree,Strongly agree,Somewhat disagree,Strongly disagree
1153,Less than 10% of my time,Strongly agree,Strongly agree,Strongly agree,Strongly agree,Somewhat disagree,Strongly agree,50% - About half of my time,100% - I spent all of my time remote working,Strongly agree,Strongly agree,Somewhat agree,Strongly agree
1154,Less than 10% of my time,Strongly agree,Strongly agree,Strongly agree,Strongly agree,Somewhat disagree,Strongly agree,50% - About half of my time,100% - I spent all of my time remote working,Strongly agree,Strongly agree,Somewhat disagree,Somewhat agree
1155,Less than 10% of my time,Strongly agree,Strongly agree,Strongly agree,Strongly agree,Somewhat disagree,Strongly agree,50% - About half of my time,100% - I spent all of my time remote working,Strongly agree,Strongly agree,Strongly agree,Strongly agree
1156,Less than 10% of my time,Strongly agree,Strongly agree,Strongly agree,Strongly agree,Somewhat disagree,Strongly agree,50% - About half of my time,100% - I spent all of my time remote working,Strongly agree,Strongly agree,Somewhat agree,Strongly agree
1157,Less than 10% of my time,Strongly agree,Strongly agree,Strongly agree,Strongly agree,Somewhat disagree,Strongly agree,50% - About half of my time,100% - I spent all of my time remote working,Strongly agree,Strongly agree,Strongly agree,Strongly agree
1158,Less than 10% of my time,Strongly agree,Strongly agree,Strongly agree,Strongly agree,Somewhat disagree,Strongly agree,50% - About half of my time,100% - I spent all of my time remote working,Strongly agree,Strongly agree,Somewhat agree,Somewhat agree
1159,Less than 10% of my time,Strongly agree,Strongly agree,Strongly agree,Strongly agree,Somewhat disagree,Strongly agree,50% - About half of my time,100% - I spent all of my time remote working,Strongly agree,Strongly agree,Strongly agree,Strongly agree
1160,Less than 10% of my time,Strongly agree,Strongly agree,Strongly agree,Strongly agree,Strongly agree,Strongly agree,50% - About half of my time,100% - I spent all of my time remote working,Strongly agree,Strongly agree,Strongly agree,Strongly agree
1161,Less than 10% of my time,Strongly agree,Strongly agree,Strongly agree,Strongly agree,Strongly agree,Strongly agree,50% - About half of my time,100% - I spent all of my time remote working,Strongly agree,Strongly agree,Strongly agree,Strongly agree
1162,Less than 10% of my time,Strongly agree,Strongly agree,Strongly agree,Strongly agree,Strongly agree,Strongly agree,50% - About half of my time,100% - I spent all of my time remote working,Strongly agree,Strongly agree,Neither agree nor disagree,Neither agree nor disagree
1163,Less than 10% of my time,Strongly agree,Strongly agree,Strongly agree,Strongly agree,Strongly agree,Strongly agree,50% - About half of my time,100% - I spent all of my time remote working,Strongly agree,Strongly agree,Somewhat disagree,Somewhat disagree
1164,Less than 10% of my time,Strongly agree,Strongly agree,Strongly agree,Strongly agree,Strongly agree,Strongly agree,50% - About half of my time,100% - I spent all of my time remote working,Strongly agree,Strongly agree,Neither agree nor disagree,Neither agree nor disagree
1165,Less than 10% of my time,Strongly agree,Strongly agree,Strongly agree,Strongly agree,Strongly agree,Strongly agree,50% - About half of my time,100% - I spent all of my time remote working,Strongly agree,Strongly agree,Strongly disagree,Neither agree nor disagree
1166,Less than 10% of my time,Strongly agree,Strongly agree,Strongly agree,Strongly agree,Strongly agree,Strongly agree,50% - About half of my time,100% - I spent all of my time remote working,Strongly agree,Strongly agree,Strongly agree,Somewhat agree
1167,Less than 10% of my time,Strongly agree,Strongly agree,Strongly agree,Strongly agree,Strongly agree,Strongly agree,50% - About half of my time,100% - I spent all of my time remote working,Strongly agree,Strongly agree,Somewhat agree,Strongly agree
1168,Less than 10% of my time,Strongly agree,Strongly agree,Strongly agree,Strongly agree,Strongly agree,Strongly agree,50% - About half of my time,100% - I spent all of my time remote working,Strongly agree,Strongly agree,Strongly agree,Strongly agree
1169,Less than 10% of my time,Strongly agree,Strongly agree,Strongly agree,Strongly agree,Strongly agree,Strongly agree,50% - About half of my time,100% - I spent all of my time remote working,Strongly agree,Strongly agree,Strongly agree,Strongly agree
1170,Less than 10% of my time,Strongly agree,Strongly agree,Strongly agree,Strongly agree,Strongly agree,Strongly agree,50% - About half of my time,100% - I spent all of my time remote working,Strongly agree,Strongly agree,Somewhat agree,Strongly agree
1171,Less than 10% of my time,Strongly agree,Strongly agree,Strongly agree,Strongly agree,Strongly agree,Strongly agree,50% - About half of my time,100% - I spent all of my time remote working,Strongly agree,Strongly agree,Somewhat agree,Somewhat agree
1172,Less than 10% of my time,Strongly agree,Strongly agree,Strongly agree,Strongly agree,Strongly agree,Strongly agree,50% - About half of my time,100% - I spent all of my time remote working,Strongly agree,Strongly agree,Strongly agree,Strongly agree
1173,Less than 10% of my time,Strongly agree,Strongly agree,Strongly agree,Strongly agree,Strongly agree,Strongly agree,50% - About half of my time,100% - I spent all of my time remote working,Strongly agree,Strongly agree,Somewhat agree,Somewhat agree
1174,Less than 10% of my time,Strongly agree,Strongly agree,Strongly agree,Strongly agree,Strongly agree,Strongly agree,50% - About half of my time,100% - I spent all of my time remote working,Strongly agree,Strongly agree,Neither agree nor disagree,Somewhat agree
1175,Less than 10% of my time,Strongly agree,Strongly agree,Strongly agree,Strongly agree,Strongly agree,Strongly agree,50% - About half of my time,100% - I spent all of my time remote working,Strongly agree,Strongly agree,Somewhat agree,Somewhat agree
1176,Less than 10% of my time,Strongly agree,Strongly agree,Strongly agree,Strongly agree,Strongly agree,Strongly agree,50% - About half of my time,100% - I spent all of my time remote working,Strongly agree,Strongly agree,Somewhat disagree,Somewhat disagree
1177,Less than 10% of my time,Strongly agree,Strongly agree,Strongly agree,Strongly agree,Strongly agree,Strongly agree,50% - About half of my time,100% - I spent all of my time remote working,Strongly agree,Strongly agree,Strongly agree,Strongly agree
1178,Less than 10% of my time,Strongly agree,Strongly agree,Strongly agree,Strongly agree,Strongly agree,Strongly agree,50% - About half of my time,100% - I spent all of my time remote working,Strongly agree,Strongly agree,Strongly agree,Strongly agree
1179,Less than 10% of my time,Strongly agree,Strongly agree,Strongly agree,Strongly agree,Strongly agree,Strongly agree,50% - About half of my time,100% - I spent all of my time remote working,Strongly agree,Strongly agree,Somewhat agree,Somewhat agree
1180,Less than 10% of my time,Strongly agree,Strongly agree,Strongly agree,Strongly agree,Strongly agree,Strongly agree,50% - About half of my time,100% - I spent all of my time remote working,Strongly agree,Strongly agree,Somewhat agree,Strongly agree
1181,Less than 10% of my time,Strongly agree,Strongly agree,Strongly agree,Strongly agree,Strongly agree,Strongly agree,50% - About half of my time,100% - I spent all of my time remote working,Strongly agree,Strongly agree,Somewhat disagree,Neither agree nor disagree
1182,Less than 10% of my time,Strongly agree,Strongly agree,Strongly agree,Strongly agree,Strongly agree,Strongly agree,50% - About half of my time,100% - I spent all of my time remote working,Strongly agree,Strongly agree,Strongly agree,Strongly agree
1183,Less than 10% of my time,Strongly agree,Strongly agree,Strongly agree,Strongly agree,Strongly agree,Strongly agree,50% - About half of my time,100% - I spent all of my time remote working,Strongly agree,Strongly agree,NA,NA
1184,Less than 10% of my time,Strongly agree,Strongly agree,Strongly agree,Strongly agree,Strongly agree,Strongly agree,50% - About half of my time,100% - I spent all of my time remote working,Strongly agree,Strongly agree,Somewhat disagree,Somewhat disagree
1185,Less than 10% of my time,Strongly agree,Strongly agree,Strongly agree,Strongly agree,Strongly agree,Strongly agree,50% - About half of my time,100% - I spent all of my time remote working,Strongly agree,Strongly agree,Somewhat agree,Somewhat agree
1186,Less than 10% of my time,Strongly agree,Strongly agree,Strongly agree,Strongly agree,Strongly agree,Strongly agree,50% - About half of my time,100% - I spent all of my time remote working,Strongly agree,Strongly agree,Neither agree nor disagree,Neither agree nor disagree
1187,Less than 10% of my time,Strongly agree,Strongly agree,Strongly agree,Strongly agree,Strongly agree,Strongly agree,50% - About half of my time,100% - I spent all of my time remote working,Strongly agree,Strongly agree,Somewhat agree,Somewhat agree
1188,Less than 10% of my time,Strongly agree,Strongly agree,Strongly agree,Strongly agree,Strongly agree,Strongly agree,50% - About half of my time,100% - I spent all of my time remote working,Strongly agree,Strongly agree,Strongly agree,Strongly agree
1189,Less than 10% of my time,Strongly agree,Strongly agree,Strongly agree,Strongly agree,Strongly agree,Strongly agree,50% - About half of my time,100% - I spent all of my time remote working,Strongly agree,Strongly agree,Somewhat agree,Strongly agree
1190,Less than 10% of my time,Strongly agree,Strongly agree,Strongly agree,Strongly agree,Strongly agree,Strongly agree,50% - About half of my time,100% - I spent all of my time remote working,Strongly agree,Strongly agree,Somewhat agree,Somewhat agree
1191,Less than 10% of my time,Strongly agree,Strongly agree,Strongly agree,Strongly agree,Strongly agree,Strongly agree,50% - About half of my time,100% - I spent all of my time remote working,Strongly agree,Strongly agree,Somewhat agree,Somewhat disagree
1192,Less than 10% of my time,Strongly agree,Strongly agree,Strongly agree,Strongly agree,Strongly agree,Strongly agree,50% - About half of my time,100% - I spent all of my time remote working,Strongly agree,Strongly agree,Somewhat disagree,Neither agree nor disagree
1193,Less than 10% of my time,Strongly agree,Strongly agree,Strongly agree,Strongly agree,Strongly agree,Strongly agree,50% - About half of my time,100% - I spent all of my time remote working,Strongly agree,Strongly agree,Strongly agree,Strongly agree
1194,Less than 10% of my time,Strongly agree,Strongly agree,Strongly agree,Strongly agree,Strongly agree,Strongly agree,50% - About half of my time,100% - I spent all of my time remote working,Strongly agree,Strongly agree,Strongly agree,Strongly agree
1195,Less than 10% of my time,Strongly agree,Strongly agree,Strongly agree,Strongly agree,Strongly agree,Strongly agree,50% - About half of my time,100% - I spent all of my time remote working,Strongly agree,Strongly agree,Somewhat agree,Strongly agree
1196,Less than 10% of my time,Strongly agree,Strongly agree,Strongly agree,Strongly agree,Strongly agree,Strongly agree,50% - About half of my time,100% - I spent all of my time remote working,Strongly agree,Strongly agree,Strongly agree,Strongly agree
1197,Less than 10% of my time,Strongly agree,Strongly agree,Strongly agree,Strongly agree,Strongly agree,Strongly agree,50% - About half of my time,100% - I spent all of my time remote working,Strongly agree,Strongly agree,Neither agree nor disagree,Somewhat agree
1198,Less than 10% of my time,Strongly agree,Strongly agree,Strongly agree,Strongly agree,Strongly agree,Strongly agree,50% - About half of my time,100% - I spent all of my time remote working,Strongly agree,Strongly agree,Strongly agree,Strongly agree
1199,Less than 10% of my time,Strongly agree,Strongly agree,Strongly agree,Strongly agree,Strongly agree,Strongly agree,50% - About half of my time,100% - I spent all of my time remote working,Strongly agree,Strongly agree,Somewhat agree,Strongly agree
1200,Less than 10% of my time,Strongly agree,Strongly agree,Strongly agree,Strongly agree,Strongly agree,Strongly agree,50% - About half of my time,100% - I spent all of my time remote working,Strongly agree,Strongly agree,Strongly agree,Strongly agree
1201,Less than 10% of my time,Strongly agree,Strongly agree,Strongly agree,Strongly agree,Strongly agree,Strongly agree,50% - About half of my time,100% - I spent all of my time remote working,Strongly agree,Strongly agree,Strongly agree,Strongly agree
1202,Less than 10% of my time,Strongly agree,Strongly agree,Strongly agree,Strongly agree,Strongly agree,Strongly agree,50% - About half of my time,100% - I spent all of my time remote working,Strongly agree,Strongly agree,Somewhat agree,Somewhat agree
1203,Less than 10% of my time,Strongly agree,Strongly agree,Strongly agree,Strongly agree,Strongly agree,Strongly agree,50% - About half of my time,100% - I spent all of my time remote working,Strongly agree,Strongly agree,Strongly agree,Strongly agree
1204,Less than 10% of my time,Strongly agree,Strongly agree,Strongly agree,Strongly agree,Strongly agree,Strongly agree,50% - About half of my time,100% - I spent all of my time remote working,Strongly agree,Strongly agree,Strongly agree,Strongly agree
1205,Less than 10% of my time,Strongly agree,Strongly agree,Strongly agree,Strongly agree,Strongly agree,Strongly agree,50% - About half of my time,100% - I spent all of my time remote working,Strongly agree,Strongly agree,Somewhat agree,Strongly agree
1206,Less than 10% of my time,Strongly agree,Strongly agree,Strongly agree,Strongly agree,Strongly agree,Strongly agree,50% - About half of my time,100% - I spent all of my time remote working,Strongly agree,Strongly agree,Somewhat disagree,Strongly agree
1207,Less than 10% of my time,Strongly agree,Strongly agree,Strongly agree,Strongly agree,Strongly agree,Strongly agree,50% - About half of my time,100% - I spent all of my time remote working,Strongly agree,Strongly agree,Neither agree nor disagree,Somewhat agree
1208,Less than 10% of my time,Strongly agree,Strongly agree,Strongly agree,Strongly agree,Strongly agree,Strongly agree,50% - About half of my time,100% - I spent all of my time remote working,Strongly agree,Strongly agree,Somewhat agree,Strongly agree
1209,Less than 10% of my time,Strongly agree,Strongly agree,Strongly agree,Strongly agree,Strongly agree,Strongly agree,50% - About half of my time,100% - I spent all of my time remote working,Strongly agree,Strongly agree,Somewhat agree,Strongly agree
1210,Less than 10% of my time,Strongly agree,Strongly agree,Strongly agree,Strongly agree,Strongly agree,Strongly agree,50% - About half of my time,100% - I spent all of my time remote working,Strongly agree,Strongly agree,Strongly agree,Strongly agree
1211,Less than 10% of my time,Strongly agree,Strongly agree,Strongly agree,Strongly agree,Strongly agree,Strongly agree,50% - About half of my time,100% - I spent all of my time remote working,Strongly agree,Strongly agree,Strongly agree,Strongly agree
1212,Less than 10% of my time,Strongly agree,Strongly agree,Strongly agree,Strongly agree,Strongly agree,Strongly agree,50% - About half of my time,100% - I spent all of my time remote working,Strongly agree,Strongly agree,Strongly agree,Somewhat agree
1213,Less than 10% of my time,Strongly agree,Strongly agree,Strongly agree,Strongly agree,Strongly agree,Strongly agree,50% - About half of my time,100% - I spent all of my time remote working,Strongly agree,Strongly agree,Strongly agree,Strongly agree
1214,Less than 10% of my time,Strongly agree,Strongly agree,Strongly agree,Strongly agree,Strongly agree,Strongly agree,50% - About half of my time,100% - I spent all of my time remote working,Strongly agree,Strongly agree,Strongly agree,Strongly agree
1215,Less than 10% of my time,Strongly agree,Strongly agree,Strongly agree,Strongly agree,Strongly agree,Strongly agree,50% - About half of my time,100% - I spent all of my time remote working,Strongly agree,Strongly agree,Somewhat agree,Somewhat agree
1216,Less than 10% of my time,Strongly agree,Strongly agree,Strongly agree,Strongly agree,Strongly agree,Strongly agree,50% - About half of my time,100% - I spent all of my time remote working,Strongly agree,Strongly agree,Strongly agree,Strongly agree
1217,Less than 10% of my time,Strongly agree,Strongly agree,Strongly agree,Strongly agree,Strongly agree,Strongly agree,50% - About half of my time,100% - I spent all of my time remote working,Strongly agree,Strongly agree,Strongly agree,Strongly agree
1218,Less than 10% of my time,Strongly agree,Strongly agree,Strongly agree,Strongly agree,Strongly agree,Strongly agree,50% - About half of my time,100% - I spent all of my time remote working,Strongly agree,Strongly agree,Strongly agree,Strongly agree
1219,Less than 10% of my time,Strongly agree,Strongly agree,Strongly agree,Strongly agree,Strongly agree,Strongly agree,50% - About half of my time,100% - I spent all of my time remote working,Strongly agree,Strongly agree,Strongly agree,Strongly agree
1220,Less than 10% of my time,Strongly agree,Strongly agree,Strongly agree,Strongly agree,Strongly agree,Strongly agree,50% - About half of my time,100% - I spent all of my time remote working,Strongly agree,Strongly agree,Neither agree nor disagree,Strongly agree
1221,Less than 10% of my time,Strongly agree,Strongly agree,Strongly agree,Strongly agree,Strongly agree,Strongly agree,50% - About half of my time,100% - I spent all of my time remote working,Strongly agree,Strongly agree,Somewhat agree,Somewhat agree
1222,Less than 10% of my time,Strongly agree,Strongly agree,Strongly agree,Strongly agree,Strongly agree,Strongly agree,50% - About half of my time,100% - I spent all of my time remote working,Strongly agree,Strongly agree,Strongly agree,Strongly agree
1223,Less than 10% of my time,Strongly agree,Strongly agree,Strongly agree,Strongly agree,Strongly agree,Strongly agree,50% - About half of my time,100% - I spent all of my time remote working,Strongly agree,Strongly agree,Neither agree nor disagree,Neither agree nor disagree
1224,Less than 10% of my time,Strongly agree,Strongly agree,Strongly agree,Strongly agree,Strongly agree,Strongly agree,50% - About half of my time,100% - I spent all of my time remote working,Strongly agree,Strongly agree,Strongly agree,Strongly agree
1225,Less than 10% of my time,Strongly agree,Strongly agree,Strongly agree,Strongly agree,Strongly agree,Strongly agree,50% - About half of my time,100% - I spent all of my time remote working,Strongly agree,Strongly agree,Somewhat agree,Strongly agree
1226,Less than 10% of my time,Strongly agree,Strongly agree,Strongly agree,Strongly agree,Strongly agree,Strongly agree,50% - About half of my time,100% - I spent all of my time remote working,Strongly agree,Strongly agree,Strongly agree,Neither agree nor disagree
1227,Less than 10% of my time,Strongly agree,Strongly agree,Strongly agree,Strongly agree,Strongly agree,Strongly agree,50% - About half of my time,100% - I spent all of my time remote working,Strongly agree,Strongly agree,Strongly agree,Strongly agree
1228,Less than 10% of my time,Strongly agree,Strongly agree,Strongly agree,Strongly agree,Strongly agree,Strongly agree,50% - About half of my time,100% - I spent all of my time remote working,Strongly agree,Strongly agree,Strongly agree,Strongly agree
1229,Less than 10% of my time,Strongly agree,Strongly agree,Strongly agree,Strongly agree,Strongly agree,Strongly agree,50% - About half of my time,100% - I spent all of my time remote working,Strongly agree,Strongly agree,Somewhat agree,Strongly agree
1230,Less than 10% of my time,Strongly agree,Strongly agree,Strongly agree,Strongly agree,Strongly agree,Strongly agree,50% - About half of my time,100% - I spent all of my time remote working,Strongly agree,Strongly agree,Neither agree nor disagree,Strongly agree
1231,Less than 10% of my time,Strongly agree,Strongly agree,Strongly agree,Strongly agree,Strongly agree,Strongly agree,50% - About half of my time,100% - I spent all of my time remote working,Strongly agree,Strongly agree,Strongly agree,Strongly agree
1232,Less than 10% of my time,Strongly agree,Strongly agree,Strongly agree,Strongly agree,Strongly agree,Strongly agree,50% - About half of my time,100% - I spent all of my time remote working,Strongly agree,Strongly agree,Strongly agree,Strongly agree
1233,Less than 10% of my time,Strongly agree,Strongly agree,Strongly agree,Strongly agree,Strongly agree,Strongly agree,50% - About half of my time,100% - I spent all of my time remote working,Strongly agree,Strongly agree,Strongly agree,Somewhat agree
1234,Less than 10% of my time,Strongly agree,Strongly agree,Strongly agree,Strongly agree,Strongly agree,Strongly agree,50% - About half of my time,100% - I spent all of my time remote working,Strongly agree,Strongly agree,Strongly agree,Strongly agree
1235,Less than 10% of my time,Strongly agree,Strongly agree,Strongly agree,Strongly agree,Strongly agree,Strongly agree,50% - About half of my time,100% - I spent all of my time remote working,Strongly agree,Strongly agree,Strongly agree,Strongly agree
1236,Less than 10% of my time,Strongly agree,Strongly agree,Strongly agree,Strongly agree,Strongly agree,Strongly agree,50% - About half of my time,100% - I spent all of my time remote working,Strongly agree,Strongly agree,Strongly agree,Strongly agree
1237,Less than 10% of my time,Strongly agree,Strongly agree,Strongly agree,Strongly agree,Strongly agree,Strongly agree,50% - About half of my time,100% - I spent all of my time remote working,Strongly agree,Strongly agree,Strongly agree,Strongly agree
1238,Less than 10% of my time,Strongly agree,Strongly agree,Strongly agree,Strongly agree,Strongly agree,Strongly agree,50% - About half of my time,100% - I spent all of my time remote working,Strongly agree,Strongly agree,Somewhat agree,Strongly agree
1239,Less than 10% of my time,Strongly agree,Strongly agree,Strongly agree,Strongly agree,Strongly agree,Strongly agree,50% - About half of my time,100% - I spent all of my time remote working,Strongly agree,Strongly agree,Strongly agree,Strongly agree
1240,Less than 10% of my time,Strongly agree,Strongly agree,Strongly agree,Strongly agree,Strongly agree,Strongly agree,50% - About half of my time,100% - I spent all of my time remote working,Strongly agree,Strongly agree,Strongly agree,Strongly agree
1241,Less than 10% of my time,Strongly agree,Strongly agree,Strongly agree,Strongly agree,Strongly agree,Strongly agree,50% - About half of my time,100% - I spent all of my time remote working,Strongly agree,Strongly agree,Strongly agree,Strongly agree
1242,Less than 10% of my time,Strongly agree,Strongly agree,Strongly agree,Strongly agree,Strongly agree,Strongly agree,50% - About half of my time,100% - I spent all of my time remote working,Strongly agree,Strongly agree,Strongly agree,Strongly agree
1243,Less than 10% of my time,Strongly agree,Strongly agree,Strongly agree,Strongly agree,Strongly agree,Strongly agree,50% - About half of my time,100% - I spent all of my time remote working,Strongly agree,Strongly agree,Strongly agree,Strongly agree
1244,Less than 10% of my time,Strongly agree,Strongly agree,Strongly agree,Strongly agree,Strongly agree,Strongly agree,50% - About half of my time,100% - I spent all of my time remote working,Strongly agree,Strongly agree,Strongly agree,Strongly agree
1245,Less than 10% of my time,Strongly agree,Strongly agree,Strongly agree,Strongly agree,Strongly agree,Strongly agree,50% - About half of my time,100% - I spent all of my time remote working,Strongly agree,Strongly agree,Strongly agree,Strongly agree
1246,Less than 10% of my time,Strongly agree,Strongly agree,Strongly agree,Strongly agree,Strongly agree,Strongly agree,50% - About half of my time,100% - I spent all of my time remote working,Strongly agree,Strongly agree,Strongly agree,Strongly agree
1247,Less than 10% of my time,Strongly agree,Strongly agree,Strongly agree,Strongly agree,Strongly agree,Strongly agree,50% - About half of my time,100% - I spent all of my time remote working,Strongly agree,Strongly agree,Neither agree nor disagree,Strongly agree
1248,Less than 10% of my time,Strongly agree,Strongly agree,Strongly agree,Strongly agree,Strongly agree,Strongly agree,50% - About half of my time,100% - I spent all of my time remote working,Strongly agree,Strongly agree,Strongly agree,Strongly agree
1249,Less than 10% of my time,Strongly agree,Strongly agree,Strongly agree,Strongly agree,Strongly agree,Strongly agree,50% - About half of my time,100% - I spent all of my time remote working,Strongly agree,Strongly agree,Strongly agree,Strongly agree
1250,Less than 10% of my time,Strongly agree,Strongly agree,Strongly agree,Strongly agree,Strongly agree,Strongly agree,50% - About half of my time,100% - I spent all of my time remote working,Strongly agree,Strongly agree,Strongly agree,Somewhat agree
1251,Less than 10% of my time,Strongly agree,Strongly agree,Strongly agree,Strongly agree,Strongly agree,Strongly agree,50% - About half of my time,100% - I spent all of my time remote working,Strongly agree,Strongly agree,Strongly agree,Strongly agree
1252,Less than 10% of my time,Strongly agree,Strongly agree,Strongly agree,Strongly agree,Strongly agree,Strongly agree,50% - About half of my time,100% - I spent all of my time remote working,Strongly agree,Strongly agree,Somewhat agree,Somewhat agree
1253,Less than 10% of my time,Strongly agree,Strongly agree,Strongly agree,Strongly agree,Strongly agree,Strongly agree,50% - About half of my time,100% - I spent all of my time remote working,Strongly agree,Strongly agree,Strongly agree,Strongly agree
1254,Less than 10% of my time,Strongly agree,Strongly agree,Strongly agree,Strongly agree,Strongly agree,Strongly agree,50% - About half of my time,100% - I spent all of my time remote working,Strongly agree,Strongly agree,Strongly agree,Strongly agree
1255,Less than 10% of my time,Strongly agree,Strongly agree,Strongly agree,Strongly agree,Strongly agree,Strongly agree,50% - About half of my time,100% - I spent all of my time remote working,Strongly agree,Strongly agree,Strongly agree,Strongly agree
1256,Less than 10% of my time,Strongly agree,Strongly agree,Strongly agree,Strongly agree,Strongly agree,Strongly agree,50% - About half of my time,50% - I spent about half of my time remote working,Strongly agree,Strongly agree,Strongly agree,Strongly agree
1257,Less than 10% of my time,Strongly agree,Strongly agree,Strongly agree,Strongly agree,Strongly agree,Strongly agree,50% - About half of my time,50% - I spent about half of my time remote working,Strongly agree,Strongly agree,Strongly agree,Neither agree nor disagree
1258,Rarely or never ,Strongly agree,Strongly agree,Strongly agree,Strongly agree,Strongly agree,Strongly agree,50% - About half of my time,50% - I spent about half of my time remote working,Strongly agree,Strongly agree,Somewhat agree,Strongly agree
1259,Rarely or never ,Strongly agree,Strongly agree,Strongly agree,Strongly agree,Strongly agree,Strongly agree,50% - About half of my time,50% - I spent about half of my time remote working,Strongly agree,Strongly agree,Strongly agree,Strongly agree
1260,Rarely or never ,Strongly agree,Strongly agree,Strongly agree,Strongly agree,Strongly agree,Strongly agree,50% - About half of my time,50% - I spent about half of my time remote working,Strongly agree,Strongly agree,Strongly agree,Strongly agree
1261,Rarely or never ,Strongly agree,Strongly agree,Strongly agree,Strongly agree,Strongly agree,Strongly agree,50% - About half of my time,50% - I spent about half of my time remote working,Strongly agree,Strongly agree,Strongly agree,Strongly agree
1262,Rarely or never ,Strongly agree,Strongly agree,Strongly agree,Strongly agree,Strongly agree,Strongly agree,50% - About half of my time,50% - I spent about half of my time remote working,Strongly agree,Strongly agree,Strongly agree,Strongly agree
1263,Rarely or never ,Strongly agree,Strongly agree,Strongly agree,Strongly agree,Strongly agree,Strongly agree,50% - About half of my time,50% - I spent about half of my time remote working,Strongly agree,Strongly agree,Neither agree nor disagree,Neither agree nor disagree
1264,Rarely or never ,Strongly agree,Strongly agree,Strongly agree,Strongly agree,Strongly agree,Strongly agree,50% - About half of my time,50% - I spent about half of my time remote working,Strongly agree,Strongly agree,Strongly agree,Strongly agree
1265,Rarely or never ,Strongly agree,Strongly agree,Strongly agree,Strongly agree,Strongly agree,Strongly agree,50% - About half of my time,50% - I spent about half of my time remote working,Strongly agree,Strongly agree,Somewhat agree,Somewhat agree
1266,Rarely or never ,Strongly agree,Strongly agree,Strongly agree,Strongly agree,Strongly agree,Strongly agree,50% - About half of my time,50% - I spent about half of my time remote working,Strongly agree,Strongly agree,Strongly agree,Strongly agree
1267,Rarely or never ,Strongly agree,Strongly agree,Strongly agree,Strongly agree,Strongly agree,Strongly agree,50% - About half of my time,50% - I spent about half of my time remote working,Strongly agree,Strongly agree,Somewhat disagree,Neither agree nor disagree
1268,Rarely or never ,Strongly agree,Strongly agree,Strongly agree,Strongly agree,Strongly agree,Strongly agree,50% - About half of my time,50% - I spent about half of my time remote working,Strongly agree,Strongly agree,Somewhat disagree,Somewhat agree
1269,Rarely or never ,Strongly agree,Strongly agree,Strongly agree,Strongly agree,Strongly agree,Strongly agree,50% - About half of my time,50% - I spent about half of my time remote working,Strongly agree,Strongly agree,Strongly agree,Strongly agree
1270,Rarely or never ,Strongly agree,Strongly agree,Strongly agree,Strongly agree,Strongly agree,Strongly agree,50% - About half of my time,50% - I spent about half of my time remote working,Strongly agree,Strongly agree,Somewhat disagree,Somewhat agree
1271,Rarely or never ,Strongly agree,Strongly agree,Strongly agree,Strongly agree,Strongly agree,Strongly agree,50% - About half of my time,50% - I spent about half of my time remote working,Strongly agree,Strongly agree,Somewhat agree,Somewhat agree
1272,Rarely or never ,Strongly agree,Strongly agree,Strongly agree,Strongly agree,Strongly agree,Strongly agree,50% - About half of my time,50% - I spent about half of my time remote working,Strongly agree,Strongly agree,Strongly disagree,Strongly disagree
1273,Rarely or never ,Strongly agree,Strongly agree,Strongly agree,Strongly agree,Strongly agree,Strongly agree,50% - About half of my time,50% - I spent about half of my time remote working,Strongly agree,Strongly agree,Somewhat agree,Somewhat agree
1274,Rarely or never ,Strongly agree,Strongly agree,Strongly agree,Strongly agree,Strongly agree,Strongly agree,I would not have preferred to work remotely ,50% - I spent about half of my time remote working,Strongly agree,Strongly agree,Somewhat agree,Strongly agree
1275,Rarely or never ,Strongly agree,Strongly agree,Strongly agree,Strongly agree,Strongly agree,Strongly agree,I would not have preferred to work remotely ,50% - I spent about half of my time remote working,Strongly agree,Strongly agree,Strongly disagree,Somewhat disagree
1276,Rarely or never ,Strongly agree,Strongly agree,Strongly agree,Strongly agree,Strongly agree,Strongly agree,I would not have preferred to work remotely ,50% - I spent about half of my time remote working,Strongly agree,Strongly agree,Somewhat agree,Somewhat disagree
1277,Rarely or never ,Strongly agree,Strongly agree,Strongly agree,Strongly agree,Strongly agree,Strongly agree,I would not have preferred to work remotely ,50% - I spent about half of my time remote working,Strongly agree,Strongly agree,Somewhat agree,Strongly agree
1278,Rarely or never ,Strongly agree,Strongly agree,Strongly agree,Strongly agree,Strongly agree,Strongly agree,I would not have preferred to work remotely ,50% - I spent about half of my time remote working,Strongly agree,Strongly agree,Strongly agree,Strongly agree
1279,Rarely or never ,Strongly agree,Strongly agree,Strongly agree,Strongly agree,Strongly agree,Strongly agree,I would not have preferred to work remotely ,50% - I spent about half of my time remote working,Strongly agree,Strongly agree,Somewhat agree,Neither agree nor disagree
1280,Rarely or never ,Strongly agree,Strongly agree,Strongly agree,Strongly agree,Strongly agree,Strongly agree,I would not have preferred to work remotely ,50% - I spent about half of my time remote working,Strongly agree,Strongly agree,Strongly agree,Strongly agree
1281,Rarely or never ,Strongly agree,Strongly agree,Strongly agree,Strongly agree,Strongly agree,Strongly agree,I would not have preferred to work remotely ,50% - I spent about half of my time remote working,Strongly agree,Strongly agree,Strongly disagree,Neither agree nor disagree
1282,Rarely or never ,Strongly agree,Strongly agree,Strongly agree,Strongly agree,Strongly agree,Strongly agree,I would not have preferred to work remotely ,50% - I spent about half of my time remote working,Strongly agree,Strongly agree,Somewhat disagree,Somewhat disagree
1283,Rarely or never ,Strongly agree,Strongly agree,Strongly agree,Strongly agree,Strongly agree,Strongly agree,I would not have preferred to work remotely ,50% - I spent about half of my time remote working,Strongly agree,Strongly agree,Strongly agree,Strongly agree
1284,Rarely or never ,Strongly agree,Strongly agree,Strongly agree,Strongly agree,Strongly agree,Strongly agree,I would not have preferred to work remotely ,50% - I spent about half of my time remote working,Strongly agree,Strongly agree,Somewhat agree,Somewhat agree
1285,Rarely or never ,Strongly agree,Strongly agree,Strongly agree,Strongly agree,Strongly agree,Strongly agree,I would not have preferred to work remotely ,50% - I spent about half of my time remote working,Strongly agree,Strongly agree,Strongly disagree,Strongly agree
1286,Rarely or never ,Strongly agree,Strongly agree,Strongly agree,Strongly agree,Strongly agree,Strongly agree,I would not have preferred to work remotely ,50% - I spent about half of my time remote working,Strongly agree,Strongly agree,Somewhat agree,Strongly agree
1287,Rarely or never ,Strongly agree,Strongly agree,Strongly agree,Strongly agree,Strongly agree,Strongly agree,I would not have preferred to work remotely ,50% - I spent about half of my time remote working,Strongly agree,Strongly agree,Somewhat disagree,Somewhat agree
1288,Rarely or never ,Strongly agree,Strongly agree,Strongly agree,Strongly agree,Strongly agree,Strongly agree,I would not have preferred to work remotely ,50% - I spent about half of my time remote working,Strongly agree,Strongly agree,Somewhat agree,Strongly agree
1289,Rarely or never ,Strongly agree,Strongly agree,Strongly agree,Strongly agree,Strongly agree,Strongly agree,I would not have preferred to work remotely ,50% - I spent about half of my time remote working,Strongly agree,Strongly agree,Strongly agree,Somewhat agree
1290,Rarely or never ,Strongly agree,Strongly agree,Strongly agree,Strongly agree,Strongly agree,Strongly agree,I would not have preferred to work remotely ,50% - I spent about half of my time remote working,Strongly agree,Strongly agree,Neither agree nor disagree,Strongly agree
1291,Rarely or never ,Strongly agree,Strongly agree,Strongly agree,Strongly agree,Strongly agree,Strongly agree,I would not have preferred to work remotely ,50% - I spent about half of my time remote working,Strongly agree,Strongly agree,Strongly agree,Strongly agree
1292,Rarely or never ,Strongly agree,Strongly agree,Strongly agree,Strongly agree,Strongly agree,Strongly agree,I would not have preferred to work remotely ,50% - I spent about half of my time remote working,Strongly agree,Strongly agree,Strongly agree,Strongly agree
1293,Rarely or never ,Strongly agree,Strongly agree,Strongly agree,Strongly agree,Strongly agree,Strongly agree,I would not have preferred to work remotely ,50% - I spent about half of my time remote working,Strongly agree,Strongly agree,Neither agree nor disagree,Somewhat disagree
1294,Rarely or never ,Strongly agree,Strongly agree,Strongly agree,Strongly agree,Strongly agree,Strongly agree,I would not have preferred to work remotely ,50% - I spent about half of my time remote working,Strongly agree,Strongly agree,Strongly agree,Strongly agree
1295,Rarely or never ,Strongly agree,Strongly agree,Strongly agree,Strongly agree,Strongly agree,Strongly agree,I would not have preferred to work remotely ,50% - I spent about half of my time remote working,Strongly agree,Strongly agree,Strongly agree,Strongly agree
1296,Rarely or never ,Strongly agree,Strongly agree,Strongly agree,Strongly agree,Strongly agree,Strongly agree,I would not have preferred to work remotely ,50% - I spent about half of my time remote working,Strongly agree,Strongly agree,Somewhat agree,Somewhat agree
1297,Rarely or never ,Strongly agree,Strongly agree,Strongly agree,Strongly agree,Strongly agree,Strongly agree,I would not have preferred to work remotely ,50% - I spent about half of my time remote working,Strongly agree,Strongly agree,Strongly agree,Strongly agree
1298,Rarely or never ,Strongly agree,Strongly agree,Strongly agree,Strongly agree,Strongly agree,Strongly agree,I would not have preferred to work remotely ,50% - I spent about half of my time remote working,Strongly agree,Strongly agree,Somewhat disagree,Somewhat agree
1299,Rarely or never ,Strongly agree,Strongly agree,Strongly agree,Strongly agree,Strongly agree,Strongly agree,I would not have preferred to work remotely ,50% - I spent about half of my time remote working,Strongly agree,Strongly agree,Strongly agree,Strongly agree
1300,Rarely or never ,Strongly agree,Strongly agree,Strongly agree,Strongly agree,Strongly agree,Strongly agree,I would not have preferred to work remotely ,50% - I spent about half of my time remote working,Strongly agree,Strongly agree,Somewhat agree,Somewhat agree
1301,Rarely or never ,Strongly agree,Strongly agree,Strongly agree,Strongly agree,Strongly agree,Strongly agree,I would not have preferred to work remotely ,50% - I spent about half of my time remote working,Strongly agree,Strongly agree,Somewhat disagree,Strongly agree
1302,Rarely or never ,Strongly agree,Strongly agree,Strongly agree,Strongly agree,Strongly agree,Strongly agree,I would not have preferred to work remotely ,50% - I spent about half of my time remote working,Strongly agree,Strongly agree,Somewhat agree,Somewhat agree
1303,Rarely or never ,Strongly agree,Strongly agree,Strongly agree,Strongly agree,Strongly agree,Strongly agree,I would not have preferred to work remotely ,50% - I spent about half of my time remote working,Strongly agree,Strongly agree,Somewhat agree,Somewhat agree
1304,Rarely or never ,Strongly agree,Strongly agree,Strongly agree,Strongly agree,Strongly agree,Strongly agree,I would not have preferred to work remotely ,50% - I spent about half of my time remote working,Strongly agree,Strongly agree,Strongly disagree,Neither agree nor disagree
1305,Rarely or never ,Strongly agree,Strongly agree,Strongly agree,Strongly agree,Strongly agree,Strongly agree,I would not have preferred to work remotely ,50% - I spent about half of my time remote working,Strongly agree,Strongly agree,Strongly agree,Strongly agree
1306,Rarely or never ,Strongly agree,Strongly agree,Strongly agree,Strongly agree,Strongly agree,Strongly agree,I would not have preferred to work remotely ,50% - I spent about half of my time remote working,Strongly agree,Strongly agree,Strongly disagree,Strongly disagree
1307,Rarely or never ,Strongly agree,Strongly agree,Strongly agree,Strongly agree,Strongly agree,Strongly agree,I would not have preferred to work remotely ,50% - I spent about half of my time remote working,Strongly agree,Strongly agree,Strongly disagree,Strongly disagree
1308,Rarely or never ,Strongly agree,Strongly agree,Strongly agree,Strongly agree,Strongly agree,Strongly agree,I would not have preferred to work remotely ,50% - I spent about half of my time remote working,Strongly agree,Strongly agree,Neither agree nor disagree,Somewhat agree
1309,Rarely or never ,Strongly agree,Strongly agree,Strongly agree,Strongly agree,Strongly agree,Strongly agree,I would not have preferred to work remotely ,50% - I spent about half of my time remote working,Strongly agree,Strongly agree,Strongly disagree,Somewhat agree
1310,Rarely or never ,Strongly agree,Strongly agree,Strongly agree,Strongly agree,Strongly agree,Strongly agree,I would not have preferred to work remotely ,50% - I spent about half of my time remote working,Strongly agree,Strongly agree,Somewhat agree,Somewhat agree
1311,Rarely or never ,Strongly agree,Strongly agree,Strongly agree,Strongly agree,Strongly agree,Strongly agree,I would not have preferred to work remotely ,50% - I spent about half of my time remote working,Strongly agree,Strongly agree,Neither agree nor disagree,Strongly agree
1312,Rarely or never ,Strongly agree,Strongly agree,Strongly agree,Strongly agree,Strongly agree,Strongly agree,I would not have preferred to work remotely ,50% - I spent about half of my time remote working,Strongly agree,Strongly agree,Strongly agree,Strongly agree
1313,Rarely or never ,Strongly agree,Strongly agree,Strongly agree,Strongly agree,Strongly agree,Strongly agree,I would not have preferred to work remotely ,50% - I spent about half of my time remote working,Strongly agree,Strongly agree,Somewhat agree,Neither agree nor disagree
1314,Rarely or never ,Strongly agree,Strongly agree,Strongly agree,Strongly agree,Strongly agree,Strongly agree,I would not have preferred to work remotely ,50% - I spent about half of my time remote working,Strongly agree,Strongly agree,Strongly agree,Strongly agree
1315,Rarely or never ,Strongly agree,Strongly agree,Strongly agree,Strongly agree,Strongly agree,Strongly agree,I would not have preferred to work remotely ,50% - I spent about half of my time remote working,Strongly agree,Strongly agree,Somewhat disagree,Strongly disagree
1316,Rarely or never ,Strongly agree,Strongly agree,Strongly agree,Strongly agree,Strongly agree,Strongly agree,I would not have preferred to work remotely ,50% - I spent about half of my time remote working,Strongly agree,Strongly agree,Strongly agree,Somewhat agree
1317,Rarely or never ,Strongly agree,Strongly agree,Strongly agree,Strongly agree,Strongly agree,Strongly agree,I would not have preferred to work remotely ,50% - I spent about half of my time remote working,Strongly agree,Strongly agree,Somewhat agree,Strongly agree
1318,Rarely or never ,Strongly agree,Strongly agree,Strongly agree,Strongly agree,Strongly agree,Strongly agree,I would not have preferred to work remotely ,50% - I spent about half of my time remote working,Strongly agree,Strongly agree,Strongly disagree,Strongly agree
1319,Rarely or never ,Strongly agree,Strongly agree,Strongly agree,Strongly agree,Strongly agree,Strongly agree,I would not have preferred to work remotely ,50% - I spent about half of my time remote working,Strongly agree,Strongly agree,Strongly agree,Strongly agree
1320,Rarely or never ,Strongly agree,Strongly agree,Strongly agree,Strongly agree,Strongly agree,Strongly agree,I would not have preferred to work remotely ,50% - I spent about half of my time remote working,Strongly agree,Strongly agree,Strongly agree,Strongly agree
1321,Rarely or never ,Strongly agree,Strongly agree,Strongly agree,Strongly agree,Strongly agree,Strongly agree,I would not have preferred to work remotely ,50% - I spent about half of my time remote working,Strongly agree,Strongly agree,Strongly agree,Strongly agree
1322,Rarely or never ,Strongly agree,Strongly agree,Strongly agree,Strongly agree,Strongly agree,Strongly agree,I would not have preferred to work remotely ,50% - I spent about half of my time remote working,Strongly agree,Strongly agree,Strongly agree,Strongly agree
1323,Rarely or never ,Strongly agree,Strongly agree,Strongly agree,Strongly agree,Strongly agree,Strongly agree,I would not have preferred to work remotely ,50% - I spent about half of my time remote working,Strongly agree,Strongly agree,Somewhat agree,Neither agree nor disagree
1324,Rarely or never ,Strongly agree,Strongly agree,Strongly agree,Strongly agree,Strongly agree,Strongly agree,I would not have preferred to work remotely ,50% - I spent about half of my time remote working,Strongly agree,Strongly agree,Somewhat agree,Somewhat agree
1325,Rarely or never ,Strongly agree,Strongly agree,Strongly agree,Strongly agree,Strongly agree,Strongly agree,I would not have preferred to work remotely ,50% - I spent about half of my time remote working,Strongly agree,Strongly agree,Somewhat disagree,Strongly agree
1326,Rarely or never ,Strongly agree,Strongly agree,Strongly agree,Strongly agree,Strongly agree,Strongly agree,I would not have preferred to work remotely ,50% - I spent about half of my time remote working,Strongly agree,Strongly agree,Neither agree nor disagree,Somewhat disagree
1327,Rarely or never ,Strongly agree,Strongly agree,Strongly agree,Strongly agree,Strongly agree,Strongly agree,I would not have preferred to work remotely ,50% - I spent about half of my time remote working,Strongly agree,Strongly agree,Strongly agree,Strongly agree
1328,Rarely or never ,Strongly agree,Strongly agree,Strongly agree,Strongly agree,Strongly agree,Strongly agree,I would not have preferred to work remotely ,50% - I spent about half of my time remote working,Strongly agree,Strongly agree,Somewhat disagree,Somewhat agree
1329,Rarely or never ,Strongly agree,Strongly agree,Strongly agree,Strongly agree,Strongly agree,Strongly agree,I would not have preferred to work remotely ,50% - I spent about half of my time remote working,Strongly agree,Strongly agree,Somewhat agree,Strongly agree
1330,Rarely or never ,Strongly agree,Strongly agree,Strongly agree,Strongly agree,Strongly agree,Strongly agree,I would not have preferred to work remotely ,50% - I spent about half of my time remote working,Strongly agree,Strongly agree,Somewhat agree,Somewhat agree
1331,Rarely or never ,Strongly agree,Strongly agree,Strongly agree,Strongly agree,Strongly agree,Strongly agree,I would not have preferred to work remotely ,50% - I spent about half of my time remote working,Strongly agree,Strongly agree,Strongly agree,Somewhat agree
1332,Rarely or never ,Strongly agree,Strongly agree,Strongly agree,Strongly agree,Strongly agree,Strongly agree,I would not have preferred to work remotely ,50% - I spent about half of my time remote working,Strongly agree,Strongly agree,Strongly agree,Strongly agree
1333,Rarely or never ,Strongly agree,Strongly agree,Strongly agree,Strongly agree,Strongly agree,Strongly agree,I would not have preferred to work remotely ,50% - I spent about half of my time remote working,Strongly agree,Strongly agree,Somewhat disagree,Somewhat agree
1334,Rarely or never ,Strongly agree,Strongly agree,Strongly agree,Strongly agree,Strongly agree,Strongly agree,I would not have preferred to work remotely ,50% - I spent about half of my time remote working,Strongly agree,Strongly agree,Neither agree nor disagree,Somewhat agree
1335,Rarely or never ,Strongly agree,Strongly agree,Strongly agree,Strongly agree,Strongly agree,Strongly agree,I would not have preferred to work remotely ,50% - I spent about half of my time remote working,Strongly agree,Strongly agree,Strongly agree,Strongly agree
1336,Rarely or never ,Strongly agree,Strongly agree,Strongly agree,Strongly agree,Strongly agree,Strongly agree,I would not have preferred to work remotely ,50% - I spent about half of my time remote working,Strongly agree,Strongly agree,Strongly disagree,Strongly agree
1337,Rarely or never ,Strongly agree,Strongly agree,Strongly agree,Strongly agree,Strongly agree,Strongly agree,I would not have preferred to work remotely ,50% - I spent about half of my time remote working,Strongly agree,Strongly agree,Somewhat agree,Strongly agree
1338,Rarely or never ,Strongly agree,Strongly agree,Strongly agree,Strongly agree,Strongly agree,Strongly agree,I would not have preferred to work remotely ,50% - I spent about half of my time remote working,Strongly agree,Strongly agree,Somewhat agree,Strongly agree
1339,Rarely or never ,Strongly agree,Strongly agree,Strongly agree,Strongly agree,Strongly agree,Strongly agree,I would not have preferred to work remotely ,50% - I spent about half of my time remote working,Strongly agree,Strongly agree,Neither agree nor disagree,Neither agree nor disagree
1340,Rarely or never ,Strongly agree,Strongly agree,Strongly agree,Strongly agree,Strongly agree,Strongly agree,I would not have preferred to work remotely ,50% - I spent about half of my time remote working,Strongly agree,Strongly agree,Somewhat agree,Somewhat agree
1341,Rarely or never ,Strongly agree,Strongly agree,Strongly agree,Strongly agree,Strongly agree,Strongly agree,I would not have preferred to work remotely ,50% - I spent about half of my time remote working,Strongly agree,Strongly agree,Somewhat agree,Somewhat agree
1342,Rarely or never ,Strongly agree,Strongly agree,Strongly agree,Strongly agree,Strongly agree,Strongly agree,I would not have preferred to work remotely ,50% - I spent about half of my time remote working,Strongly agree,Strongly agree,Somewhat agree,Strongly agree
1343,Rarely or never ,Strongly agree,Strongly agree,Strongly agree,Strongly agree,Strongly agree,Strongly agree,I would not have preferred to work remotely ,50% - I spent about half of my time remote working,Strongly agree,Strongly agree,Strongly agree,Strongly agree
1344,Rarely or never ,Strongly agree,Strongly agree,Strongly agree,Strongly agree,Strongly agree,Strongly agree,I would not have preferred to work remotely ,50% - I spent about half of my time remote working,Strongly agree,Strongly agree,Somewhat agree,Somewhat agree
1345,Rarely or never ,Strongly agree,Strongly agree,Strongly agree,Strongly agree,Strongly agree,Strongly agree,I would not have preferred to work remotely ,50% - I spent about half of my time remote working,Strongly agree,Strongly agree,Strongly agree,Strongly agree
1346,Rarely or never ,Strongly agree,Strongly agree,Strongly agree,Strongly agree,Strongly agree,Strongly agree,I would not have preferred to work remotely ,50% - I spent about half of my time remote working,Strongly agree,Strongly agree,Somewhat agree,Somewhat disagree
1347,Rarely or never ,Strongly agree,Strongly agree,Strongly agree,Strongly agree,Strongly agree,Strongly agree,I would not have preferred to work remotely ,50% - I spent about half of my time remote working,Strongly agree,Strongly agree,NA,NA
1348,Rarely or never ,Strongly agree,Strongly agree,Strongly agree,Strongly agree,Strongly agree,Strongly agree,I would not have preferred to work remotely ,50% - I spent about half of my time remote working,Strongly agree,Strongly agree,Strongly agree,Strongly agree
1349,Rarely or never ,Strongly agree,Strongly agree,Strongly agree,Strongly agree,Strongly agree,Strongly agree,I would not have preferred to work remotely ,50% - I spent about half of my time remote working,Strongly agree,Strongly agree,Somewhat agree,Strongly agree
1350,Rarely or never ,Strongly agree,Strongly agree,Strongly agree,Strongly agree,Strongly agree,Strongly agree,I would not have preferred to work remotely ,50% - I spent about half of my time remote working,Strongly agree,Strongly agree,Somewhat agree,Somewhat agree
1351,Rarely or never ,Strongly agree,Strongly agree,Strongly agree,Strongly agree,Strongly agree,Strongly agree,I would not have preferred to work remotely ,50% - I spent about half of my time remote working,Strongly agree,Strongly agree,Somewhat agree,Somewhat agree
1352,Rarely or never ,Strongly agree,Strongly agree,Strongly agree,Strongly agree,Strongly agree,Strongly agree,I would not have preferred to work remotely ,50% - I spent about half of my time remote working,Strongly agree,Strongly agree,Strongly agree,Strongly agree
1353,Rarely or never ,Strongly agree,Strongly agree,Strongly agree,Strongly agree,Strongly agree,Strongly agree,I would not have preferred to work remotely ,50% - I spent about half of my time remote working,Strongly agree,Strongly agree,Strongly agree,Strongly agree
1354,Rarely or never ,Strongly agree,Strongly agree,Strongly agree,Strongly agree,Strongly agree,Strongly agree,I would not have preferred to work remotely ,50% - I spent about half of my time remote working,Strongly agree,Strongly agree,Somewhat disagree,Strongly agree
1355,Rarely or never ,Strongly agree,Strongly agree,Strongly agree,Strongly agree,Strongly agree,Strongly agree,I would not have preferred to work remotely ,50% - I spent about half of my time remote working,Strongly agree,Strongly agree,NA,NA
1356,Rarely or never ,Strongly agree,Strongly agree,Strongly agree,Strongly agree,Strongly agree,Strongly agree,I would not have preferred to work remotely ,50% - I spent about half of my time remote working,Strongly agree,Strongly agree,Somewhat disagree,Strongly agree
1357,Rarely or never ,Strongly agree,Strongly agree,Strongly agree,Strongly agree,Strongly agree,Strongly agree,I would not have preferred to work remotely ,50% - I spent about half of my time remote working,Strongly agree,Strongly agree,Strongly agree,Strongly agree
1358,Rarely or never ,Strongly agree,Strongly agree,Strongly agree,Strongly agree,Strongly agree,Strongly agree,I would not have preferred to work remotely ,50% - I spent about half of my time remote working,Strongly agree,Strongly agree,Strongly agree,Somewhat agree
1359,Rarely or never ,Strongly agree,Strongly agree,Strongly agree,Strongly agree,Strongly agree,Strongly agree,I would not have preferred to work remotely ,50% - I spent about half of my time remote working,Strongly agree,Strongly agree,Strongly disagree,Strongly agree
1360,Rarely or never ,Strongly agree,Strongly agree,Strongly agree,Strongly agree,Strongly agree,Strongly agree,I would not have preferred to work remotely ,50% - I spent about half of my time remote working,Strongly agree,Strongly agree,Somewhat disagree,Somewhat agree
1361,Rarely or never ,Strongly agree,Strongly agree,Strongly agree,Strongly agree,Strongly agree,Strongly agree,I would not have preferred to work remotely ,50% - I spent about half of my time remote working,Strongly agree,Strongly agree,Somewhat agree,Somewhat disagree
1362,Rarely or never ,Strongly agree,Strongly agree,Strongly agree,Strongly agree,Strongly agree,Strongly agree,I would not have preferred to work remotely ,50% - I spent about half of my time remote working,Strongly agree,Strongly agree,Somewhat disagree,Somewhat disagree
1363,Rarely or never ,Strongly agree,Strongly agree,Strongly agree,Strongly agree,Strongly agree,Strongly agree,I would not have preferred to work remotely ,50% - I spent about half of my time remote working,Strongly agree,Strongly agree,Somewhat agree,Somewhat disagree
1364,Rarely or never ,Strongly agree,Strongly agree,Strongly agree,Strongly agree,Strongly agree,Strongly agree,I would not have preferred to work remotely ,50% - I spent about half of my time remote working,Strongly agree,Strongly agree,Strongly agree,Strongly agree
1365,Rarely or never ,Strongly agree,Strongly agree,Strongly agree,Strongly agree,Strongly agree,Strongly agree,I would not have preferred to work remotely ,50% - I spent about half of my time remote working,Strongly agree,Strongly agree,Somewhat agree,Neither agree nor disagree
1366,Rarely or never ,Strongly agree,Strongly agree,Strongly agree,Strongly agree,Strongly agree,Strongly agree,I would not have preferred to work remotely ,50% - I spent about half of my time remote working,Strongly agree,Strongly agree,Strongly disagree,Neither agree nor disagree
1367,Rarely or never ,Strongly agree,Strongly agree,Strongly agree,Strongly agree,Strongly agree,Strongly agree,I would not have preferred to work remotely ,50% - I spent about half of my time remote working,Strongly agree,Strongly agree,Strongly disagree,Strongly agree
1368,Rarely or never ,Strongly agree,Strongly agree,Strongly agree,Strongly agree,Strongly agree,Strongly agree,I would not have preferred to work remotely ,50% - I spent about half of my time remote working,Strongly agree,Strongly agree,Strongly agree,Strongly agree
1369,Rarely or never ,Strongly agree,Strongly agree,Strongly agree,Strongly agree,Strongly agree,Strongly agree,I would not have preferred to work remotely ,50% - I spent about half of my time remote working,Strongly agree,Strongly agree,Strongly disagree,Strongly agree
1370,Rarely or never ,Strongly agree,Strongly agree,Strongly agree,Strongly agree,Strongly agree,Strongly agree,I would not have preferred to work remotely ,50% - I spent about half of my time remote working,Strongly agree,Strongly agree,Neither agree nor disagree,Somewhat agree
1371,Rarely or never ,Strongly agree,Strongly agree,Strongly agree,Strongly agree,Strongly agree,Strongly agree,I would not have preferred to work remotely ,50% - I spent about half of my time remote working,Strongly agree,Strongly agree,Somewhat agree,Strongly agree
1372,Rarely or never ,Strongly agree,Strongly agree,Strongly agree,Strongly agree,Strongly agree,Strongly agree,I would not have preferred to work remotely ,50% - I spent about half of my time remote working,Strongly agree,Strongly agree,NA,NA
1373,Rarely or never ,Strongly agree,Strongly agree,Strongly agree,Strongly agree,Strongly agree,Strongly agree,I would not have preferred to work remotely ,50% - I spent about half of my time remote working,Strongly agree,Strongly agree,NA,NA
1374,Rarely or never ,Strongly agree,Strongly agree,Strongly agree,Strongly agree,Strongly agree,Strongly agree,I would not have preferred to work remotely ,50% - I spent about half of my time remote working,Strongly agree,Strongly agree,Strongly agree,Strongly agree
1375,Rarely or never ,Strongly agree,Strongly agree,Strongly agree,Strongly agree,Strongly agree,Strongly agree,I would not have preferred to work remotely ,50% - I spent about half of my time remote working,Strongly agree,Strongly agree,Strongly agree,Strongly agree
1376,Rarely or never ,Strongly agree,Strongly agree,Strongly agree,Strongly agree,Strongly agree,Strongly agree,I would not have preferred to work remotely ,50% - I spent about half of my time remote working,Strongly agree,Strongly agree,NA,NA
1377,Rarely or never ,Strongly agree,Strongly agree,Strongly agree,Strongly agree,Strongly agree,Strongly agree,I would not have preferred to work remotely ,50% - I spent about half of my time remote working,Strongly agree,Strongly agree,Strongly disagree,Strongly disagree
1378,Rarely or never ,Strongly agree,Strongly agree,Strongly agree,Strongly agree,Strongly agree,Strongly agree,I would not have preferred to work remotely ,50% - I spent about half of my time remote working,Strongly agree,Strongly agree,Strongly disagree,Neither agree nor disagree
1379,Rarely or never ,Strongly agree,Strongly agree,Strongly agree,Strongly agree,Strongly agree,Strongly agree,I would not have preferred to work remotely ,50% - I spent about half of my time remote working,Strongly agree,Strongly agree,Strongly disagree,Strongly disagree
1380,Rarely or never ,Strongly agree,Strongly agree,Strongly agree,Strongly agree,Strongly agree,Strongly agree,I would not have preferred to work remotely ,50% - I spent about half of my time remote working,Strongly agree,Strongly agree,Strongly agree,Neither agree nor disagree
1381,Rarely or never ,Strongly agree,Strongly agree,Strongly agree,Strongly agree,Strongly agree,Strongly agree,I would not have preferred to work remotely ,50% - I spent about half of my time remote working,Strongly agree,Strongly agree,Strongly agree,Strongly disagree
1382,Rarely or never ,Strongly agree,Strongly agree,Strongly agree,Strongly agree,Strongly agree,Strongly agree,Less than 10% of my time,50% - I spent about half of my time remote working,Strongly agree,Strongly agree,Somewhat agree,Somewhat agree
1383,Rarely or never ,Strongly agree,Strongly agree,Strongly agree,Strongly agree,Strongly agree,Strongly agree,Less than 10% of my time,50% - I spent about half of my time remote working,Strongly agree,Strongly agree,Strongly agree,Somewhat agree
1384,Rarely or never ,Strongly agree,Strongly agree,Strongly agree,Strongly agree,Strongly agree,Strongly agree,Less than 10% of my time,50% - I spent about half of my time remote working,Strongly agree,Strongly agree,Neither agree nor disagree,Somewhat agree
1385,Rarely or never ,Strongly agree,Strongly agree,Strongly agree,Strongly agree,Strongly agree,Strongly agree,Less than 10% of my time,50% - I spent about half of my time remote working,Strongly agree,Strongly agree,Strongly agree,Strongly agree
1386,Rarely or never ,Strongly agree,Strongly agree,Strongly agree,Strongly agree,Strongly agree,Strongly agree,Less than 10% of my time,50% - I spent about half of my time remote working,Strongly agree,Strongly agree,Neither agree nor disagree,Strongly agree
1387,Rarely or never ,Strongly agree,Strongly agree,Strongly agree,Strongly agree,Strongly agree,Strongly agree,Less than 10% of my time,50% - I spent about half of my time remote working,Strongly agree,Strongly agree,Strongly agree,Strongly agree
1388,Rarely or never ,Strongly agree,Strongly agree,Strongly agree,Strongly agree,Strongly agree,Strongly agree,Less than 10% of my time,50% - I spent about half of my time remote working,Strongly agree,Strongly agree,Strongly agree,Strongly agree
1389,Rarely or never ,Strongly agree,Strongly agree,Strongly agree,Strongly agree,Strongly agree,Strongly agree,Less than 10% of my time,50% - I spent about half of my time remote working,Strongly agree,Strongly agree,Somewhat disagree,Somewhat agree
1390,Rarely or never ,Strongly agree,Strongly agree,Strongly agree,Strongly agree,Strongly agree,Strongly agree,Less than 10% of my time,50% - I spent about half of my time remote working,Strongly agree,Strongly agree,Strongly agree,Strongly agree
1391,Rarely or never ,Strongly agree,Strongly agree,Strongly agree,Strongly agree,Strongly agree,Strongly agree,Less than 10% of my time,50% - I spent about half of my time remote working,Strongly agree,Strongly agree,Somewhat agree,Strongly agree
1392,Rarely or never ,Strongly agree,Strongly agree,Strongly disagree,Strongly agree,Strongly agree,Strongly agree,Less than 10% of my time,50% - I spent about half of my time remote working,Strongly agree,Strongly agree,Strongly agree,Somewhat disagree
1393,Rarely or never ,Strongly agree,Strongly agree,Strongly disagree,Strongly agree,Strongly agree,Strongly agree,Less than 10% of my time,Less than 10% of my time,Strongly agree,Strongly agree,Strongly agree,Strongly agree
1394,Rarely or never ,Strongly disagree,Strongly agree,Strongly disagree,Strongly agree,Strongly agree,Strongly agree,Less than 10% of my time,Less than 10% of my time,Strongly agree,Strongly agree,Somewhat disagree,Somewhat agree
1395,Rarely or never ,Strongly disagree,Strongly agree,Strongly disagree,Strongly agree,Strongly agree,Strongly agree,Less than 10% of my time,Less than 10% of my time,Strongly agree,Strongly agree,Strongly agree,Strongly agree
1396,Rarely or never ,Strongly disagree,Strongly agree,Strongly disagree,Strongly agree,Strongly agree,Strongly agree,Less than 10% of my time,Less than 10% of my time,Strongly agree,Strongly agree,Neither agree nor disagree,Strongly agree
1397,Rarely or never ,Strongly disagree,Strongly agree,Strongly disagree,Strongly agree,Strongly agree,Strongly agree,Less than 10% of my time,Less than 10% of my time,Strongly agree,Strongly agree,Strongly agree,Strongly agree
1398,Rarely or never ,Strongly disagree,Strongly agree,Strongly disagree,Strongly agree,Strongly agree,Strongly agree,Less than 10% of my time,Less than 10% of my time,Strongly agree,Strongly agree,Strongly agree,Strongly agree
1399,Rarely or never ,Strongly disagree,Strongly agree,Strongly disagree,Strongly agree,Strongly agree,Strongly agree,Less than 10% of my time,Less than 10% of my time,Strongly agree,Strongly agree,Somewhat agree,Strongly agree
1400,Rarely or never ,Strongly disagree,Strongly agree,Strongly disagree,Strongly agree,Strongly agree,Strongly agree,Less than 10% of my time,Less than 10% of my time,Strongly agree,Strongly agree,Strongly disagree,Strongly disagree
1401,Rarely or never ,Strongly disagree,Strongly agree,Strongly disagree,Strongly agree,Strongly agree,Strongly agree,Less than 10% of my time,Less than 10% of my time,Strongly agree,Strongly agree,Somewhat disagree,Somewhat disagree
1402,Rarely or never ,Strongly disagree,Strongly agree,Strongly disagree,Strongly agree,Strongly agree,Strongly agree,Less than 10% of my time,Less than 10% of my time,Strongly agree,Strongly agree,Strongly disagree,Strongly agree
1403,Rarely or never ,Strongly disagree,Strongly agree,Strongly disagree,Strongly agree,Strongly agree,Strongly agree,Less than 10% of my time,Less than 10% of my time,Strongly agree,Strongly agree,Somewhat agree,Somewhat agree
1404,Rarely or never ,Strongly disagree,Strongly agree,Strongly disagree,Strongly agree,Strongly agree,Strongly agree,Less than 10% of my time,Less than 10% of my time,Strongly agree,Strongly agree,Strongly agree,Somewhat agree
1405,Rarely or never ,Strongly disagree,Strongly agree,Strongly disagree,Strongly agree,Strongly agree,Strongly agree,Less than 10% of my time,Less than 10% of my time,Strongly agree,Strongly agree,Strongly agree,Strongly agree
1406,Rarely or never ,Strongly disagree,Strongly agree,Strongly disagree,Strongly agree,Strongly agree,Strongly agree,Less than 10% of my time,Less than 10% of my time,Strongly agree,Strongly agree,Somewhat agree,Somewhat agree
1407,Rarely or never ,Strongly disagree,Strongly agree,Strongly disagree,Strongly agree,Strongly agree,Strongly agree,Less than 10% of my time,Less than 10% of my time,Strongly agree,Strongly agree,Somewhat agree,Somewhat agree
1408,Rarely or never ,Strongly disagree,Strongly agree,Strongly disagree,Strongly agree,Strongly agree,Strongly agree,Less than 10% of my time,Less than 10% of my time,Strongly agree,Strongly agree,Somewhat agree,Somewhat agree
1409,Rarely or never ,Strongly disagree,Strongly agree,Strongly disagree,Strongly agree,Strongly agree,Strongly agree,Less than 10% of my time,Less than 10% of my time,Strongly agree,Strongly agree,Somewhat disagree,Strongly agree
1410,Rarely or never ,Strongly disagree,Strongly agree,Strongly disagree,Strongly agree,Strongly agree,Strongly agree,Less than 10% of my time,Less than 10% of my time,Strongly agree,Strongly agree,Somewhat agree,Somewhat agree
1411,Rarely or never ,Strongly disagree,Strongly agree,Strongly disagree,Strongly agree,Strongly agree,Strongly agree,Less than 10% of my time,Less than 10% of my time,Strongly agree,Strongly agree,Neither agree nor disagree,Somewhat agree
1412,Rarely or never ,Strongly disagree,Strongly agree,Strongly disagree,Strongly agree,Strongly agree,Strongly agree,Less than 10% of my time,Less than 10% of my time,Strongly agree,Strongly agree,Neither agree nor disagree,Neither agree nor disagree
1413,Rarely or never ,Strongly disagree,Strongly agree,Strongly disagree,Strongly agree,Strongly agree,Strongly agree,Less than 10% of my time,Less than 10% of my time,Strongly agree,Strongly agree,Somewhat agree,Strongly agree
1414,Rarely or never ,Strongly disagree,Strongly agree,Strongly disagree,Strongly agree,Strongly agree,Strongly agree,Less than 10% of my time,Less than 10% of my time,Strongly agree,Strongly agree,NA,NA
1415,Rarely or never ,Strongly disagree,Strongly agree,Strongly disagree,Strongly agree,Strongly agree,Strongly agree,Less than 10% of my time,Less than 10% of my time,Strongly agree,Strongly agree,Neither agree nor disagree,Neither agree nor disagree
1416,Rarely or never ,Strongly disagree,Strongly agree,Strongly disagree,Strongly agree,Strongly agree,Strongly agree,Less than 10% of my time,Less than 10% of my time,Strongly agree,Strongly agree,Neither agree nor disagree,Neither agree nor disagree
1417,Rarely or never ,Strongly disagree,Strongly agree,Strongly disagree,Strongly agree,Strongly agree,Strongly agree,Less than 10% of my time,Less than 10% of my time,Strongly agree,Strongly agree,Somewhat agree,Somewhat agree
1418,Rarely or never ,Strongly disagree,Strongly agree,Strongly disagree,Strongly agree,Strongly agree,Strongly agree,Less than 10% of my time,Less than 10% of my time,Strongly agree,Strongly agree,Neither agree nor disagree,Somewhat disagree
1419,Rarely or never ,Strongly disagree,Strongly agree,Strongly disagree,Strongly agree,Strongly agree,Strongly agree,Less than 10% of my time,Less than 10% of my time,Strongly agree,Strongly agree,Somewhat agree,Somewhat agree
1420,Rarely or never ,Strongly disagree,Strongly agree,Strongly disagree,Strongly agree,Strongly agree,Strongly agree,Less than 10% of my time,Less than 10% of my time,Strongly agree,Strongly agree,Strongly disagree,Somewhat agree
1421,Rarely or never ,Strongly disagree,Strongly agree,Strongly disagree,Strongly agree,Strongly agree,Strongly agree,Less than 10% of my time,Less than 10% of my time,Strongly agree,Strongly agree,Strongly disagree,Strongly agree
1422,Rarely or never ,Strongly disagree,Strongly agree,Strongly disagree,Strongly agree,Strongly agree,Strongly agree,Less than 10% of my time,Less than 10% of my time,Strongly agree,Strongly agree,Somewhat agree,Somewhat agree
1423,Rarely or never ,Strongly disagree,Strongly agree,Strongly disagree,Strongly agree,Strongly agree,Strongly agree,Less than 10% of my time,Less than 10% of my time,Strongly agree,Strongly agree,Strongly disagree,Somewhat agree
1424,Rarely or never ,Strongly disagree,Strongly agree,Strongly disagree,Strongly agree,Strongly agree,Strongly agree,Less than 10% of my time,Less than 10% of my time,Strongly agree,Strongly agree,Somewhat agree,Somewhat agree
1425,Rarely or never ,Strongly disagree,Strongly agree,Strongly disagree,Strongly agree,Strongly agree,Strongly agree,Less than 10% of my time,Less than 10% of my time,Strongly agree,Strongly agree,Strongly agree,Somewhat agree
1426,Rarely or never ,Strongly disagree,Strongly agree,Strongly disagree,Strongly agree,Strongly agree,Strongly agree,Less than 10% of my time,Less than 10% of my time,Strongly agree,Strongly agree,Somewhat disagree,Neither agree nor disagree
1427,Rarely or never ,Strongly disagree,Strongly agree,Strongly disagree,Strongly agree,Strongly agree,Strongly agree,Less than 10% of my time,Less than 10% of my time,Strongly agree,Strongly agree,Strongly agree,Strongly agree
1428,Rarely or never ,Strongly disagree,Strongly agree,Strongly disagree,Strongly agree,Strongly agree,Strongly agree,Less than 10% of my time,Less than 10% of my time,Strongly agree,Strongly agree,Strongly agree,Strongly agree
1429,Rarely or never ,Strongly disagree,Strongly agree,Strongly disagree,Strongly agree,Strongly agree,Strongly agree,Less than 10% of my time,Less than 10% of my time,Strongly agree,Strongly agree,Strongly agree,Strongly agree
1430,Rarely or never ,Strongly disagree,Strongly agree,Strongly disagree,Strongly agree,Strongly agree,Strongly agree,Less than 10% of my time,Less than 10% of my time,Strongly agree,Strongly agree,NA,NA
1431,Rarely or never ,Strongly disagree,Strongly agree,Strongly disagree,Strongly agree,Strongly agree,Strongly agree,Less than 10% of my time,Less than 10% of my time,Strongly agree,Strongly agree,Strongly agree,Strongly agree
1432,Rarely or never ,Strongly disagree,Strongly agree,Strongly disagree,Strongly agree,Strongly agree,Strongly agree,Less than 10% of my time,Less than 10% of my time,Strongly agree,Strongly agree,Neither agree nor disagree,Neither agree nor disagree
1433,Rarely or never ,Strongly disagree,Strongly agree,Strongly disagree,Strongly agree,Strongly agree,Strongly agree,Less than 10% of my time,Less than 10% of my time,Strongly agree,Strongly agree,Somewhat disagree,Somewhat agree
1434,Rarely or never ,Strongly disagree,Strongly agree,Strongly disagree,Strongly agree,Strongly agree,Strongly agree,Less than 10% of my time,Less than 10% of my time,Strongly agree,Strongly agree,Somewhat agree,Somewhat agree
1435,Rarely or never ,Strongly disagree,Strongly agree,Strongly disagree,Strongly agree,Strongly agree,Strongly agree,Less than 10% of my time,Less than 10% of my time,Strongly agree,Strongly agree,Somewhat disagree,Somewhat disagree
1436,Rarely or never ,Strongly disagree,Strongly agree,Strongly disagree,Strongly agree,Strongly agree,Strongly agree,Less than 10% of my time,Less than 10% of my time,Strongly agree,Strongly agree,Neither agree nor disagree,Somewhat agree
1437,Rarely or never ,Strongly disagree,Strongly agree,Strongly disagree,Strongly agree,Strongly agree,Strongly agree,Less than 10% of my time,Less than 10% of my time,Strongly agree,Strongly agree,Somewhat agree,Somewhat disagree
1438,Rarely or never ,Strongly disagree,Strongly agree,Strongly disagree,Strongly agree,Strongly agree,Strongly agree,Less than 10% of my time,Less than 10% of my time,Strongly agree,Strongly agree,Somewhat agree,Somewhat agree
1439,Rarely or never ,Strongly disagree,Strongly agree,Strongly disagree,Strongly agree,Strongly agree,Strongly agree,Less than 10% of my time,Less than 10% of my time,Strongly agree,Strongly agree,Somewhat agree,Somewhat agree
1440,Rarely or never ,Strongly disagree,Strongly agree,Strongly disagree,Strongly agree,Strongly agree,Strongly agree,Less than 10% of my time,Less than 10% of my time,Strongly agree,Strongly agree,Strongly agree,Strongly agree
1441,Rarely or never ,Strongly disagree,Strongly agree,Strongly disagree,Strongly agree,Strongly agree,Strongly agree,Less than 10% of my time,Less than 10% of my time,Strongly agree,Strongly agree,Strongly agree,Somewhat agree
1442,Rarely or never ,Strongly disagree,Strongly agree,Strongly disagree,Strongly agree,Strongly agree,Strongly agree,Less than 10% of my time,Less than 10% of my time,Strongly agree,Strongly agree,Somewhat agree,Somewhat agree
1443,Rarely or never ,Strongly disagree,Strongly agree,Strongly disagree,Strongly agree,Strongly agree,Strongly agree,Less than 10% of my time,Less than 10% of my time,Strongly agree,Strongly agree,Neither agree nor disagree,Neither agree nor disagree
1444,Rarely or never ,Strongly disagree,Strongly agree,Strongly disagree,Strongly agree,Strongly agree,Strongly agree,Less than 10% of my time,Less than 10% of my time,Strongly agree,Strongly agree,Strongly agree,Strongly agree
1445,Rarely or never ,Strongly disagree,Strongly agree,Strongly disagree,Strongly agree,Strongly agree,Strongly agree,Less than 10% of my time,Less than 10% of my time,Strongly agree,Strongly agree,Neither agree nor disagree,Somewhat agree
1446,Rarely or never ,Strongly disagree,Strongly agree,Strongly disagree,Strongly disagree,Strongly agree,Strongly agree,Less than 10% of my time,Less than 10% of my time,Strongly agree,Strongly agree,Somewhat disagree,Somewhat agree
1447,Rarely or never ,Strongly disagree,Strongly agree,Strongly disagree,Strongly disagree,Strongly agree,Strongly agree,Less than 10% of my time,Less than 10% of my time,Strongly agree,Strongly agree,Somewhat agree,Somewhat agree
1448,Rarely or never ,Strongly disagree,Strongly agree,Strongly disagree,Strongly disagree,Strongly agree,Strongly agree,Less than 10% of my time,Less than 10% of my time,Strongly agree,Strongly agree,Somewhat agree,Neither agree nor disagree
1449,Rarely or never ,Strongly disagree,Strongly agree,Strongly disagree,Strongly disagree,Strongly agree,Strongly agree,Less than 10% of my time,Less than 10% of my time,Strongly agree,Strongly agree,Strongly agree,Strongly agree
1450,Rarely or never ,Strongly disagree,Strongly agree,Strongly disagree,Strongly disagree,Strongly agree,Strongly agree,Less than 10% of my time,Less than 10% of my time,Strongly agree,Strongly agree,Somewhat agree,Strongly agree
1451,Rarely or never ,Strongly disagree,Strongly agree,Strongly disagree,Strongly disagree,Strongly agree,Strongly agree,Less than 10% of my time,Less than 10% of my time,Strongly agree,Strongly agree,Strongly agree,Strongly agree
1452,Rarely or never ,Strongly disagree,Strongly agree,Strongly disagree,Strongly disagree,Strongly agree,Strongly agree,Less than 10% of my time,Less than 10% of my time,Strongly agree,Strongly agree,Strongly agree,Strongly agree
1453,Rarely or never ,Strongly disagree,Strongly agree,Strongly disagree,Strongly disagree,Strongly agree,Strongly agree,Less than 10% of my time,Less than 10% of my time,Strongly agree,Strongly agree,Strongly agree,Strongly agree
1454,Rarely or never ,Strongly disagree,Strongly agree,Strongly disagree,Strongly disagree,Strongly agree,Strongly agree,Less than 10% of my time,Less than 10% of my time,Strongly agree,Strongly agree,Somewhat agree,Somewhat agree
1455,Rarely or never ,Strongly disagree,Strongly agree,Strongly disagree,Strongly disagree,Strongly agree,Strongly agree,Less than 10% of my time,Less than 10% of my time,Strongly agree,Strongly agree,Strongly agree,Strongly agree
1456,Rarely or never ,Strongly disagree,Strongly agree,Strongly disagree,Strongly disagree,Strongly agree,Strongly agree,Less than 10% of my time,Less than 10% of my time,Strongly disagree,Strongly agree,Somewhat agree,Somewhat agree
1457,Rarely or never ,Strongly disagree,Strongly agree,Strongly disagree,Strongly disagree,Strongly agree,Strongly agree,Less than 10% of my time,Less than 10% of my time,Strongly disagree,Strongly agree,Strongly agree,Strongly agree
1458,Rarely or never ,Strongly disagree,Strongly agree,Strongly disagree,Strongly disagree,Strongly agree,Strongly agree,Less than 10% of my time,Less than 10% of my time,Strongly disagree,Strongly agree,Somewhat agree,Somewhat agree
1459,Rarely or never ,Strongly disagree,Strongly agree,Strongly disagree,Strongly disagree,Strongly agree,Strongly agree,Less than 10% of my time,Less than 10% of my time,Strongly disagree,Strongly agree,NA,NA
1460,Rarely or never ,Strongly disagree,Strongly agree,Strongly disagree,Strongly disagree,Strongly agree,Strongly agree,Less than 10% of my time,Less than 10% of my time,Strongly disagree,Strongly agree,NA,NA
1461,Rarely or never ,Strongly disagree,Strongly agree,Strongly disagree,Strongly disagree,Strongly agree,Strongly agree,Less than 10% of my time,Less than 10% of my time,Strongly disagree,Strongly disagree,Strongly disagree,Somewhat disagree
1462,Rarely or never ,Strongly disagree,Strongly agree,Strongly disagree,Strongly disagree,Strongly agree,Strongly agree,Less than 10% of my time,Less than 10% of my time,Strongly disagree,Strongly disagree,Neither agree nor disagree,Somewhat agree
1463,Rarely or never ,Strongly disagree,Strongly agree,Strongly disagree,Strongly disagree,Strongly agree,Strongly agree,Less than 10% of my time,Less than 10% of my time,Strongly disagree,Strongly disagree,Neither agree nor disagree,Neither agree nor disagree
1464,Rarely or never ,Strongly disagree,Strongly disagree,Strongly disagree,Strongly disagree,Strongly agree,Strongly agree,Less than 10% of my time,Less than 10% of my time,Strongly disagree,Strongly disagree,Somewhat agree,Somewhat agree
1465,Rarely or never ,Strongly disagree,Strongly disagree,Strongly disagree,Strongly disagree,Strongly agree,Strongly agree,Less than 10% of my time,Less than 10% of my time,Strongly disagree,Strongly disagree,Strongly agree,Strongly agree
1466,Rarely or never ,Strongly disagree,Strongly disagree,Strongly disagree,Strongly disagree,Strongly agree,Strongly agree,Less than 10% of my time,Less than 10% of my time,Strongly disagree,Strongly disagree,Somewhat disagree,Somewhat disagree
1467,Rarely or never ,Strongly disagree,Strongly disagree,Strongly disagree,Strongly disagree,Strongly agree,Strongly agree,Less than 10% of my time,Less than 10% of my time,Strongly disagree,Strongly disagree,Somewhat agree,Somewhat agree
1468,Rarely or never ,Strongly disagree,Strongly disagree,Strongly disagree,Strongly disagree,Strongly agree,Strongly agree,Less than 10% of my time,Less than 10% of my time,Strongly disagree,Strongly disagree,Somewhat disagree,Somewhat agree
1469,Rarely or never ,Strongly disagree,Strongly disagree,Strongly disagree,Strongly disagree,Strongly agree,Strongly agree,Less than 10% of my time,Less than 10% of my time,Strongly disagree,Strongly disagree,NA,NA
1470,Rarely or never ,Strongly disagree,Strongly disagree,Strongly disagree,Strongly disagree,Strongly agree,Strongly agree,Less than 10% of my time,Less than 10% of my time,Strongly disagree,Strongly disagree,Somewhat disagree,Somewhat disagree
1471,Rarely or never ,Strongly disagree,Strongly disagree,Strongly disagree,Strongly disagree,Strongly agree,Strongly agree,Less than 10% of my time,Less than 10% of my time,Strongly disagree,Strongly disagree,Strongly disagree,Somewhat disagree
1472,Rarely or never ,Strongly disagree,Strongly disagree,Strongly disagree,Strongly disagree,Strongly agree,Strongly agree,Less than 10% of my time,Less than 10% of my time,Strongly disagree,Strongly disagree,NA,NA
1473,Rarely or never ,Strongly disagree,Strongly disagree,Strongly disagree,Strongly disagree,Strongly agree,Strongly agree,Less than 10% of my time,Less than 10% of my time,Strongly disagree,Strongly disagree,Strongly agree,Strongly agree
1474,Rarely or never ,Strongly disagree,Strongly disagree,Strongly disagree,Strongly disagree,Strongly disagree,Strongly agree,Less than 10% of my time,Less than 10% of my time,Strongly disagree,Strongly disagree,Somewhat agree,Neither agree nor disagree
1475,Rarely or never ,Strongly disagree,Strongly disagree,Strongly disagree,Strongly disagree,Strongly disagree,Strongly agree,Less than 10% of my time,Less than 10% of my time,Strongly disagree,Strongly disagree,Strongly agree,Strongly agree
1476,Rarely or never ,Strongly disagree,Strongly disagree,Strongly disagree,Strongly disagree,Strongly disagree,Strongly agree,Less than 10% of my time,Less than 10% of my time,Strongly disagree,Strongly disagree,Neither agree nor disagree,Strongly agree
1477,Rarely or never ,Strongly disagree,Strongly disagree,Strongly disagree,Strongly disagree,Strongly disagree,Strongly agree,Less than 10% of my time,Rarely or never ,Strongly disagree,Strongly disagree,Neither agree nor disagree,Neither agree nor disagree
1478,Rarely or never ,Strongly disagree,Strongly disagree,Strongly disagree,Strongly disagree,Strongly disagree,Strongly agree,Less than 10% of my time,Rarely or never ,Strongly disagree,Strongly disagree,Strongly agree,Strongly agree
1479,Rarely or never ,Strongly disagree,Strongly disagree,Strongly disagree,Strongly disagree,Strongly disagree,Strongly agree,Less than 10% of my time,Rarely or never ,Strongly disagree,Strongly disagree,Strongly agree,Strongly agree
1480,Rarely or never ,Strongly disagree,Strongly disagree,Strongly disagree,Strongly disagree,Strongly disagree,Strongly disagree,Less than 10% of my time,Rarely or never ,Strongly disagree,Strongly disagree,Somewhat agree,Somewhat agree
1481,Rarely or never ,Strongly disagree,Strongly disagree,Strongly disagree,Strongly disagree,Strongly disagree,Strongly disagree,Less than 10% of my time,Rarely or never ,Strongly disagree,Strongly disagree,Strongly agree,Strongly agree
1482,Rarely or never ,Strongly disagree,Strongly disagree,Strongly disagree,Strongly disagree,Strongly disagree,Strongly disagree,Less than 10% of my time,Rarely or never ,Strongly disagree,Strongly disagree,Strongly agree,Strongly agree
1483,Rarely or never ,Strongly disagree,Strongly disagree,Strongly disagree,Strongly disagree,Strongly disagree,Strongly disagree,Less than 10% of my time,Rarely or never ,Strongly disagree,Strongly disagree,Strongly agree,Strongly agree
1484,Rarely or never ,Strongly disagree,Strongly disagree,Strongly disagree,Strongly disagree,Strongly disagree,Strongly disagree,Less than 10% of my time,Rarely or never ,Strongly disagree,Strongly disagree,Strongly agree,Strongly agree
1485,Rarely or never ,Strongly disagree,Strongly disagree,Strongly disagree,Strongly disagree,Strongly disagree,Strongly disagree,Less than 10% of my time,Rarely or never ,Strongly disagree,Strongly disagree,Strongly agree,Strongly agree
1486,Rarely or never ,Strongly disagree,Strongly disagree,Strongly disagree,Strongly disagree,Strongly disagree,Strongly disagree,Less than 10% of my time,Rarely or never ,Strongly disagree,Strongly disagree,Strongly agree,Strongly agree
1487,Rarely or never ,Strongly disagree,Strongly disagree,Strongly disagree,Strongly disagree,Strongly disagree,Strongly disagree,Less than 10% of my time,Rarely or never ,Strongly disagree,Strongly disagree,Strongly agree,Strongly agree
1488,Rarely or never ,Strongly disagree,Strongly disagree,Strongly disagree,Strongly disagree,Strongly disagree,Strongly disagree,Less than 10% of my time,Rarely or never ,Strongly disagree,Strongly disagree,Strongly agree,Strongly agree
1489,Rarely or never ,Strongly disagree,Strongly disagree,Strongly disagree,Strongly disagree,Strongly disagree,Strongly disagree,Less than 10% of my time,Rarely or never ,Strongly disagree,Strongly disagree,Strongly agree,Strongly agree
1490,Rarely or never ,Strongly disagree,Strongly disagree,Strongly disagree,Strongly disagree,Strongly disagree,Strongly disagree,Less than 10% of my time,Rarely or never ,Strongly disagree,Strongly disagree,Strongly agree,Strongly agree
1491,Rarely or never ,Strongly disagree,Strongly disagree,Strongly disagree,Strongly disagree,Strongly disagree,Strongly disagree,Less than 10% of my time,Rarely or never ,Strongly disagree,Strongly disagree,Somewhat agree,Strongly agree
1492,Rarely or never ,Strongly disagree,Strongly disagree,Strongly disagree,Strongly disagree,Strongly disagree,Strongly disagree,Less than 10% of my time,Rarely or never ,Strongly disagree,Strongly disagree,Strongly agree,Strongly agree
1493,Rarely or never ,Strongly disagree,Strongly disagree,Strongly disagree,Strongly disagree,Strongly disagree,Strongly disagree,Less than 10% of my time,Rarely or never ,Strongly disagree,Strongly disagree,Strongly agree,Strongly agree
1494,Rarely or never ,Strongly disagree,Strongly disagree,Strongly disagree,Strongly disagree,Strongly disagree,Strongly disagree,Less than 10% of my time,Rarely or never ,Strongly disagree,Strongly disagree,Strongly agree,Strongly agree
1495,Rarely or never ,Strongly disagree,Strongly disagree,Strongly disagree,Strongly disagree,Strongly disagree,Strongly disagree,Less than 10% of my time,Rarely or never ,Strongly disagree,Strongly disagree,Strongly agree,Strongly agree
1496,Rarely or never ,Strongly disagree,Strongly disagree,Strongly disagree,Strongly disagree,Strongly disagree,Strongly disagree,Less than 10% of my time,Rarely or never ,Strongly disagree,Strongly disagree,NA,NA
1497,Rarely or never ,Strongly disagree,Strongly disagree,Strongly disagree,Strongly disagree,Strongly disagree,Strongly disagree,Less than 10% of my time,Rarely or never ,Strongly disagree,Strongly disagree,Strongly agree,Strongly agree
1498,Rarely or never ,Strongly disagree,Strongly disagree,Strongly disagree,Strongly disagree,Strongly disagree,Strongly disagree,Less than 10% of my time,Rarely or never ,Strongly disagree,Strongly disagree,Strongly agree,Strongly agree
1499,Rarely or never ,Strongly disagree,Strongly disagree,Strongly disagree,Strongly disagree,Strongly disagree,Strongly disagree,Less than 10% of my time,Rarely or never ,Strongly disagree,Strongly disagree,Strongly agree,Strongly agree
1500,Rarely or never ,Strongly disagree,Strongly disagree,Strongly disagree,Strongly disagree,Strongly disagree,Strongly disagree,Less than 10% of my time,Rarely or never ,Strongly disagree,Strongly disagree,Strongly agree,Strongly agree
1501,Rarely or never ,Strongly disagree,Strongly disagree,Strongly disagree,Strongly disagree,Strongly disagree,Strongly disagree,Less than 10% of my time,Rarely or never ,Strongly disagree,Strongly disagree,Strongly disagree,Somewhat disagree
1502,Rarely or never ,Strongly disagree,Strongly disagree,Strongly disagree,Strongly disagree,Strongly disagree,Strongly disagree,Less than 10% of my time,Rarely or never ,Strongly disagree,Strongly disagree,Strongly agree,Strongly agree
1503,Rarely or never ,Strongly disagree,Strongly disagree,Strongly disagree,Strongly disagree,Strongly disagree,Strongly disagree,Less than 10% of my time,Rarely or never ,Strongly disagree,Strongly disagree,Strongly disagree,Neither agree nor disagree
1504,Rarely or never ,Strongly disagree,Strongly disagree,Strongly disagree,Strongly disagree,Strongly disagree,Strongly disagree,Less than 10% of my time,Rarely or never ,Strongly disagree,Strongly disagree,Strongly disagree,Somewhat disagree
1505,Rarely or never ,Strongly disagree,Strongly disagree,Strongly disagree,Strongly disagree,Strongly disagree,Strongly disagree,Less than 10% of my time,Rarely or never ,Strongly disagree,Strongly disagree,Strongly disagree,Strongly disagree
1506,Rarely or never ,Strongly disagree,Strongly disagree,Strongly disagree,Strongly disagree,Strongly disagree,Strongly disagree,Less than 10% of my time,Rarely or never ,Strongly disagree,Strongly disagree,Somewhat agree,Somewhat agree
1507,Rarely or never ,Strongly disagree,Strongly disagree,Strongly disagree,Strongly disagree,Strongly disagree,Strongly disagree,Less than 10% of my time,Rarely or never ,Strongly disagree,Strongly disagree,Strongly agree,Strongly agree
