response_id,preferred_remote_time_after_covid,employer_encourage_remote_future,employer_support_remote_future,remote_work_choice_future,remote_productivity,commute_hours_office,work_hours_office,personal_family_hours_office,caring_hours_office,commute_hours_remote,work_hours_remote,personal_family_hours_remote,caring_hours_remote
1,10%,Neither agree nor disagree,Neither agree nor disagree,Neither agree nor disagree,I’m 10% less productive when working remotely,0,0,0,-1,0,0,0,0
2,10%,Neither agree nor disagree,Neither agree nor disagree,Neither agree nor disagree,I’m 10% less productive when working remotely,0,0,0,0,0,0,0,0
3,10%,Neither agree nor disagree,Neither agree nor disagree,Neither agree nor disagree,I’m 10% less productive when working remotely,0,0,0,0,0,0,0,0
4,10%,Neither agree nor disagree,Neither agree nor disagree,Neither agree nor disagree,I’m 10% less productive when working remotely,0,0,0,0,0,0.5,0,0
5,10%,Neither agree nor disagree,Neither agree nor disagree,Neither agree nor disagree,I’m 10% less productive when working remotely,0,0,0,0,0,0.5,0,0
6,10%,Neither agree nor disagree,Neither agree nor disagree,Neither agree nor disagree,I’m 10% less productive when working remotely,0,0.5,0,0,0,0.5,0,0
7,10%,Neither agree nor disagree,Neither agree nor disagree,Neither agree nor disagree,I’m 10% less productive when working remotely,0,0.5,0,0,0,1,0,0
8,10%,Neither agree nor disagree,Neither agree nor disagree,Neither agree nor disagree,I’m 10% less productive when working remotely,0,1,0,0,0,1,0,0
9,10%,Neither agree nor disagree,Neither agree nor disagree,Neither agree nor disagree,I’m 10% less productive when working remotely,0,1,0,0,0,1,0,0
10,10%,Neither agree nor disagree,Neither agree nor disagree,Neither agree nor disagree,I’m 10% less productive when working remotely,0,1,0,0,0,1,0,0
11,10%,Neither agree nor disagree,Neither agree nor disagree,Neither agree nor disagree,I’m 10% less productive when working remotely,0,1,0,0,0,1,0,0
12,10%,Neither agree nor disagree,Neither agree nor disagree,Neither agree nor disagree,I’m 10% less productive when working remotely,0,1,0,0,0,1,0,0
13,10%,Neither agree nor disagree,Neither agree nor disagree,Neither agree nor disagree,I’m 10% less productive when working remotely,0,1,0,0,0,1,0,0
14,10%,Neither agree nor disagree,Neither agree nor disagree,Neither agree nor disagree,I’m 10% less productive when working remotely,0,1,0,0,0,1,0,0
15,10%,Neither agree nor disagree,Neither agree nor disagree,Neither agree nor disagree,I’m 10% less productive when working remotely,0,1,0,0,0,1,0,0
16,10%,Neither agree nor disagree,Neither agree nor disagree,Neither agree nor disagree,I’m 10% less productive when working remotely,0,1,0,0,0,1,0,0
17,10%,Neither agree nor disagree,Neither agree nor disagree,Neither agree nor disagree,I’m 10% less productive when working remotely,0,1,0,0,0,1,0,0
18,10%,Neither agree nor disagree,Neither agree nor disagree,Neither agree nor disagree,I’m 10% less productive when working remotely,0,1,0,0,0,1,0,0
19,10%,Neither agree nor disagree,Neither agree nor disagree,Neither agree nor disagree,I’m 10% less productive when working remotely,0,1,0,0,0,1,0,0
20,10%,Neither agree nor disagree,Neither agree nor disagree,Neither agree nor disagree,I’m 10% less productive when working remotely,0,1,0,0,0,1,0,0
21,10%,Neither agree nor disagree,Neither agree nor disagree,Neither agree nor disagree,I’m 10% less productive when working remotely,0,1,0,0,0,1,0,0
22,10%,Neither agree nor disagree,Neither agree nor disagree,Neither agree nor disagree,I’m 10% less productive when working remotely,0,1,0,0,0,1,0,0
23,10%,Neither agree nor disagree,Neither agree nor disagree,Neither agree nor disagree,I’m 10% less productive when working remotely,0,1,0,0,0,1,0,0
24,10%,Neither agree nor disagree,Neither agree nor disagree,Neither agree nor disagree,I’m 10% less productive when working remotely,0,1,0,0,0,1,0,0
25,10%,Neither agree nor disagree,Neither agree nor disagree,Neither agree nor disagree,I’m 10% less productive when working remotely,0,1,0,0,0,1,0,0
26,10%,Neither agree nor disagree,Neither agree nor disagree,Neither agree nor disagree,I’m 10% less productive when working remotely,0,1,0,0,0,1,0,0
27,10%,Neither agree nor disagree,Neither agree nor disagree,Neither agree nor disagree,I’m 10% less productive when working remotely,0,1,0,0,0,2,0,0
28,10%,Neither agree nor disagree,Neither agree nor disagree,Neither agree nor disagree,I’m 10% less productive when working remotely,0,1,0,0,0,2,0,0
29,10%,Neither agree nor disagree,Neither agree nor disagree,Neither agree nor disagree,I’m 10% less productive when working remotely,0,1,0,0,0,2,0,0
30,10%,Neither agree nor disagree,Neither agree nor disagree,Neither agree nor disagree,I’m 10% less productive when working remotely,0,1,0,0,0,2,0,0
31,10%,Neither agree nor disagree,Neither agree nor disagree,Neither agree nor disagree,I’m 10% less productive when working remotely,0.1,1,0,0,0,2,0,0
32,10%,Neither agree nor disagree,Neither agree nor disagree,Neither agree nor disagree,I’m 10% less productive when working remotely,0.1,1,0,0,0,2,0,0
33,10%,Neither agree nor disagree,Neither agree nor disagree,Neither agree nor disagree,I’m 10% less productive when working remotely,0.1,1,0,0,0,2,0,0
34,10%,Neither agree nor disagree,Neither agree nor disagree,Neither agree nor disagree,I’m 10% less productive when working remotely,0.1,1.5,0,0,0,2,0,0
35,10%,Neither agree nor disagree,Neither agree nor disagree,Neither agree nor disagree,I’m 10% less productive when working remotely,0.1,2,0,0,0,2,0,0
36,10%,Neither agree nor disagree,Neither agree nor disagree,Neither agree nor disagree,I’m 10% less productive when working remotely,0.1,2,0,0,0,2,0.1,0
37,10%,Neither agree nor disagree,Neither agree nor disagree,Neither agree nor disagree,I’m 10% less productive when working remotely,0.1,2,0,0,0,2,0.25,0
38,10%,Neither agree nor disagree,Neither agree nor disagree,Neither agree nor disagree,I’m 10% less productive when working remotely,0.15,2,0,0,0,2,0.25,0
39,10%,Neither agree nor disagree,Neither agree nor disagree,Neither agree nor disagree,I’m 10% less productive when working remotely,0.2,2,0,0,0,2,0.5,0
40,10%,Neither agree nor disagree,Neither agree nor disagree,Neither agree nor disagree,I’m 10% less productive when working remotely,0.2,2,0,0,0,2,0.5,0
41,10%,Neither agree nor disagree,Neither agree nor disagree,Neither agree nor disagree,I’m 10% less productive when working remotely,0.2,2,0,0,0,2,0.5,0
42,10%,Neither agree nor disagree,Neither agree nor disagree,Neither agree nor disagree,I’m 10% less productive when working remotely,0.2,2,0,0,0,2,0.5,0
43,10%,Neither agree nor disagree,Neither agree nor disagree,Neither agree nor disagree,I’m 10% less productive when working remotely,0.2,2,0,0,0,2,0.5,0
44,10%,Neither agree nor disagree,Neither agree nor disagree,Neither agree nor disagree,I’m 10% less productive when working remotely,0.2,2,0,0,0,2,0.5,0
45,10%,Neither agree nor disagree,Neither agree nor disagree,Neither agree nor disagree,I’m 10% less productive when working remotely,0.2,2,0,0,0,2,0.5,0
46,10%,Neither agree nor disagree,Neither agree nor disagree,Neither agree nor disagree,I’m 10% less productive when working remotely,0.2,2,0,0,0,2,0.5,0
47,10%,Neither agree nor disagree,Neither agree nor disagree,Neither agree nor disagree,I’m 10% less productive when working remotely,0.2,2,0,0,0,2,0.5,0
48,10%,Neither agree nor disagree,Neither agree nor disagree,Neither agree nor disagree,I’m 10% less productive when working remotely,0.25,2,0,0,0,2,0.5,0
49,10%,Neither agree nor disagree,Neither agree nor disagree,Neither agree nor disagree,I’m 10% less productive when working remotely,0.25,2,0,0,0,2,0.5,0
50,10%,Neither agree nor disagree,Neither agree nor disagree,Neither agree nor disagree,I’m 10% less productive when working remotely,0.25,2,0,0,0,2,0.5,0
51,10%,Neither agree nor disagree,Neither agree nor disagree,Neither agree nor disagree,I’m 10% less productive when working remotely,0.25,2,0,0,0,2,0.5,0
52,10%,Neither agree nor disagree,Neither agree nor disagree,Neither agree nor disagree,I’m 10% less productive when working remotely,0.25,2,0,0,0,2.5,0.5,0
53,10%,Neither agree nor disagree,Neither agree nor disagree,Neither agree nor disagree,I’m 10% less productive when working remotely,0.25,2,0,0,0,2.5,0.5,0
54,20%,Neither agree nor disagree,Neither agree nor disagree,Neither agree nor disagree,I’m 10% less productive when working remotely,0.25,2,0,0,0,3,0.5,0
55,20%,Neither agree nor disagree,Neither agree nor disagree,Neither agree nor disagree,I’m 10% less productive when working remotely,0.25,2,0,0,0,3,0.5,0
56,20%,Neither agree nor disagree,Neither agree nor disagree,Neither agree nor disagree,I’m 10% less productive when working remotely,0.25,2,0,0,0,3,0.5,0
57,20%,Neither agree nor disagree,Neither agree nor disagree,Neither agree nor disagree,I’m 10% less productive when working remotely,0.25,2,0,0,0,3,0.5,0
58,20%,Neither agree nor disagree,Neither agree nor disagree,Neither agree nor disagree,I’m 10% less productive when working remotely,0.25,2,0,0,0,3,0.5,0
59,20%,Neither agree nor disagree,Neither agree nor disagree,Neither agree nor disagree,I’m 10% less productive when working remotely,0.25,2,0.1,0,0,3,0.5,0
60,20%,Neither agree nor disagree,Neither agree nor disagree,Neither agree nor disagree,I’m 10% less productive when working remotely,0.25,2.5,0.25,0,0,3,0.5,0
61,20%,Neither agree nor disagree,Neither agree nor disagree,Neither agree nor disagree,I’m 10% less productive when working remotely,0.3,3,0.25,0,0,3,0.5,0
62,20%,Neither agree nor disagree,Neither agree nor disagree,Neither agree nor disagree,I’m 10% less productive when working remotely,0.3,3,0.5,0,0,3,0.5,0
63,20%,Neither agree nor disagree,Neither agree nor disagree,Neither agree nor disagree,I’m 10% less productive when working remotely,0.3,3,0.5,0,0,3,0.5,0
64,20%,Neither agree nor disagree,Neither agree nor disagree,Neither agree nor disagree,I’m 10% less productive when working remotely,0.3,3,0.5,0,0,3,1,0
65,20%,Neither agree nor disagree,Neither agree nor disagree,Neither agree nor disagree,I’m 10% less productive when working remotely,0.3,3,0.5,0,0,3,1,0
66,20%,Neither agree nor disagree,Neither agree nor disagree,Neither agree nor disagree,I’m 10% less productive when working remotely,0.4,3,0.5,0,0,3,1,0
67,20%,Neither agree nor disagree,Neither agree nor disagree,Neither agree nor disagree,I’m 10% less productive when working remotely,0.45,3,0.5,0,0,3,1,0
68,20%,Neither agree nor disagree,Neither agree nor disagree,Neither agree nor disagree,I’m 10% less productive when working remotely,0.45,3,0.5,0,0,3,1,0
69,20%,Neither agree nor disagree,Neither agree nor disagree,Neither agree nor disagree,I’m 10% less productive when working remotely,0.5,3,0.5,0,0,3,1,0
70,20%,Neither agree nor disagree,Neither agree nor disagree,Neither agree nor disagree,I’m 10% less productive when working remotely,0.5,3,0.5,0,0,3,1,0
71,20%,Neither agree nor disagree,Neither agree nor disagree,Neither agree nor disagree,I’m 10% less productive when working remotely,0.5,3,0.5,0,0,3,1,0
72,20%,Neither agree nor disagree,Neither agree nor disagree,Neither agree nor disagree,I’m 10% less productive when working remotely,0.5,3,0.5,0,0,3,1,0
73,20%,Neither agree nor disagree,Neither agree nor disagree,Neither agree nor disagree,I’m 10% less productive when working remotely,0.5,3,0.5,0,0,3,1,0
74,20%,Neither agree nor disagree,Neither agree nor disagree,Neither agree nor disagree,I’m 10% less productive when working remotely,0.5,3,0.5,0,0,3,1,0
75,20%,Neither agree nor disagree,Neither agree nor disagree,Neither agree nor disagree,I’m 10% less productive when working remotely,0.5,3,0.5,0,0,3,1,0
76,20%,Neither agree nor disagree,Neither agree nor disagree,Neither agree nor disagree,I’m 10% less productive when working remotely,0.5,3,0.5,0,0,3,1,0
77,20%,Neither agree nor disagree,Neither agree nor disagree,Neither agree nor disagree,I’m 10% less productive when working remotely,0.5,3,0.5,0,0,3,1,0
78,20%,Neither agree nor disagree,Neither agree nor disagree,Neither agree nor disagree,I’m 10% less productive when working remotely,0.5,3,0.5,0,0,3.5,1,0
79,20%,Neither agree nor disagree,Neither agree nor disagree,Neither agree nor disagree,I’m 10% less productive when working remotely,0.5,3,0.5,0,0,4,1,0
80,20%,Neither agree nor disagree,Neither agree nor disagree,Neither agree nor disagree,I’m 10% less productive when working remotely,0.5,3,0.5,0,0,4,1,0
81,20%,Neither agree nor disagree,Neither agree nor disagree,Neither agree nor disagree,I’m 10% less productive when working remotely,0.5,3,0.5,0,0,4,1,0
82,20%,Neither agree nor disagree,Neither agree nor disagree,Neither agree nor disagree,I’m 10% less productive when working remotely,0.5,4,0.5,0,0,4,1,0
83,20%,Neither agree nor disagree,Neither agree nor disagree,Neither agree nor disagree,I’m 10% less productive when working remotely,0.5,4,0.5,0,0,4,1,0
84,20%,Neither agree nor disagree,Neither agree nor disagree,Neither agree nor disagree,I’m 10% less productive when working remotely,0.5,4,0.5,0,0,4,1,0
85,20%,Neither agree nor disagree,Neither agree nor disagree,Neither agree nor disagree,I’m 10% less productive when working remotely,0.5,4,0.5,0,0,4,1,0
86,20%,Neither agree nor disagree,Neither agree nor disagree,Neither agree nor disagree,I’m 10% less productive when working remotely,0.5,4,0.5,0,0,4,1,0
87,20%,Neither agree nor disagree,Neither agree nor disagree,Neither agree nor disagree,I’m 10% less productive when working remotely,0.5,4,0.5,0,0,4,1,0
88,20%,Neither agree nor disagree,Neither agree nor disagree,Neither agree nor disagree,I’m 10% less productive when working remotely,0.5,4,0.5,0,0,4,1,0
89,20%,Neither agree nor disagree,Neither agree nor disagree,Neither agree nor disagree,I’m 10% less productive when working remotely,0.5,4,0.5,0,0,4,1,0
90,20%,Neither agree nor disagree,Neither agree nor disagree,Neither agree nor disagree,I’m 10% less productive when working remotely,0.5,4,0.5,0,0,4,1,0
91,20%,Neither agree nor disagree,Neither agree nor disagree,Neither agree nor disagree,I’m 10% less productive when working remotely,0.5,4,0.5,0,0,4,1,0
92,20%,Neither agree nor disagree,Neither agree nor disagree,Neither agree nor disagree,I’m 10% less productive when working remotely,0.5,4,0.5,0,0,4,1,0
93,20%,Neither agree nor disagree,Neither agree nor disagree,Neither agree nor disagree,I’m 10% less productive when working remotely,0.5,4,0.5,0,0,4,1,0
94,20%,Neither agree nor disagree,Neither agree nor disagree,Neither agree nor disagree,I’m 10% less productive when working remotely,0.5,4,0.5,0,0,4,1,0
95,20%,Neither agree nor disagree,Neither agree nor disagree,Neither agree nor disagree,I’m 10% less productive when working remotely,0.5,4,0.5,0,0,4,1,0
96,20%,Neither agree nor disagree,Neither agree nor disagree,Neither agree nor disagree,I’m 10% less productive when working remotely,0.5,4,0.5,0,0,4,1,0
97,20%,Neither agree nor disagree,Neither agree nor disagree,Neither agree nor disagree,I’m 10% less productive when working remotely,0.5,4,0.5,0,0,4,1,0
98,20%,Neither agree nor disagree,Neither agree nor disagree,Neither agree nor disagree,I’m 10% more productive when working remotely,0.5,4,0.5,0,0,4,1,0
99,20%,Neither agree nor disagree,Neither agree nor disagree,Neither agree nor disagree,I’m 10% more productive when working remotely,0.5,4,0.5,0,0,4,1,0
100,20%,Neither agree nor disagree,Neither agree nor disagree,Neither agree nor disagree,I’m 10% more productive when working remotely,0.5,4,0.5,0,0,4,1,0
101,20%,Neither agree nor disagree,Neither agree nor disagree,Neither agree nor disagree,I’m 10% more productive when working remotely,0.5,4,0.5,0,0,4,1,0
102,20%,Neither agree nor disagree,Neither agree nor disagree,Neither agree nor disagree,I’m 10% more productive when working remotely,0.5,4,0.5,0,0,4,1,0
103,20%,Neither agree nor disagree,Neither agree nor disagree,Neither agree nor disagree,I’m 10% more productive when working remotely,0.5,4,0.75,0,0,4,1,0
104,20%,Neither agree nor disagree,Neither agree nor disagree,Neither agree nor disagree,I’m 10% more productive when working remotely,0.5,4,1,0,0,4,1,0
105,20%,Neither agree nor disagree,Neither agree nor disagree,Neither agree nor disagree,I’m 10% more productive when working remotely,0.5,4,1,0,0,4,1,0
106,20%,Neither agree nor disagree,Neither agree nor disagree,Neither agree nor disagree,I’m 10% more productive when working remotely,0.5,4,1,0,0,4,1,0
107,20%,Neither agree nor disagree,Neither agree nor disagree,Neither agree nor disagree,I’m 10% more productive when working remotely,0.5,4,1,0,0,4,1,0.05
108,20%,Neither agree nor disagree,Neither agree nor disagree,Neither agree nor disagree,I’m 10% more productive when working remotely,0.5,4,1,0,0,4,1,0.2
109,20%,Neither agree nor disagree,Neither agree nor disagree,Neither agree nor disagree,I’m 10% more productive when working remotely,0.5,4,1,0,0,4,1,0.25
110,20%,Neither agree nor disagree,Neither agree nor disagree,Neither agree nor disagree,I’m 10% more productive when working remotely,0.5,4,1,0,0,4,1,0.4
111,20%,Neither agree nor disagree,Neither agree nor disagree,Neither agree nor disagree,I’m 10% more productive when working remotely,0.5,4,1,0,0,4,1,0.45
112,20%,Neither agree nor disagree,Neither agree nor disagree,Neither agree nor disagree,I’m 10% more productive when working remotely,0.5,4,1,0,0,4,1,0.5
113,20%,Neither agree nor disagree,Neither agree nor disagree,Neither agree nor disagree,I’m 10% more productive when working remotely,0.5,4,1,0,0,4,1,0.5
114,20%,Neither agree nor disagree,Neither agree nor disagree,Neither agree nor disagree,I’m 10% more productive when working remotely,0.5,4,1,0,0,4,1,0.5
115,20%,Neither agree nor disagree,Neither agree nor disagree,Neither agree nor disagree,I’m 10% more productive when working remotely,0.5,4,1,0,0,4,1,0.5
116,20%,Neither agree nor disagree,Neither agree nor disagree,Neither agree nor disagree,I’m 10% more productive when working remotely,0.5,4.5,1,0,0,4,1,0.5
117,20%,Neither agree nor disagree,Neither agree nor disagree,Neither agree nor disagree,I’m 10% more productive when working remotely,0.5,4.5,1,0,0,4,1,0.5
118,20%,Neither agree nor disagree,Neither agree nor disagree,Neither agree nor disagree,I’m 10% more productive when working remotely,0.5,4.5,1,0,0,4,1,0.5
119,20%,Neither agree nor disagree,Neither agree nor disagree,Neither agree nor disagree,I’m 10% more productive when working remotely,0.5,5,1,0,0,4,1,0.5
120,20%,Neither agree nor disagree,Neither agree nor disagree,Neither agree nor disagree,I’m 10% more productive when working remotely,0.5,5,1,0,0,4,1,0.5
121,20%,Neither agree nor disagree,Neither agree nor disagree,Neither agree nor disagree,I’m 10% more productive when working remotely,0.5,5,1,0,0,4,1,0.5
122,20%,Neither agree nor disagree,Neither agree nor disagree,Neither agree nor disagree,I’m 10% more productive when working remotely,0.5,5,1,0,0,4.5,1,0.5
123,20%,Neither agree nor disagree,Neither agree nor disagree,Neither agree nor disagree,I’m 10% more productive when working remotely,0.5,5,1,0,0,4.5,1,0.5
124,20%,Neither agree nor disagree,Neither agree nor disagree,Neither agree nor disagree,I’m 10% more productive when working remotely,0.5,5,1,0,0,5,1,0.5
125,20%,Neither agree nor disagree,Neither agree nor disagree,Neither agree nor disagree,I’m 10% more productive when working remotely,0.5,5,1,0,0,5,1,0.5
126,20%,Neither agree nor disagree,Neither agree nor disagree,Neither agree nor disagree,I’m 10% more productive when working remotely,0.5,5,1,0,0,5,1,0.5
127,20%,Neither agree nor disagree,Neither agree nor disagree,Neither agree nor disagree,I’m 10% more productive when working remotely,0.5,5,1,0,0,5,1,0.5
128,20%,Neither agree nor disagree,Neither agree nor disagree,Neither agree nor disagree,I’m 10% more productive when working remotely,0.5,5,1,0,0,5,1,0.5
129,20%,Neither agree nor disagree,Neither agree nor disagree,Neither agree nor disagree,I’m 10% more productive when working remotely,0.5,5,1,0,0,5,1,0.5
130,20%,Neither agree nor disagree,Neither agree nor disagree,Neither agree nor disagree,I’m 10% more productive when working remotely,0.5,5,1,0,0,5,1,0.5
131,20%,Neither agree nor disagree,Neither agree nor disagree,Neither agree nor disagree,I’m 10% more productive when working remotely,0.5,5,1,0,0,5,1,0.5
132,20%,Neither agree nor disagree,Neither agree nor disagree,Neither agree nor disagree,I’m 10% more productive when working remotely,0.5,5,1,0,0,5,1,0.5
133,20%,Neither agree nor disagree,Neither agree nor disagree,Neither agree nor disagree,I’m 10% more productive when working remotely,0.5,5,1,0,0,5,1,0.5
134,20%,Neither agree nor disagree,Neither agree nor disagree,Neither agree nor disagree,I’m 10% more productive when working remotely,0.5,5,1,0,0,5,1,0.5
135,20%,Neither agree nor disagree,Neither agree nor disagree,Neither agree nor disagree,I’m 10% more productive when working remotely,0.5,5,1,0,0,5,1,0.5
136,20%,Neither agree nor disagree,Neither agree nor disagree,Neither agree nor disagree,I’m 10% more productive when working remotely,0.5,5,1,0,0,5,1,0.5
137,20%,Neither agree nor disagree,Neither agree nor disagree,Neither agree nor disagree,I’m 10% more productive when working remotely,0.5,5,1,0,0,5,1,0.5
138,20%,Neither agree nor disagree,Neither agree nor disagree,Neither agree nor disagree,I’m 10% more productive when working remotely,0.5,5,1,0,0,5,1,0.5
139,20%,Neither agree nor disagree,Neither agree nor disagree,Neither agree nor disagree,I’m 10% more productive when working remotely,0.5,5,1,0,0,5,1,0.5
140,20%,Neither agree nor disagree,Neither agree nor disagree,Neither agree nor disagree,I’m 10% more productive when working remotely,0.5,5,1,0,0,5,1,0.5
141,20%,Neither agree nor disagree,Neither agree nor disagree,Neither agree nor disagree,I’m 10% more productive when working remotely,0.5,5,1,0,0,5,1,0.5
142,20%,Neither agree nor disagree,Neither agree nor disagree,Neither agree nor disagree,I’m 10% more productive when working remotely,0.5,5,1,0,0,5,1,0.5
143,20%,Neither agree nor disagree,Neither agree nor disagree,Neither agree nor disagree,I’m 10% more productive when working remotely,0.5,5,1,0,0,5,1,0.5
144,20%,Neither agree nor disagree,Neither agree nor disagree,Neither agree nor disagree,I’m 10% more productive when working remotely,0.5,5,1,0,0,5,1,0.5
145,20%,Neither agree nor disagree,Neither agree nor disagree,Neither agree nor disagree,I’m 10% more productive when working remotely,0.5,5,1,0,0,5,1,0.5
146,20%,Neither agree nor disagree,Neither agree nor disagree,Neither agree nor disagree,I’m 10% more productive when working remotely,0.5,5,1,0,0,5,1,0.5
147,20%,Neither agree nor disagree,Neither agree nor disagree,Neither agree nor disagree,I’m 10% more productive when working remotely,0.5,5,1,0,0,5,1,0.5
148,20%,Neither agree nor disagree,Neither agree nor disagree,Neither agree nor disagree,I’m 10% more productive when working remotely,0.5,5,1,0,0,5,1,0.5
149,20%,Neither agree nor disagree,Neither agree nor disagree,Neither agree nor disagree,I’m 10% more productive when working remotely,0.5,5,1,0,0,5,1,0.5
150,20%,Neither agree nor disagree,Neither agree nor disagree,Neither agree nor disagree,I’m 10% more productive when working remotely,0.5,5,1,0,0,5,1,0.5
151,20%,Neither agree nor disagree,Neither agree nor disagree,Neither agree nor disagree,I’m 10% more productive when working remotely,0.5,5,1,0,0,5,1,0.5
152,20%,Neither agree nor disagree,Neither agree nor disagree,Neither agree nor disagree,I’m 10% more productive when working remotely,0.5,5,1,0,0,5,1,0.5
153,20%,Neither agree nor disagree,Neither agree nor disagree,Neither agree nor disagree,I’m 10% more productive when working remotely,0.5,5,1,0,0,5,1,0.5
154,20%,Neither agree nor disagree,Neither agree nor disagree,Neither agree nor disagree,I’m 10% more productive when working remotely,0.5,5,1,0,0,5,1,0.5
155,20%,Neither agree nor disagree,Neither agree nor disagree,Neither agree nor disagree,I’m 10% more productive when working remotely,0.5,5,1,0,0,5,1,0.5
156,20%,Neither agree nor disagree,Neither agree nor disagree,Neither agree nor disagree,I’m 10% more productive when working remotely,0.5,5,1,0,0,5,1,0.5
157,20%,Neither agree nor disagree,Neither agree nor disagree,Neither agree nor disagree,I’m 10% more productive when working remotely,0.5,5,1,0,0,5,1,0.5
158,20%,Neither agree nor disagree,Neither agree nor disagree,Neither agree nor disagree,I’m 10% more productive when working remotely,0.5,5,1,0,0,5,1,0.5
159,20%,Neither agree nor disagree,Neither agree nor disagree,Neither agree nor disagree,I’m 10% more productive when working remotely,0.5,5,1,0,0,5,1,0.5
160,20%,Neither agree nor disagree,Neither agree nor disagree,Neither agree nor disagree,I’m 10% more productive when working remotely,0.5,5,1,0,0,5,1,1
161,20%,Neither agree nor disagree,Neither agree nor disagree,Neither agree nor disagree,I’m 10% more productive when working remotely,0.5,5,1,0,0,5,1,1
162,20%,Neither agree nor disagree,Neither agree nor disagree,Neither agree nor disagree,I’m 10% more productive when working remotely,0.5,5,1,0,0,5,1,1
163,20%,Neither agree nor disagree,Neither agree nor disagree,Neither agree nor disagree,I’m 10% more productive when working remotely,0.5,5,1,0.05,0,5,1,1
164,20%,Neither agree nor disagree,Neither agree nor disagree,Neither agree nor disagree,I’m 10% more productive when working remotely,0.5,5,1,0.1,0,5,1,1
165,20%,Neither agree nor disagree,Neither agree nor disagree,Neither agree nor disagree,I’m 10% more productive when working remotely,0.5,5,1,0.5,0,5,1,1
166,20%,Neither agree nor disagree,Neither agree nor disagree,Neither agree nor disagree,I’m 10% more productive when working remotely,0.5,5,1,0.5,0,5,1.5,1
167,20%,Neither agree nor disagree,Neither agree nor disagree,Neither agree nor disagree,I’m 10% more productive when working remotely,0.5,5,1,0.5,0,5,1.5,1
168,20%,Neither agree nor disagree,Neither agree nor disagree,Neither agree nor disagree,I’m 10% more productive when working remotely,0.5,5,1,0.5,0,5,1.5,1
169,20%,Neither agree nor disagree,Neither agree nor disagree,Neither agree nor disagree,I’m 10% more productive when working remotely,0.5,5,1,0.5,0,5,1.5,1
170,20%,Neither agree nor disagree,Neither agree nor disagree,Neither agree nor disagree,I’m 10% more productive when working remotely,0.5,5,1,0.5,0,5,1.5,1
171,20%,Neither agree nor disagree,Neither agree nor disagree,Neither agree nor disagree,I’m 10% more productive when working remotely,0.5,5,1,0.5,0,5,1.5,1
172,20%,Neither agree nor disagree,Neither agree nor disagree,Neither agree nor disagree,I’m 10% more productive when working remotely,0.5,5,1,0.5,0,5,1.5,1
173,20%,Neither agree nor disagree,Neither agree nor disagree,Neither agree nor disagree,I’m 10% more productive when working remotely,0.5,5,1,0.5,0,5,2,1
174,20%,Neither agree nor disagree,Neither agree nor disagree,Neither agree nor disagree,I’m 10% more productive when working remotely,0.5,5,1,0.5,0,5,2,1
175,20%,Neither agree nor disagree,Neither agree nor disagree,Neither agree nor disagree,I’m 10% more productive when working remotely,0.5,5,1,0.5,0,5,2,1
176,20%,Neither agree nor disagree,Neither agree nor disagree,Neither agree nor disagree,I’m 10% more productive when working remotely,0.5,5,1,0.5,0,5,2,1
177,20%,Neither agree nor disagree,Neither agree nor disagree,Neither agree nor disagree,I’m 10% more productive when working remotely,0.5,5,1,0.5,0,5,2,1
178,20%,Neither agree nor disagree,Neither agree nor disagree,Neither agree nor disagree,I’m 10% more productive when working remotely,0.5,5,1,0.5,0,5,2,1
179,20%,Neither agree nor disagree,Neither agree nor disagree,Neither agree nor disagree,I’m 10% more productive when working remotely,0.5,5,1,0.5,0,5,2,1
180,20%,Neither agree nor disagree,Neither agree nor disagree,Neither agree nor disagree,I’m 10% more productive when working remotely,0.5,5.5,1,0.5,0,5,2,1
181,20%,Neither agree nor disagree,Neither agree nor disagree,Neither agree nor disagree,I’m 10% more productive when working remotely,0.5,5.5,1,0.5,0,5,2,1
182,30%,Neither agree nor disagree,Neither agree nor disagree,Neither agree nor disagree,I’m 10% more productive when working remotely,0.5,6,1,0.5,0,5,2,1
183,30%,Neither agree nor disagree,Neither agree nor disagree,Neither agree nor disagree,I’m 10% more productive when working remotely,0.5,6,1,0.5,0,5,2,1
184,30%,Neither agree nor disagree,Neither agree nor disagree,Neither agree nor disagree,I’m 10% more productive when working remotely,0.5,6,1,0.5,0,5,2,1
185,30%,Neither agree nor disagree,Neither agree nor disagree,Neither agree nor disagree,I’m 10% more productive when working remotely,0.5,6,1,0.5,0,5,2,1
186,30%,Neither agree nor disagree,Neither agree nor disagree,Neither agree nor disagree,I’m 10% more productive when working remotely,0.5,6,1,0.5,0,5,2,1
187,30%,Neither agree nor disagree,Neither agree nor disagree,Neither agree nor disagree,I’m 10% more productive when working remotely,0.5,6,1,0.5,0,5,2,1
188,30%,Neither agree nor disagree,Neither agree nor disagree,Neither agree nor disagree,I’m 10% more productive when working remotely,0.5,6,1,0.5,0,5,2,1
189,30%,Neither agree nor disagree,Neither agree nor disagree,Neither agree nor disagree,I’m 10% more productive when working remotely,0.5,6,1,0.5,0,5,2,1
190,30%,Neither agree nor disagree,Neither agree nor disagree,Neither agree nor disagree,I’m 10% more productive when working remotely,0.5,6,1,0.5,0,5,2,1
191,30%,Neither agree nor disagree,Neither agree nor disagree,Neither agree nor disagree,I’m 10% more productive when working remotely,0.5,6,1,0.5,0,5,2,1
192,30%,Neither agree nor disagree,Neither agree nor disagree,Neither agree nor disagree,I’m 10% more productive when working remotely,0.5,6,1,0.5,0,5,2,1
193,30%,Neither agree nor disagree,Neither agree nor disagree,Neither agree nor disagree,I’m 10% more productive when working remotely,0.5,6,1,0.5,0,5,2,1
194,30%,Neither agree nor disagree,Neither agree nor disagree,Neither agree nor disagree,I’m 10% more productive when working remotely,0.5,6,1,0.5,0,5,2,1
195,30%,Neither agree nor disagree,Neither agree nor disagree,Neither agree nor disagree,I’m 10% more productive when working remotely,0.6,6,1,0.5,0,5,2,1
196,30%,Neither agree nor disagree,Neither agree nor disagree,Neither agree nor disagree,I’m 10% more productive when working remotely,0.6,6,1,0.5,0,5,2,1
197,30%,Neither agree nor disagree,Neither agree nor disagree,Neither agree nor disagree,I’m 10% more productive when working remotely,0.75,6,1,0.5,0,5,2,1
198,30%,Neither agree nor disagree,Neither agree nor disagree,Neither agree nor disagree,I’m 10% more productive when working remotely,0.75,6,1,0.5,0,5.5,2,1
199,30%,Neither agree nor disagree,Neither agree nor disagree,Neither agree nor disagree,I’m 20% less productive when working remotely,0.75,6,1,0.5,0,6,2,1
200,30%,Neither agree nor disagree,Neither agree nor disagree,Neither agree nor disagree,I’m 20% less productive when working remotely,0.75,6,1,0.5,0,6,2,1
201,30%,Neither agree nor disagree,Neither agree nor disagree,Neither agree nor disagree,I’m 20% less productive when working remotely,0.75,6,1,0.5,0,6,2,1
202,30%,Neither agree nor disagree,Neither agree nor disagree,Neither agree nor disagree,I’m 20% less productive when working remotely,0.75,6,1,0.5,0,6,2,1
203,30%,Neither agree nor disagree,Neither agree nor disagree,Neither agree nor disagree,I’m 20% less productive when working remotely,0.75,6,1,0.5,0,6,2,1
204,30%,Neither agree nor disagree,Neither agree nor disagree,Neither agree nor disagree,I’m 20% less productive when working remotely,0.75,6,1,0.5,0,6,2,1
205,30%,Neither agree nor disagree,Neither agree nor disagree,Neither agree nor disagree,I’m 20% less productive when working remotely,0.75,6,1,0.5,0,6,2,1
206,30%,Neither agree nor disagree,Neither agree nor disagree,Neither agree nor disagree,I’m 20% less productive when working remotely,0.75,6,1,0.5,0,6,2,1
207,30%,Neither agree nor disagree,Neither agree nor disagree,Neither agree nor disagree,I’m 20% less productive when working remotely,0.75,6,1,0.5,0,6,2,1
208,30%,Neither agree nor disagree,Neither agree nor disagree,Neither agree nor disagree,I’m 20% less productive when working remotely,0.75,6,1,0.5,0,6,2,1
209,30%,Neither agree nor disagree,Neither agree nor disagree,Neither agree nor disagree,I’m 20% less productive when working remotely,0.75,6,1,0.5,0,6,2,1
210,30%,Neither agree nor disagree,Neither agree nor disagree,Neither agree nor disagree,I’m 20% less productive when working remotely,0.8,6,1,0.5,0,6,2,1
211,30%,Neither agree nor disagree,Neither agree nor disagree,Neither agree nor disagree,I’m 20% less productive when working remotely,1,6,1,0.5,0,6,2,1
212,30%,Neither agree nor disagree,Neither agree nor disagree,Neither agree nor disagree,I’m 20% less productive when working remotely,1,6,1,0.5,0,6,2,1
213,30%,Neither agree nor disagree,Neither agree nor disagree,Neither agree nor disagree,I’m 20% less productive when working remotely,1,6,1,0.5,0,6,2,1
214,30%,Neither agree nor disagree,Neither agree nor disagree,Neither agree nor disagree,I’m 20% less productive when working remotely,1,6,1,1,0,6,2,1
215,30%,Neither agree nor disagree,Neither agree nor disagree,Neither agree nor disagree,I’m 20% less productive when working remotely,1,6,1,1,0,6,2,1
216,30%,Neither agree nor disagree,Neither agree nor disagree,Neither agree nor disagree,I’m 20% less productive when working remotely,1,6,1,1,0,6,2,1
217,30%,Neither agree nor disagree,Neither agree nor disagree,Neither agree nor disagree,I’m 20% less productive when working remotely,1,6,1,1,0,6,2,1
218,30%,Neither agree nor disagree,Neither agree nor disagree,Neither agree nor disagree,I’m 20% less productive when working remotely,1,6,1,1,0,6,2,1
219,30%,Neither agree nor disagree,Neither agree nor disagree,Neither agree nor disagree,I’m 20% less productive when working remotely,1,6,1,1,0,6,2,1
220,30%,Neither agree nor disagree,Neither agree nor disagree,Neither agree nor disagree,I’m 20% less productive when working remotely,1,6,1,1,0,6,2,1
221,30%,Neither agree nor disagree,Neither agree nor disagree,Neither agree nor disagree,I’m 20% less productive when working remotely,1,6,1,1,0,6,2,1
222,30%,Neither agree nor disagree,Neither agree nor disagree,Neither agree nor disagree,I’m 20% less productive when working remotely,1,6,1,1,0,6,2,1
223,30%,Neither agree nor disagree,Neither agree nor disagree,Neither agree nor disagree,I’m 20% less productive when working remotely,1,6,1,1,0,6,2,1
224,30%,Neither agree nor disagree,Neither agree nor disagree,Neither agree nor disagree,I’m 20% less productive when working remotely,1,6,1,1,0,6,2,1
225,30%,Neither agree nor disagree,Neither agree nor disagree,Neither agree nor disagree,I’m 20% less productive when working remotely,1,6,1,1,0,6,2,1
226,30%,Neither agree nor disagree,Neither agree nor disagree,Neither agree nor disagree,I’m 20% less productive when working remotely,1,6,1,1,0,6,2,1
227,30%,Neither agree nor disagree,Neither agree nor disagree,Neither agree nor disagree,I’m 20% less productive when working remotely,1,6,1,1,0,6,2,1
228,30%,Neither agree nor disagree,Neither agree nor disagree,Neither agree nor disagree,I’m 20% less productive when working remotely,1,6,1,1,0,6,2,1
229,30%,Neither agree nor disagree,Neither agree nor disagree,Neither agree nor disagree,I’m 20% less productive when working remotely,1,6,1,1,0,6,2,1
230,30%,Neither agree nor disagree,Neither agree nor disagree,Neither agree nor disagree,I’m 20% less productive when working remotely,1,6,1,1,0,6,2,1
231,30%,Neither agree nor disagree,Neither agree nor disagree,Neither agree nor disagree,I’m 20% less productive when working remotely,1,6,1,1,0,6,2,1
232,30%,Neither agree nor disagree,Neither agree nor disagree,Neither agree nor disagree,I’m 20% less productive when working remotely,1,6,1,1,0,6,2,1
233,30%,Neither agree nor disagree,Neither agree nor disagree,Neither agree nor disagree,I’m 20% less productive when working remotely,1,6,1,1,0,6,2,1
234,30%,Neither agree nor disagree,Neither agree nor disagree,Neither agree nor disagree,I’m 20% less productive when working remotely,1,6,1,1,0,6,2,1
235,30%,Neither agree nor disagree,Neither agree nor disagree,Neither agree nor disagree,I’m 20% less productive when working remotely,1,6,1,1,0,6,2,1
236,30%,Neither agree nor disagree,Neither agree nor disagree,Neither agree nor disagree,I’m 20% less productive when working remotely,1,6,1,1,0,6,2,1
237,30%,Neither agree nor disagree,Neither agree nor disagree,Neither agree nor disagree,I’m 20% less productive when working remotely,1,6,1,1,0,6,2,1
238,30%,Neither agree nor disagree,Neither agree nor disagree,Neither agree nor disagree,I’m 20% less productive when working remotely,1,6,1,1,0,6,2,1
239,30%,Neither agree nor disagree,Neither agree nor disagree,Neither agree nor disagree,I’m 20% less productive when working remotely,1,6,1,1,0,6,2,1
240,30%,Neither agree nor disagree,Neither agree nor disagree,Neither agree nor disagree,I’m 20% less productive when working remotely,1,6,1,1,0,6,2,1
241,30%,Neither agree nor disagree,Neither agree nor disagree,Neither agree nor disagree,I’m 20% less productive when working remotely,1,6,1,1,0,6,2,1
242,30%,Neither agree nor disagree,Neither agree nor disagree,Neither agree nor disagree,I’m 20% less productive when working remotely,1,6,1.5,1,0,6,2,1
243,30%,Neither agree nor disagree,Neither agree nor disagree,Neither agree nor disagree,I’m 20% less productive when working remotely,1,6,1.5,1,0,6,2,1
244,30%,Neither agree nor disagree,Neither agree nor disagree,Neither agree nor disagree,I’m 20% less productive when working remotely,1,6,1.5,1,0,6,2,1
245,30%,Neither agree nor disagree,Neither agree nor disagree,Neither agree nor disagree,I’m 20% less productive when working remotely,1,6,1.5,1,0,6,2,1
246,30%,Neither agree nor disagree,Neither agree nor disagree,Neither agree nor disagree,I’m 20% less productive when working remotely,1,6,1.5,1,0,6,2,1
247,30%,Neither agree nor disagree,Neither agree nor disagree,Neither agree nor disagree,I’m 20% less productive when working remotely,1,6,1.5,1,0,6,2,1
248,30%,Neither agree nor disagree,Neither agree nor disagree,Neither agree nor disagree,I’m 20% less productive when working remotely,1,6,2,1,0,6,2,1
249,30%,Neither agree nor disagree,Neither agree nor disagree,Neither agree nor disagree,I’m 20% less productive when working remotely,1,6,2,1,0,6,2,1
250,30%,Neither agree nor disagree,Neither agree nor disagree,Neither agree nor disagree,I’m 20% less productive when working remotely,1,6,2,1,0,6,2,1
251,30%,Neither agree nor disagree,Neither agree nor disagree,Neither agree nor disagree,I’m 20% less productive when working remotely,1,6,2,1,0,6,2,1
252,30%,Neither agree nor disagree,Neither agree nor disagree,Neither agree nor disagree,I’m 20% less productive when working remotely,1,6,2,1,0,6,2,1
253,30%,Neither agree nor disagree,Neither agree nor disagree,Neither agree nor disagree,I’m 20% less productive when working remotely,1,6,2,1,0,6,2,1
254,30%,Neither agree nor disagree,Neither agree nor disagree,Neither agree nor disagree,I’m 20% less productive when working remotely,1,6,2,1,0,6,2,1
255,30%,Neither agree nor disagree,Neither agree nor disagree,Neither agree nor disagree,I’m 20% less productive when working remotely,1,6,2,1,0,6,2,1
256,30%,Neither agree nor disagree,Neither agree nor disagree,Neither agree nor disagree,I’m 20% less productive when working remotely,1,6,2,1,0,6,2,1
257,30%,Neither agree nor disagree,Neither agree nor disagree,Neither agree nor disagree,I’m 20% less productive when working remotely,1,6,2,1,0,6,2,1
258,30%,Neither agree nor disagree,Neither agree nor disagree,Neither agree nor disagree,I’m 20% less productive when working remotely,1,6,2,1,0,6,2,1
259,30%,Neither agree nor disagree,Neither agree nor disagree,Neither agree nor disagree,I’m 20% less productive when working remotely,1,6,2,1,0,6,2,1
260,30%,Neither agree nor disagree,Neither agree nor disagree,Neither agree nor disagree,I’m 20% less productive when working remotely,1,6,2,1,0,6,2,1
261,30%,Neither agree nor disagree,Neither agree nor disagree,Neither agree nor disagree,I’m 20% less productive when working remotely,1,6,2,1,0,6,2,1
262,30%,Neither agree nor disagree,Neither agree nor disagree,Neither agree nor disagree,I’m 20% less productive when working remotely,1,6,2,1,0,6,2,1
263,30%,Neither agree nor disagree,Neither agree nor disagree,Neither agree nor disagree,I’m 20% less productive when working remotely,1,6,2,1,0,6,2,1
264,30%,Neither agree nor disagree,Neither agree nor disagree,Neither agree nor disagree,I’m 20% less productive when working remotely,1,6,2,1,0,6,2,1
265,30%,Neither agree nor disagree,Neither agree nor disagree,Neither agree nor disagree,I’m 20% less productive when working remotely,1,6,2,1,0,6,2,1
266,30%,Neither agree nor disagree,Neither agree nor disagree,Neither agree nor disagree,I’m 20% less productive when working remotely,1,6,2,1,0,6,2,1
267,30%,Neither agree nor disagree,Neither agree nor disagree,Neither agree nor disagree,I’m 20% less productive when working remotely,1,6,2,1,0,6,2,1
268,30%,Neither agree nor disagree,Neither agree nor disagree,Neither agree nor disagree,I’m 20% less productive when working remotely,1,6,2,1,0,6,2,1
269,30%,Neither agree nor disagree,Neither agree nor disagree,Neither agree nor disagree,I’m 20% less productive when working remotely,1,6,2,1,0,6,2,1
270,30%,Neither agree nor disagree,Neither agree nor disagree,Neither agree nor disagree,I’m 20% less productive when working remotely,1,6,2,1,0,6,2,1
271,30%,Neither agree nor disagree,Neither agree nor disagree,Neither agree nor disagree,I’m 20% less productive when working remotely,1,6,2,1,0,6,2,1
272,40%,Neither agree nor disagree,Neither agree nor disagree,Neither agree nor disagree,I’m 20% less productive when working remotely,1,6,2,1,0,6,2,1
273,40%,Neither agree nor disagree,Neither agree nor disagree,Neither agree nor disagree,I’m 20% less productive when working remotely,1,6,2,1,0,6,2,1
274,40%,Neither agree nor disagree,Neither agree nor disagree,Neither agree nor disagree,I’m 20% less productive when working remotely,1,6,2,1,0,6,2,1
275,40%,Neither agree nor disagree,Neither agree nor disagree,Neither agree nor disagree,I’m 20% less productive when working remotely,1,6,2,1,0,6,2,1
276,40%,Neither agree nor disagree,Neither agree nor disagree,Neither agree nor disagree,I’m 20% less productive when working remotely,1,6,2,1,0,6,2,1
277,40%,Neither agree nor disagree,Neither agree nor disagree,Neither agree nor disagree,I’m 20% less productive when working remotely,1,6,2,1,0,6,2,1
278,40%,Neither agree nor disagree,Neither agree nor disagree,Neither agree nor disagree,I’m 20% less productive when working remotely,1,6,2,1,0,6,2,1
279,40%,Neither agree nor disagree,Neither agree nor disagree,Neither agree nor disagree,I’m 20% less productive when working remotely,1,6,2,1,0,6,2,1
280,40%,Neither agree nor disagree,Neither agree nor disagree,Neither agree nor disagree,I’m 20% less productive when working remotely,1,6,2,1,0,6,2,1
281,40%,Neither agree nor disagree,Neither agree nor disagree,Neither agree nor disagree,I’m 20% less productive when working remotely,1,6,2,1,0,6,2,1
282,40%,Neither agree nor disagree,Neither agree nor disagree,Neither agree nor disagree,I’m 20% less productive when working remotely,1,6,2,1,0,6,2,1
283,40%,Neither agree nor disagree,Neither agree nor disagree,Neither agree nor disagree,I’m 20% less productive when working remotely,1,6,2,1,0,6,2,1
284,40%,Neither agree nor disagree,Neither agree nor disagree,Neither agree nor disagree,I’m 20% less productive when working remotely,1,6,2,1,0,6,2,1
285,40%,Neither agree nor disagree,Neither agree nor disagree,Neither agree nor disagree,I’m 20% less productive when working remotely,1,6,2,1,0,6,2,1
286,40%,Neither agree nor disagree,Neither agree nor disagree,Neither agree nor disagree,I’m 20% less productive when working remotely,1,6,2,1,0,6,2,1
287,40%,Neither agree nor disagree,Neither agree nor disagree,Neither agree nor disagree,I’m 20% less productive when working remotely,1,6,2,1,0,6,2,1
288,40%,Neither agree nor disagree,Neither agree nor disagree,Neither agree nor disagree,I’m 20% less productive when working remotely,1,6,2,1,0,6,2,1
289,40%,Neither agree nor disagree,Neither agree nor disagree,Neither agree nor disagree,I’m 20% more productive when working remotely,1,6,2,1,0,6,2,1
290,40%,Neither agree nor disagree,Neither agree nor disagree,Neither agree nor disagree,I’m 20% more productive when working remotely,1,6,2,1,0,6,2,1
291,40%,Neither agree nor disagree,Neither agree nor disagree,Neither agree nor disagree,I’m 20% more productive when working remotely,1,6,2,1,0,6,2,1
292,40%,Neither agree nor disagree,Neither agree nor disagree,Neither agree nor disagree,I’m 20% more productive when working remotely,1,6,2,1,0,6,2,1
293,40%,Neither agree nor disagree,Neither agree nor disagree,Neither agree nor disagree,I’m 20% more productive when working remotely,1,6,2,1,0,6,2,1
294,40%,Neither agree nor disagree,Neither agree nor disagree,Neither agree nor disagree,I’m 20% more productive when working remotely,1,6,2,1,0,6,2,1
295,40%,Neither agree nor disagree,Neither agree nor disagree,Neither agree nor disagree,I’m 20% more productive when working remotely,1,6,2,1,0,6,2,1
296,40%,Neither agree nor disagree,Neither agree nor disagree,Neither agree nor disagree,I’m 20% more productive when working remotely,1,6,2,1,0,6,2,1
297,40%,Neither agree nor disagree,Neither agree nor disagree,Neither agree nor disagree,I’m 20% more productive when working remotely,1,6,2,1,0,6,2,1
298,40%,Neither agree nor disagree,Neither agree nor disagree,Neither agree nor disagree,I’m 20% more productive when working remotely,1,6,2,1,0,6,2,1
299,40%,Neither agree nor disagree,Neither agree nor disagree,Neither agree nor disagree,I’m 20% more productive when working remotely,1,6,2,1,0,6,2,1
300,40%,Neither agree nor disagree,Neither agree nor disagree,Neither agree nor disagree,I’m 20% more productive when working remotely,1,6,2,1,0,6,2,1
301,40%,Neither agree nor disagree,Neither agree nor disagree,Neither agree nor disagree,I’m 20% more productive when working remotely,1,6,2,1,0,6,2,1
302,40%,Neither agree nor disagree,Neither agree nor disagree,Neither agree nor disagree,I’m 20% more productive when working remotely,1,6,2,1,0,6,2,1
303,40%,Neither agree nor disagree,Neither agree nor disagree,Neither agree nor disagree,I’m 20% more productive when working remotely,1,6,2,1,0,6,2,1
304,40%,Neither agree nor disagree,Neither agree nor disagree,Neither agree nor disagree,I’m 20% more productive when working remotely,1,6,2,1,0,6,2,1
305,40%,Neither agree nor disagree,Neither agree nor disagree,Neither agree nor disagree,I’m 20% more productive when working remotely,1,6.25,2,1,0,6,2,1
306,40%,Neither agree nor disagree,Neither agree nor disagree,Neither agree nor disagree,I’m 20% more productive when working remotely,1,6.25,2,1,0,6,2,1
307,40%,Neither agree nor disagree,Neither agree nor disagree,Neither agree nor disagree,I’m 20% more productive when working remotely,1,6.5,2,1,0,6,2,1
308,40%,Neither agree nor disagree,Neither agree nor disagree,Neither agree nor disagree,I’m 20% more productive when working remotely,1,6.5,2,1,0,6,2,1
309,40%,Neither agree nor disagree,Neither agree nor disagree,Neither agree nor disagree,I’m 20% more productive when working remotely,1,6.5,2,1,0,6.25,2,1
310,40%,Neither agree nor disagree,Neither agree nor disagree,Neither agree nor disagree,I’m 20% more productive when working remotely,1,6.5,2,1,0,6.25,2,1
311,40%,Neither agree nor disagree,Neither agree nor disagree,Neither agree nor disagree,I’m 20% more productive when working remotely,1,6.5,2,1,0,6.5,2,1
312,40%,Neither agree nor disagree,Neither agree nor disagree,Neither agree nor disagree,I’m 20% more productive when working remotely,1,6.5,2,1,0,6.5,2,1
313,40%,Neither agree nor disagree,Neither agree nor disagree,Somewhat agree,I’m 20% more productive when working remotely,1,6.5,2,1,0,6.5,2,1
314,40%,Neither agree nor disagree,Neither agree nor disagree,Somewhat agree,I’m 20% more productive when working remotely,1,6.5,2,1,0,6.5,2,1
315,40%,Neither agree nor disagree,Neither agree nor disagree,Somewhat agree,I’m 20% more productive when working remotely,1,6.5,2,1,0,6.5,2,1
316,40%,Neither agree nor disagree,Neither agree nor disagree,Somewhat agree,I’m 20% more productive when working remotely,1,6.5,2,1,0,6.5,2,1
317,40%,Neither agree nor disagree,Neither agree nor disagree,Somewhat agree,I’m 20% more productive when working remotely,1,7,2,1,0,6.5,2,1
318,40%,Neither agree nor disagree,Neither agree nor disagree,Somewhat agree,I’m 20% more productive when working remotely,1,7,2,1,0,6.9,2,1
319,40%,Neither agree nor disagree,Neither agree nor disagree,Somewhat agree,I’m 20% more productive when working remotely,1,7,2,1,0,7,2,1
320,40%,Neither agree nor disagree,Neither agree nor disagree,Somewhat agree,I’m 20% more productive when working remotely,1,7,2,1,0,7,2,1
321,40%,Neither agree nor disagree,Neither agree nor disagree,Somewhat agree,I’m 20% more productive when working remotely,1,7,2,1,0,7,2,1
322,40%,Neither agree nor disagree,Neither agree nor disagree,Somewhat agree,I’m 20% more productive when working remotely,1,7,2,1,0,7,2,1
323,40%,Neither agree nor disagree,Neither agree nor disagree,Somewhat agree,I’m 20% more productive when working remotely,1,7,2,1,0,7,2,1
324,40%,Neither agree nor disagree,Neither agree nor disagree,Somewhat agree,I’m 20% more productive when working remotely,1,7,2,1,0,7,2,1
325,40%,Neither agree nor disagree,Neither agree nor disagree,Somewhat agree,I’m 20% more productive when working remotely,1,7,2,1,0,7,2,1
326,40%,Neither agree nor disagree,Neither agree nor disagree,Somewhat agree,I’m 20% more productive when working remotely,1,7,2,1,0,7,2,1
327,40%,Neither agree nor disagree,Neither agree nor disagree,Somewhat agree,I’m 20% more productive when working remotely,1,7,2,1,0,7,2,1
328,40%,Neither agree nor disagree,Neither agree nor disagree,Somewhat agree,I’m 20% more productive when working remotely,1,7,2,1,0,7,2,1
329,40%,Somewhat agree,Neither agree nor disagree,Somewhat agree,I’m 20% more productive when working remotely,1,7,2,1,0,7,2,1
330,40%,Somewhat agree,Neither agree nor disagree,Somewhat agree,I’m 20% more productive when working remotely,1,7,2,1,0,7,2,1
331,40%,Somewhat agree,Neither agree nor disagree,Somewhat agree,I’m 20% more productive when working remotely,1,7,2,1,0,7,2,1
332,40%,Somewhat agree,Neither agree nor disagree,Somewhat agree,I’m 20% more productive when working remotely,1,7,2,1,0,7,2,1
333,40%,Somewhat agree,Neither agree nor disagree,Somewhat agree,I’m 20% more productive when working remotely,1,7,2,1,0,7,2,1
334,40%,Somewhat agree,Neither agree nor disagree,Somewhat agree,I’m 20% more productive when working remotely,1,7,2,1,0,7,2,1
335,40%,Somewhat agree,Neither agree nor disagree,Somewhat agree,I’m 20% more productive when working remotely,1,7,2,1,0,7,2,1
336,40%,Somewhat agree,Neither agree nor disagree,Somewhat agree,I’m 20% more productive when working remotely,1,7,2,1,0,7,2,1
337,40%,Somewhat agree,Neither agree nor disagree,Somewhat agree,I’m 20% more productive when working remotely,1,7,2,1,0,7,2,1
338,40%,Somewhat agree,Neither agree nor disagree,Somewhat agree,I’m 20% more productive when working remotely,1,7,2,1,0,7,2,1
339,40%,Somewhat agree,Neither agree nor disagree,Somewhat agree,I’m 20% more productive when working remotely,1,7,2,1,0,7,2,1
340,40%,Somewhat agree,Neither agree nor disagree,Somewhat agree,I’m 20% more productive when working remotely,1,7,2,1,0,7,2,1
341,40%,Somewhat agree,Neither agree nor disagree,Somewhat agree,I’m 20% more productive when working remotely,1,7,2,1,0,7,2,1
342,40%,Somewhat agree,Neither agree nor disagree,Somewhat agree,I’m 20% more productive when working remotely,1,7,2,1,0,7,2,1
343,40%,Somewhat agree,Neither agree nor disagree,Somewhat agree,I’m 20% more productive when working remotely,1,7,2,1,0,7,2,1
344,40%,Somewhat agree,Neither agree nor disagree,Somewhat agree,I’m 20% more productive when working remotely,1,7,2,1,0,7,2,1
345,40%,Somewhat agree,Neither agree nor disagree,Somewhat agree,I’m 20% more productive when working remotely,1,7,2,1,0,7,2,1
346,40%,Somewhat agree,Neither agree nor disagree,Somewhat agree,I’m 20% more productive when working remotely,1,7,2,1,0,7,2,1
347,40%,Somewhat agree,Neither agree nor disagree,Somewhat agree,I’m 20% more productive when working remotely,1,7,2,1,0,7,2,1
348,40%,Somewhat agree,Neither agree nor disagree,Somewhat agree,I’m 20% more productive when working remotely,1,7,2,1,0,7,2,1
349,40%,Somewhat agree,Neither agree nor disagree,Somewhat agree,I’m 20% more productive when working remotely,1,7,2,1,0,7,2,1
350,40%,Somewhat agree,Neither agree nor disagree,Somewhat agree,I’m 20% more productive when working remotely,1,7,2,1,0,7,2,1
351,40%,Somewhat agree,Neither agree nor disagree,Somewhat agree,I’m 20% more productive when working remotely,1,7,2,1,0,7,2,1
352,40%,Somewhat agree,Neither agree nor disagree,Somewhat agree,I’m 20% more productive when working remotely,1,7,2,1,0,7,2,1
353,40%,Somewhat agree,Neither agree nor disagree,Somewhat agree,I’m 20% more productive when working remotely,1,7,2,1,0,7,2,1
354,40%,Somewhat agree,Neither agree nor disagree,Somewhat agree,I’m 20% more productive when working remotely,1,7,2,1,0,7,2,1
355,40%,Somewhat agree,Neither agree nor disagree,Somewhat agree,I’m 20% more productive when working remotely,1,7,2,1,0,7,2,1
356,40%,Somewhat agree,Neither agree nor disagree,Somewhat agree,I’m 20% more productive when working remotely,1,7,2,1,0,7,2,1
357,40%,Somewhat agree,Neither agree nor disagree,Somewhat agree,I’m 20% more productive when working remotely,1,7,2,1,0,7,2,1
358,40%,Somewhat agree,Neither agree nor disagree,Somewhat agree,I’m 20% more productive when working remotely,1,7,2,1,0,7,2,1
359,40%,Somewhat agree,Somewhat agree,Somewhat agree,I’m 20% more productive when working remotely,1,7,2,1,0,7,2,1
360,40%,Somewhat agree,Somewhat agree,Somewhat agree,I’m 20% more productive when working remotely,1,7,2,1,0,7,2,1
361,40%,Somewhat agree,Somewhat agree,Somewhat agree,I’m 20% more productive when working remotely,1,7,2,1,0,7,2,1
362,40%,Somewhat agree,Somewhat agree,Somewhat agree,I’m 20% more productive when working remotely,1,7,2,1,0,7,2,1
363,40%,Somewhat agree,Somewhat agree,Somewhat agree,I’m 20% more productive when working remotely,1,7,2,1,0,7,2,1
364,40%,Somewhat agree,Somewhat agree,Somewhat agree,I’m 20% more productive when working remotely,1,7,2,1,0,7,2,1
365,40%,Somewhat agree,Somewhat agree,Somewhat agree,I’m 20% more productive when working remotely,1,7,2,1,0,7,2,1
366,40%,Somewhat agree,Somewhat agree,Somewhat agree,I’m 20% more productive when working remotely,1,7,2,1,0,7,2,1
367,40%,Somewhat agree,Somewhat agree,Somewhat agree,I’m 20% more productive when working remotely,1,7,2,1,0,7,2,1
368,40%,Somewhat agree,Somewhat agree,Somewhat agree,I’m 20% more productive when working remotely,1,7,2,1,0,7,2,1
369,40%,Somewhat agree,Somewhat agree,Somewhat agree,I’m 20% more productive when working remotely,1,7,2,1,0,7,2,1
370,40%,Somewhat agree,Somewhat agree,Somewhat agree,I’m 20% more productive when working remotely,1,7,2,1,0,7,2,1
371,40%,Somewhat agree,Somewhat agree,Somewhat agree,I’m 20% more productive when working remotely,1,7,2,1,0,7,2,1
372,40%,Somewhat agree,Somewhat agree,Somewhat agree,I’m 20% more productive when working remotely,1,7,2,1,0,7,2,1
373,40%,Somewhat agree,Somewhat agree,Somewhat agree,I’m 20% more productive when working remotely,1,7,2,1,0,7,2,1
374,40%,Somewhat agree,Somewhat agree,Somewhat agree,I’m 20% more productive when working remotely,1,7,2,1,0,7,2,1
375,40%,Somewhat agree,Somewhat agree,Somewhat agree,I’m 20% more productive when working remotely,1,7,2,1,0,7,2,1
376,40%,Somewhat agree,Somewhat agree,Somewhat agree,I’m 20% more productive when working remotely,1,7,2,1,0,7,2.5,1
377,60%,Somewhat agree,Somewhat agree,Somewhat agree,I’m 20% more productive when working remotely,1,7,2,1,0,7,2.5,1
378,60%,Somewhat agree,Somewhat agree,Somewhat agree,I’m 20% more productive when working remotely,1,7,2,1,0,7,2.5,1
379,60%,Somewhat agree,Somewhat agree,Somewhat agree,I’m 20% more productive when working remotely,1,7,2,1,0,7,2.5,1
380,60%,Somewhat agree,Somewhat agree,Somewhat agree,I’m 20% more productive when working remotely,1,7,2,1,0,7,2.5,1
381,60%,Somewhat agree,Somewhat agree,Somewhat agree,I’m 20% more productive when working remotely,1,7,2,1,0,7,2.5,1
382,60%,Somewhat agree,Somewhat agree,Somewhat agree,I’m 20% more productive when working remotely,1,7,2,1,0,7,2.5,1
383,60%,Somewhat agree,Somewhat agree,Somewhat agree,I’m 20% more productive when working remotely,1,7,2,1,0,7,2.5,1
384,60%,Somewhat agree,Somewhat agree,Somewhat agree,I’m 20% more productive when working remotely,1,7,2,1,0,7,2.5,1
385,60%,Somewhat agree,Somewhat agree,Somewhat agree,I’m 20% more productive when working remotely,1,7,2,1,0,7,3,1
386,60%,Somewhat agree,Somewhat agree,Somewhat agree,I’m 20% more productive when working remotely,1,7,2,1,0,7,3,1
387,60%,Somewhat agree,Somewhat agree,Somewhat agree,I’m 20% more productive when working remotely,1,7,2,1,0,7,3,1
388,60%,Somewhat agree,Somewhat agree,Somewhat agree,I’m 20% more productive when working remotely,1,7,2,1,0,7,3,1
389,60%,Somewhat agree,Somewhat agree,Somewhat agree,I’m 20% more productive when working remotely,1,7,2,1,0,7,3,1
390,60%,Somewhat agree,Somewhat agree,Somewhat agree,I’m 20% more productive when working remotely,1,7,2,1,0,7,3,1
391,60%,Somewhat agree,Somewhat agree,Somewhat agree,I’m 20% more productive when working remotely,1,7,2,1,0,7,3,1
392,60%,Somewhat agree,Somewhat agree,Somewhat agree,I’m 20% more productive when working remotely,1,7,2,1,0,7,3,1
393,60%,Somewhat agree,Somewhat agree,Somewhat agree,I’m 20% more productive when working remotely,1,7,2,1,0,7,3,1
394,60%,Somewhat agree,Somewhat agree,Somewhat agree,I’m 20% more productive when working remotely,1,7,2,1,0,7,3,1
395,60%,Somewhat agree,Somewhat agree,Somewhat agree,I’m 20% more productive when working remotely,1,7,2,1,0,7,3,1
396,60%,Somewhat agree,Somewhat agree,Somewhat agree,I’m 20% more productive when working remotely,1,7,2,1,0,7,3,1
397,60%,Somewhat agree,Somewhat agree,Somewhat agree,I’m 20% more productive when working remotely,1,7,2,1,0,7,3,1
398,60%,Somewhat agree,Somewhat agree,Somewhat agree,I’m 20% more productive when working remotely,1,7,2,1,0,7,3,1
399,60%,Somewhat agree,Somewhat agree,Somewhat agree,I’m 20% more productive when working remotely,1,7,2,1,0,7,3,1
400,60%,Somewhat agree,Somewhat agree,Somewhat agree,I’m 20% more productive when working remotely,1,7,2,1,0,7,3,1
401,60%,Somewhat agree,Somewhat agree,Somewhat agree,I’m 20% more productive when working remotely,1,7,2,1,0,7,3,1
402,60%,Somewhat agree,Somewhat agree,Somewhat agree,I’m 20% more productive when working remotely,1,7,2,1,0,7,3,1
403,60%,Somewhat agree,Somewhat agree,Somewhat agree,I’m 20% more productive when working remotely,1,7,2,1,0,7,3,1
404,60%,Somewhat agree,Somewhat agree,Somewhat agree,I’m 20% more productive when working remotely,1,7,2,1,0,7,3,1
405,60%,Somewhat agree,Somewhat agree,Somewhat agree,I’m 20% more productive when working remotely,1,7,2,1,0,7,3,1
406,60%,Somewhat agree,Somewhat agree,Somewhat agree,I’m 20% more productive when working remotely,1,7,2,1,0,7,3,1
407,60%,Somewhat agree,Somewhat agree,Somewhat agree,I’m 20% more productive when working remotely,1,7,2,1,0,7,3,1
408,60%,Somewhat agree,Somewhat agree,Somewhat agree,I’m 20% more productive when working remotely,1,7,2,1,0,7,3,1
409,60%,Somewhat agree,Somewhat agree,Somewhat agree,I’m 20% more productive when working remotely,1,7,2,1,0,7,3,1
410,60%,Somewhat agree,Somewhat agree,Somewhat agree,I’m 20% more productive when working remotely,1,7,2,1,0,7,3,1
411,60%,Somewhat agree,Somewhat agree,Somewhat agree,I’m 20% more productive when working remotely,1,7,2,1,0,7,3,1
412,60%,Somewhat agree,Somewhat agree,Somewhat agree,I’m 20% more productive when working remotely,1,7,2,1,0,7,3,1
413,60%,Somewhat agree,Somewhat agree,Somewhat agree,I’m 20% more productive when working remotely,1,7,2,1,0,7,3,1
414,60%,Somewhat agree,Somewhat agree,Somewhat agree,I’m 20% more productive when working remotely,1,7,2,1,0,7,3,1
415,60%,Somewhat agree,Somewhat agree,Somewhat agree,I’m 20% more productive when working remotely,1,7,2,1,0,7,3,1
416,60%,Somewhat agree,Somewhat agree,Somewhat agree,I’m 20% more productive when working remotely,1,7,2,1,0,7,3,1
417,60%,Somewhat agree,Somewhat agree,Somewhat agree,I’m 20% more productive when working remotely,1,7,2,1,0,7,3,1
418,60%,Somewhat agree,Somewhat agree,Somewhat agree,I’m 20% more productive when working remotely,1,7,2,1,0,7,3,1
419,60%,Somewhat agree,Somewhat agree,Somewhat agree,I’m 20% more productive when working remotely,1,7,2,1,0,7,3,1
420,60%,Somewhat agree,Somewhat agree,Somewhat agree,I’m 20% more productive when working remotely,1,7,2,1,0,7,3,1
421,60%,Somewhat agree,Somewhat agree,Somewhat agree,I’m 20% more productive when working remotely,1,7,2,1,0,7,3,1
422,60%,Somewhat agree,Somewhat agree,Somewhat agree,I’m 20% more productive when working remotely,1,7,2,1,0,7,3,1
423,60%,Somewhat agree,Somewhat agree,Somewhat agree,I’m 20% more productive when working remotely,1,7,2,1,0,7,3,1
424,60%,Somewhat agree,Somewhat agree,Somewhat agree,I’m 20% more productive when working remotely,1,7,2,1,0,7,3,1
425,60%,Somewhat agree,Somewhat agree,Somewhat agree,I’m 20% more productive when working remotely,1,7,2,1,0,7,3,1
426,60%,Somewhat agree,Somewhat agree,Somewhat agree,I’m 20% more productive when working remotely,1,7,2,1,0,7,3,1
427,60%,Somewhat agree,Somewhat agree,Somewhat agree,I’m 20% more productive when working remotely,1,7,2,1,0,7,3,1
428,60%,Somewhat agree,Somewhat agree,Somewhat agree,I’m 20% more productive when working remotely,1,7,2,1,0,7,3,1
429,60%,Somewhat agree,Somewhat agree,Somewhat agree,I’m 20% more productive when working remotely,1,7,2,1,0,7,3,1
430,60%,Somewhat agree,Somewhat agree,Somewhat agree,I’m 20% more productive when working remotely,1,7,2,1,0,7,3,1
431,60%,Somewhat agree,Somewhat agree,Somewhat agree,I’m 20% more productive when working remotely,1,7,2,1,0,7,3,1
432,60%,Somewhat agree,Somewhat agree,Somewhat agree,I’m 20% more productive when working remotely,1,7,2,1,0,7,3,1
433,60%,Somewhat agree,Somewhat agree,Somewhat agree,I’m 20% more productive when working remotely,1,7,2,1,0,7,3,1
434,60%,Somewhat agree,Somewhat agree,Somewhat agree,I’m 20% more productive when working remotely,1,7,2,1,0,7,3,1
435,60%,Somewhat agree,Somewhat agree,Somewhat agree,I’m 20% more productive when working remotely,1,7,2,1,0,7,3,1
436,60%,Somewhat agree,Somewhat agree,Somewhat agree,I’m 20% more productive when working remotely,1,7,2,1,0,7,3,1
437,60%,Somewhat agree,Somewhat agree,Somewhat agree,I’m 20% more productive when working remotely,1,7,2,1,0,7,3,1
438,60%,Somewhat agree,Somewhat agree,Somewhat agree,I’m 20% more productive when working remotely,1,7,2,1,0,7,3,1
439,60%,Somewhat agree,Somewhat agree,Somewhat agree,I’m 20% more productive when working remotely,1,7,2,1,0,7,3,1
440,60%,Somewhat agree,Somewhat agree,Somewhat agree,I’m 20% more productive when working remotely,1,7,2,1,0,7,3,1
441,60%,Somewhat agree,Somewhat agree,Somewhat agree,I’m 20% more productive when working remotely,1,7,2,1,0,7,3,1
442,60%,Somewhat agree,Somewhat agree,Somewhat agree,I’m 20% more productive when working remotely,1,7,2,1,0,7,3,1
443,60%,Somewhat agree,Somewhat agree,Somewhat agree,I’m 20% more productive when working remotely,1,7,2,1,0,7,3,1
444,60%,Somewhat agree,Somewhat agree,Somewhat agree,I’m 20% more productive when working remotely,1,7,2,1,0,7,3,1
445,60%,Somewhat agree,Somewhat agree,Somewhat agree,I’m 20% more productive when working remotely,1,7,2,1,0,7,3,1
446,60%,Somewhat agree,Somewhat agree,Somewhat agree,I’m 20% more productive when working remotely,1,7,2,1,0,7,3,1
447,60%,Somewhat agree,Somewhat agree,Somewhat agree,I’m 20% more productive when working remotely,1,7,2,1,0,7,3,1
448,60%,Somewhat agree,Somewhat agree,Somewhat agree,I’m 20% more productive when working remotely,1,7,2,1,0,7,3,1
449,60%,Somewhat agree,Somewhat agree,Somewhat agree,I’m 20% more productive when working remotely,1,7,2,1,0,7,3,1
450,60%,Somewhat agree,Somewhat agree,Somewhat agree,I’m 20% more productive when working remotely,1,7,2,1,0,7,3,1
451,60%,Somewhat agree,Somewhat agree,Somewhat agree,I’m 20% more productive when working remotely,1,7,2,1,0,7,3,1
452,60%,Somewhat agree,Somewhat agree,Somewhat agree,I’m 20% more productive when working remotely,1,7,2,1,0,7,3,1
453,60%,Somewhat agree,Somewhat agree,Somewhat agree,I’m 20% more productive when working remotely,1,7,2,1,0,7,3,1
454,60%,Somewhat agree,Somewhat agree,Somewhat agree,I’m 20% more productive when working remotely,1,7,2,1,0,7,3,1
455,60%,Somewhat agree,Somewhat agree,Somewhat agree,I’m 20% more productive when working remotely,1,7,2,1,0,7,3,1
456,60%,Somewhat agree,Somewhat agree,Somewhat agree,I’m 20% more productive when working remotely,1,7,2,1,0,7,3,1
457,60%,Somewhat agree,Somewhat agree,Somewhat agree,I’m 20% more productive when working remotely,1,7,2,1,0,7,3,1
458,60%,Somewhat agree,Somewhat agree,Somewhat agree,I’m 20% more productive when working remotely,1,7,2,1,0,7,3,1
459,60%,Somewhat agree,Somewhat agree,Somewhat agree,I’m 20% more productive when working remotely,1,7,2,1,0,7,3,1
460,60%,Somewhat agree,Somewhat agree,Somewhat agree,I’m 20% more productive when working remotely,1,7,2,1,0,7,3,1
461,60%,Somewhat agree,Somewhat agree,Somewhat agree,I’m 20% more productive when working remotely,1,7,2,1,0,7,3,1
462,60%,Somewhat agree,Somewhat agree,Somewhat agree,I’m 20% more productive when working remotely,1,7,2,1,0,7,3,1
463,60%,Somewhat agree,Somewhat agree,Somewhat agree,I’m 20% more productive when working remotely,1,7,2,1,0,7,3,1
464,60%,Somewhat agree,Somewhat agree,Somewhat agree,I’m 20% more productive when working remotely,1,7,2,1,0,7,3,1
465,60%,Somewhat agree,Somewhat agree,Somewhat agree,I’m 20% more productive when working remotely,1,7,2,1,0,7,3,1
466,60%,Somewhat agree,Somewhat agree,Somewhat agree,I’m 20% more productive when working remotely,1,7,2,1,0,7,3,1
467,60%,Somewhat agree,Somewhat agree,Somewhat agree,I’m 20% more productive when working remotely,1,7,2,1,0,7,3,1
468,60%,Somewhat agree,Somewhat agree,Somewhat agree,I’m 20% more productive when working remotely,1,7,2,1,0,7,3,1
469,60%,Somewhat agree,Somewhat agree,Somewhat agree,I’m 20% more productive when working remotely,1,7,2,1,0,7,3,1
470,60%,Somewhat agree,Somewhat agree,Somewhat agree,I’m 20% more productive when working remotely,1,7,2,1,0,7,3,1
471,60%,Somewhat agree,Somewhat agree,Somewhat agree,I’m 20% more productive when working remotely,1,7,2,1,0,7,3,1
472,60%,Somewhat agree,Somewhat agree,Somewhat agree,I’m 20% more productive when working remotely,1,7,2,1,0,7,3,1
473,60%,Somewhat agree,Somewhat agree,Somewhat agree,I’m 20% more productive when working remotely,1,7,2,1,0,7,3,1.2
474,60%,Somewhat agree,Somewhat agree,Somewhat agree,I’m 20% more productive when working remotely,1,7,2,1,0,7,3,1.5
475,60%,Somewhat agree,Somewhat agree,Somewhat agree,I’m 20% more productive when working remotely,1,7,2,1,0,7,3,1.5
476,60%,Somewhat agree,Somewhat agree,Somewhat agree,I’m 20% more productive when working remotely,1,7,2,1,0,7,3,1.5
477,60%,Somewhat agree,Somewhat agree,Somewhat agree,I’m 20% more productive when working remotely,1,7,2,1,0,7,3,1.5
478,60%,Somewhat agree,Somewhat agree,Somewhat agree,I’m 20% more productive when working remotely,1,7,2,1,0,7,3,1.5
479,60%,Somewhat agree,Somewhat agree,Somewhat agree,I’m 20% more productive when working remotely,1,7,2,1,0,7,3,1.5
480,60%,Somewhat agree,Somewhat agree,Somewhat agree,I’m 20% more productive when working remotely,1,7,2,1,0,7,3,1.5
481,60%,Somewhat agree,Somewhat agree,Somewhat agree,I’m 20% more productive when working remotely,1,7,2,1,0,7,3,1.5
482,70%,Somewhat agree,Somewhat agree,Somewhat agree,I’m 20% more productive when working remotely,1,7,2,1,0,7,3,1.5
483,70%,Somewhat agree,Somewhat agree,Somewhat agree,I’m 20% more productive when working remotely,1,7,2,1,0,7,3,1.5
484,70%,Somewhat agree,Somewhat agree,Somewhat agree,I’m 20% more productive when working remotely,1,7,2,1,0,7,3,1.5
485,70%,Somewhat agree,Somewhat agree,Somewhat agree,I’m 20% more productive when working remotely,1,7,2,1,0,7,3,1.5
486,70%,Somewhat agree,Somewhat agree,Somewhat agree,I’m 20% more productive when working remotely,1,7,2,1,0,7,3,1.5
487,70%,Somewhat agree,Somewhat agree,Somewhat agree,I’m 20% more productive when working remotely,1,7,2,1,0,7,3,1.5
488,70%,Somewhat agree,Somewhat agree,Somewhat agree,I’m 20% more productive when working remotely,1,7,2,1,0,7,3,1.5
489,70%,Somewhat agree,Somewhat agree,Somewhat agree,I’m 20% more productive when working remotely,1,7,2,1,0,7,3,1.5
490,70%,Somewhat agree,Somewhat agree,Somewhat agree,I’m 20% more productive when working remotely,1,7,2,1,0,7,3,1.5
491,70%,Somewhat agree,Somewhat agree,Somewhat agree,I’m 20% more productive when working remotely,1,7,2,1,0,7.35,3,1.5
492,70%,Somewhat agree,Somewhat agree,Somewhat agree,I’m 20% more productive when working remotely,1,7,2,1,0,7.5,3,1.5
493,70%,Somewhat agree,Somewhat agree,Somewhat agree,I’m 20% more productive when working remotely,1,7,2,1,0,7.5,3,1.5
494,70%,Somewhat agree,Somewhat agree,Somewhat agree,I’m 20% more productive when working remotely,1,7,2,1,0,7.5,3,1.5
495,70%,Somewhat agree,Somewhat agree,Somewhat agree,I’m 20% more productive when working remotely,1,7,2,1,0,7.5,3,1.5
496,70%,Somewhat agree,Somewhat agree,Somewhat agree,I’m 20% more productive when working remotely,1,7,2,1,0,7.5,3,1.5
497,70%,Somewhat agree,Somewhat agree,Somewhat agree,I’m 30% less productive when working remotely,1,7,2,1,0,7.5,3,1.5
498,70%,Somewhat agree,Somewhat agree,Somewhat agree,I’m 30% less productive when working remotely,1,7,2,1,0,7.5,3,1.5
499,70%,Somewhat agree,Somewhat agree,Somewhat agree,I’m 30% less productive when working remotely,1,7,2,1,0,7.5,3,1.5
500,70%,Somewhat agree,Somewhat agree,Somewhat agree,I’m 30% less productive when working remotely,1,7,2,1,0,7.5,3,1.5
501,70%,Somewhat agree,Somewhat agree,Somewhat agree,I’m 30% less productive when working remotely,1,7,2,1,0,7.5,3,2
502,70%,Somewhat agree,Somewhat agree,Somewhat agree,I’m 30% less productive when working remotely,1,7,2,1,0,7.5,3,2
503,70%,Somewhat agree,Somewhat agree,Somewhat agree,I’m 30% less productive when working remotely,1,7,2,1,0,7.5,3,2
504,70%,Somewhat agree,Somewhat agree,Somewhat agree,I’m 30% less productive when working remotely,1,7,2,1,0,7.5,3,2
505,70%,Somewhat agree,Somewhat agree,Somewhat agree,I’m 30% less productive when working remotely,1,7,2,1,0,7.5,3,2
506,70%,Somewhat agree,Somewhat agree,Somewhat agree,I’m 30% less productive when working remotely,1,7,2,1,0,7.5,3,2
507,70%,Somewhat agree,Somewhat agree,Somewhat agree,I’m 30% less productive when working remotely,1,7,2,1,0,7.5,3,2
508,70%,Somewhat agree,Somewhat agree,Somewhat agree,I’m 30% less productive when working remotely,1,7,2,1,0,7.5,3,2
509,70%,Somewhat agree,Somewhat agree,Somewhat agree,I’m 30% less productive when working remotely,1,7,2,1,0,7.5,3,2
510,70%,Somewhat agree,Somewhat agree,Somewhat agree,I’m 30% less productive when working remotely,1,7,2,1,0,7.5,3,2
511,70%,Somewhat agree,Somewhat agree,Somewhat agree,I’m 30% less productive when working remotely,1,7,2,1,0,7.5,3,2
512,70%,Somewhat agree,Somewhat agree,Somewhat agree,I’m 30% less productive when working remotely,1,7,2,1,0,7.5,3,2
513,70%,Somewhat agree,Somewhat agree,Somewhat agree,I’m 30% less productive when working remotely,1,7,2,1,0,7.5,3,2
514,70%,Somewhat agree,Somewhat agree,Somewhat agree,I’m 30% less productive when working remotely,1,7,2,1,0,7.5,3,2
515,70%,Somewhat agree,Somewhat agree,Somewhat agree,I’m 30% less productive when working remotely,1,7,2,1,0,7.5,3,2
516,70%,Somewhat agree,Somewhat agree,Somewhat agree,I’m 30% less productive when working remotely,1,7,2,1,0,7.5,3,2
517,70%,Somewhat agree,Somewhat agree,Somewhat agree,I’m 30% less productive when working remotely,1,7,2,1,0,7.5,3,2
518,70%,Somewhat agree,Somewhat agree,Somewhat agree,I’m 30% less productive when working remotely,1,7,2,1,0,7.5,3,2
519,70%,Somewhat agree,Somewhat agree,Somewhat agree,I’m 30% less productive when working remotely,1,7,2,1,0,7.5,3,2
520,70%,Somewhat agree,Somewhat agree,Somewhat agree,I’m 30% less productive when working remotely,1,7,2,1,0,7.5,3,2
521,70%,Somewhat agree,Somewhat agree,Somewhat agree,I’m 30% less productive when working remotely,1,7.35,2,1,0,7.5,3,2
522,70%,Somewhat agree,Somewhat agree,Somewhat agree,I’m 30% less productive when working remotely,1,7.5,2,1,0,7.5,3,2
523,70%,Somewhat agree,Somewhat agree,Somewhat agree,I’m 30% less productive when working remotely,1,7.5,2,1,0,7.5,3,2
524,70%,Somewhat agree,Somewhat agree,Somewhat agree,I’m 30% less productive when working remotely,1,7.5,2,1,0,7.5,3,2
525,70%,Somewhat agree,Somewhat agree,Somewhat agree,I’m 30% less productive when working remotely,1,7.5,2,1,0,7.5,3,2
526,70%,Somewhat agree,Somewhat agree,Somewhat agree,I’m 30% less productive when working remotely,1,7.5,2,1,0,7.5,3,2
527,70%,Somewhat agree,Somewhat agree,Somewhat agree,I’m 30% less productive when working remotely,1,7.5,2,1,0,7.5,3,2
528,70%,Somewhat agree,Somewhat agree,Somewhat agree,I’m 30% less productive when working remotely,1,7.5,2,1,0,7.5,3,2
529,70%,Somewhat agree,Somewhat agree,Somewhat agree,I’m 30% less productive when working remotely,1,7.5,2,1,0,7.5,3,2
530,70%,Somewhat agree,Somewhat agree,Somewhat agree,I’m 30% less productive when working remotely,1,7.5,2,1,0,7.5,3,2
531,70%,Somewhat agree,Somewhat agree,Somewhat agree,I’m 30% less productive when working remotely,1,7.5,2,1,0,7.5,3,2
532,70%,Somewhat agree,Somewhat agree,Somewhat agree,I’m 30% less productive when working remotely,1,7.5,2,1,0,7.5,3,2
533,70%,Somewhat agree,Somewhat agree,Somewhat agree,I’m 30% less productive when working remotely,1,7.5,2,1,0,7.5,3,2
534,70%,Somewhat agree,Somewhat agree,Somewhat agree,I’m 30% less productive when working remotely,1,7.5,2,1,0,7.5,3,2
535,70%,Somewhat agree,Somewhat agree,Somewhat agree,I’m 30% less productive when working remotely,1,7.5,2,1,0,7.5,3,2
536,70%,Somewhat agree,Somewhat agree,Somewhat agree,I’m 30% less productive when working remotely,1,7.5,2,1,0,7.5,3,2
537,70%,Somewhat agree,Somewhat agree,Somewhat agree,I’m 30% less productive when working remotely,1,7.5,2,1,0,7.5,3,2
538,70%,Somewhat agree,Somewhat agree,Somewhat agree,I’m 30% less productive when working remotely,1,7.5,2,1,0,7.5,3,2
539,70%,Somewhat agree,Somewhat agree,Somewhat agree,I’m 30% less productive when working remotely,1,7.5,2,1,0,7.5,3,2
540,70%,Somewhat agree,Somewhat agree,Somewhat agree,I’m 30% more productive when working remotely,1,7.5,2,1,0,7.5,3,2
541,70%,Somewhat agree,Somewhat agree,Somewhat agree,I’m 30% more productive when working remotely,1,7.5,2,1,0,7.5,3,2
542,70%,Somewhat agree,Somewhat agree,Somewhat agree,I’m 30% more productive when working remotely,1,7.5,2,1,0,7.5,3,2
543,70%,Somewhat agree,Somewhat agree,Somewhat agree,I’m 30% more productive when working remotely,1,7.5,2,1,0,7.5,3,2
544,70%,Somewhat agree,Somewhat agree,Somewhat agree,I’m 30% more productive when working remotely,1,7.5,2,1,0,7.5,3,2
545,70%,Somewhat agree,Somewhat agree,Somewhat agree,I’m 30% more productive when working remotely,1,7.5,2,1,0,7.5,3,2
546,70%,Somewhat agree,Somewhat agree,Somewhat agree,I’m 30% more productive when working remotely,1,7.5,2,1,0,7.5,3,2
547,70%,Somewhat agree,Somewhat agree,Somewhat agree,I’m 30% more productive when working remotely,1,7.5,2,1,0,7.5,3,2
548,70%,Somewhat agree,Somewhat agree,Somewhat agree,I’m 30% more productive when working remotely,1,7.5,2,1,0,7.5,3,2
549,70%,Somewhat agree,Somewhat agree,Somewhat agree,I’m 30% more productive when working remotely,1,7.5,2,1,0,7.5,3,2
550,70%,Somewhat agree,Somewhat agree,Somewhat agree,I’m 30% more productive when working remotely,1,7.5,2,1,0,7.6,3,2
551,70%,Somewhat agree,Somewhat agree,Somewhat agree,I’m 30% more productive when working remotely,1,7.5,2,1,0,7.6,3,2
552,70%,Somewhat agree,Somewhat agree,Somewhat agree,I’m 30% more productive when working remotely,1,7.5,2,1,0,7.6,3,2
553,70%,Somewhat agree,Somewhat agree,Somewhat agree,I’m 30% more productive when working remotely,1,7.5,2,1,0,7.66,3,2
554,70%,Somewhat agree,Somewhat agree,Somewhat agree,I’m 30% more productive when working remotely,1,7.5,2,1,0,7.75,3,2
555,70%,Somewhat agree,Somewhat agree,Somewhat agree,I’m 30% more productive when working remotely,1,7.5,2.5,1,0,7.9,3,2
556,70%,Somewhat agree,Somewhat agree,Somewhat agree,I’m 30% more productive when working remotely,1,7.5,2.5,1,0,8,3,2
557,70%,Somewhat agree,Somewhat agree,Somewhat agree,I’m 30% more productive when working remotely,1,7.5,2.5,1,0,8,3,2
558,70%,Somewhat agree,Somewhat agree,Somewhat agree,I’m 30% more productive when working remotely,1,7.5,2.5,1,0,8,3,2
559,70%,Somewhat agree,Somewhat agree,Somewhat agree,I’m 30% more productive when working remotely,1,7.5,2.5,1,0,8,3,2
560,70%,Somewhat agree,Somewhat agree,Somewhat agree,I’m 30% more productive when working remotely,1,7.5,2.5,1,0,8,3,2
561,70%,Somewhat agree,Somewhat agree,Somewhat agree,I’m 30% more productive when working remotely,1,7.5,2.5,1,0,8,3,2
562,80%,Somewhat agree,Somewhat agree,Somewhat agree,I’m 30% more productive when working remotely,1,7.5,2.5,1,0,8,3,2
563,80%,Somewhat agree,Somewhat agree,Somewhat agree,I’m 30% more productive when working remotely,1,7.5,2.5,1,0,8,3,2
564,80%,Somewhat agree,Somewhat agree,Somewhat agree,I’m 30% more productive when working remotely,1,7.5,3,1,0,8,3,2
565,80%,Somewhat agree,Somewhat agree,Somewhat agree,I’m 30% more productive when working remotely,1,7.5,3,1,0,8,3,2
566,80%,Somewhat agree,Somewhat agree,Somewhat agree,I’m 30% more productive when working remotely,1,7.5,3,1,0,8,3,2
567,80%,Somewhat agree,Somewhat agree,Somewhat agree,I’m 30% more productive when working remotely,1,7.5,3,1,0,8,3,2
568,80%,Somewhat agree,Somewhat agree,Somewhat agree,I’m 30% more productive when working remotely,1,7.5,3,1,0,8,3,2
569,80%,Somewhat agree,Somewhat agree,Somewhat agree,I’m 30% more productive when working remotely,1,7.5,3,1,0,8,3,2
570,80%,Somewhat agree,Somewhat agree,Somewhat agree,I’m 30% more productive when working remotely,1,7.5,3,1,0,8,3,2
571,80%,Somewhat agree,Somewhat agree,Somewhat agree,I’m 30% more productive when working remotely,1,7.5,3,1,0,8,3,2
572,80%,Somewhat agree,Somewhat agree,Somewhat agree,I’m 30% more productive when working remotely,1,7.5,3,1,0,8,3,2
573,80%,Somewhat agree,Somewhat agree,Somewhat agree,I’m 30% more productive when working remotely,1,7.5,3,1,0,8,3,2
574,80%,Somewhat agree,Somewhat agree,Somewhat agree,I’m 30% more productive when working remotely,1,7.5,3,1,0,8,3,2
575,80%,Somewhat agree,Somewhat agree,Somewhat agree,I’m 30% more productive when working remotely,1,7.5,3,1,0,8,3,2
576,80%,Somewhat agree,Somewhat agree,Somewhat agree,I’m 30% more productive when working remotely,1,7.5,3,1,0,8,3,2
577,80%,Somewhat agree,Somewhat agree,Somewhat agree,I’m 30% more productive when working remotely,1,7.5,3,1,0,8,3,2
578,80%,Somewhat agree,Somewhat agree,Somewhat agree,I’m 30% more productive when working remotely,1,7.5,3,1,0,8,3,2
579,80%,Somewhat agree,Somewhat agree,Somewhat agree,I’m 30% more productive when working remotely,1,7.5,3,1,0,8,3,2
580,80%,Somewhat agree,Somewhat agree,Somewhat agree,I’m 30% more productive when working remotely,1,7.5,3,1,0,8,3,2
581,80%,Somewhat agree,Somewhat agree,Somewhat agree,I’m 30% more productive when working remotely,1,7.5,3,1.3,0,8,3,2
582,80%,Somewhat agree,Somewhat agree,Somewhat agree,I’m 30% more productive when working remotely,1,7.5,3,1.5,0,8,3,2
583,80%,Somewhat agree,Somewhat agree,Somewhat agree,I’m 30% more productive when working remotely,1,7.5,3,1.5,0,8,3,2
584,80%,Somewhat agree,Somewhat agree,Somewhat agree,I’m 30% more productive when working remotely,1,7.5,3,1.5,0,8,3,2
585,80%,Somewhat agree,Somewhat agree,Somewhat agree,I’m 30% more productive when working remotely,1,7.5,3,1.5,0,8,3,2
586,80%,Somewhat agree,Somewhat agree,Somewhat agree,I’m 30% more productive when working remotely,1,7.5,3,1.5,0,8,3,2
587,80%,Somewhat agree,Somewhat agree,Somewhat agree,I’m 30% more productive when working remotely,1,7.5,3,1.5,0,8,3,2
588,80%,Somewhat agree,Somewhat agree,Somewhat agree,I’m 30% more productive when working remotely,1,7.5,3,1.5,0,8,3,2
589,80%,Somewhat agree,Somewhat agree,Somewhat agree,I’m 30% more productive when working remotely,1,7.5,3,1.5,0,8,3,2
590,80%,Somewhat agree,Somewhat agree,Somewhat agree,I’m 30% more productive when working remotely,1,7.5,3,1.5,0,8,3,2
591,80%,Somewhat agree,Somewhat agree,Somewhat agree,I’m 30% more productive when working remotely,1,7.5,3,1.5,0,8,3,2
592,80%,Somewhat agree,Somewhat agree,Somewhat agree,I’m 30% more productive when working remotely,1,7.5,3,1.5,0,8,3,2
593,80%,Somewhat agree,Somewhat agree,Somewhat agree,I’m 30% more productive when working remotely,1,7.5,3,1.5,0,8,3,2
594,80%,Somewhat agree,Somewhat agree,Somewhat agree,I’m 30% more productive when working remotely,1,7.5,3,1.5,0,8,3,2
595,80%,Somewhat agree,Somewhat agree,Somewhat agree,I’m 30% more productive when working remotely,1,7.5,3,1.5,0,8,3,2
596,80%,Somewhat agree,Somewhat agree,Somewhat agree,I’m 30% more productive when working remotely,1,7.5,3,1.5,0,8,3,2
597,80%,Somewhat agree,Somewhat agree,Somewhat agree,I’m 30% more productive when working remotely,1,7.5,3,1.5,0,8,3,2
598,80%,Somewhat agree,Somewhat agree,Somewhat agree,I’m 30% more productive when working remotely,1,7.5,3,1.5,0,8,3,2
599,80%,Somewhat agree,Somewhat agree,Somewhat agree,I’m 30% more productive when working remotely,1,7.5,3,1.5,0,8,3,2
600,80%,Somewhat agree,Somewhat agree,Somewhat agree,I’m 30% more productive when working remotely,1,7.5,3,1.5,0,8,3,2
601,80%,Somewhat agree,Somewhat agree,Somewhat agree,I’m 30% more productive when working remotely,1,7.5,3,1.5,0,8,3,2
602,80%,Somewhat agree,Somewhat agree,Somewhat agree,I’m 30% more productive when working remotely,1,7.5,3,1.5,0,8,3,2
603,80%,Somewhat agree,Somewhat agree,Somewhat agree,I’m 30% more productive when working remotely,1,7.5,3,1.5,0,8,3,2
604,80%,Somewhat agree,Somewhat agree,Somewhat agree,I’m 30% more productive when working remotely,1,7.5,3,1.5,0,8,3,2
605,80%,Somewhat agree,Somewhat agree,Somewhat agree,I’m 30% more productive when working remotely,1,7.5,3,1.5,0,8,3,2
606,80%,Somewhat agree,Somewhat agree,Somewhat agree,I’m 30% more productive when working remotely,1,7.5,3,2,0,8,3,2
607,80%,Somewhat agree,Somewhat agree,Somewhat agree,I’m 30% more productive when working remotely,1,7.5,3,2,0,8,3,2
608,80%,Somewhat agree,Somewhat agree,Somewhat agree,I’m 30% more productive when working remotely,1,7.5,3,2,0,8,3,2
609,80%,Somewhat agree,Somewhat agree,Somewhat agree,I’m 30% more productive when working remotely,1,7.6,3,2,0,8,3,2
610,80%,Somewhat agree,Somewhat agree,Somewhat agree,I’m 30% more productive when working remotely,1,7.6,3,2,0,8,3,2
611,80%,Somewhat agree,Somewhat agree,Somewhat agree,I’m 30% more productive when working remotely,1,7.6,3,2,0,8,3,2
612,80%,Somewhat agree,Somewhat agree,Somewhat agree,I’m 30% more productive when working remotely,1,7.6,3,2,0,8,3,2
613,80%,Somewhat agree,Somewhat agree,Somewhat agree,I’m 30% more productive when working remotely,1,7.66,3,2,0,8,3,2
614,80%,Somewhat agree,Somewhat agree,Somewhat agree,I’m 30% more productive when working remotely,1,7.75,3,2,0,8,3,2
615,80%,Somewhat agree,Somewhat agree,Somewhat agree,I’m 30% more productive when working remotely,1,7.75,3,2,0,8,3.5,2
616,80%,Somewhat agree,Somewhat agree,Somewhat agree,I’m 30% more productive when working remotely,1,8,3,2,0,8,3.5,2
617,80%,Somewhat agree,Somewhat agree,Somewhat agree,I’m 30% more productive when working remotely,1,8,3,2,0,8,3.5,2
618,80%,Somewhat agree,Somewhat agree,Somewhat agree,I’m 30% more productive when working remotely,1,8,3,2,0,8,3.5,2
619,80%,Somewhat agree,Somewhat agree,Somewhat agree,I’m 30% more productive when working remotely,1,8,3,2,0,8,3.5,2
620,80%,Somewhat agree,Somewhat agree,Somewhat agree,I’m 30% more productive when working remotely,1,8,3,2,0,8,3.5,2
621,80%,Somewhat agree,Somewhat agree,Somewhat agree,I’m 30% more productive when working remotely,1,8,3,2,0,8,3.5,2
622,80%,Somewhat agree,Somewhat agree,Somewhat agree,I’m 30% more productive when working remotely,1,8,3,2,0,8,3.5,2
623,80%,Somewhat agree,Somewhat agree,Somewhat agree,I’m 30% more productive when working remotely,1,8,3,2,0,8,3.5,2
624,80%,Somewhat agree,Somewhat agree,Somewhat agree,I’m 30% more productive when working remotely,1,8,3,2,0,8,3.5,2
625,80%,Somewhat agree,Somewhat agree,Somewhat agree,I’m 30% more productive when working remotely,1,8,3,2,0,8,3.5,2
626,80%,Somewhat agree,Somewhat agree,Somewhat agree,I’m 30% more productive when working remotely,1,8,3,2,0,8,3.5,2
627,80%,Somewhat agree,Somewhat agree,Somewhat agree,I’m 30% more productive when working remotely,1,8,3,2,0,8,3.5,2
628,80%,Somewhat agree,Somewhat agree,Somewhat agree,I’m 30% more productive when working remotely,1,8,3,2,0,8,3.5,2
629,80%,Somewhat agree,Somewhat agree,Somewhat agree,I’m 30% more productive when working remotely,1,8,3,2,0,8,3.5,2
630,80%,Somewhat agree,Somewhat agree,Somewhat agree,I’m 30% more productive when working remotely,1,8,3,2,0,8,3.5,2
631,80%,Somewhat agree,Somewhat agree,Somewhat agree,I’m 30% more productive when working remotely,1,8,3,2,0,8,4,2
632,80%,Somewhat agree,Somewhat agree,Somewhat agree,I’m 30% more productive when working remotely,1,8,3,2,0,8,4,2
633,80%,Somewhat agree,Somewhat agree,Somewhat agree,I’m 30% more productive when working remotely,1,8,3,2,0,8,4,2
634,80%,Somewhat agree,Somewhat agree,Somewhat agree,I’m 30% more productive when working remotely,1,8,3,2,0,8,4,2
635,80%,Somewhat agree,Somewhat agree,Somewhat agree,I’m 30% more productive when working remotely,1,8,3,2,0,8,4,2
636,80%,Somewhat agree,Somewhat agree,Somewhat agree,I’m 30% more productive when working remotely,1,8,3,2,0,8,4,2
637,80%,Somewhat agree,Somewhat agree,Somewhat agree,I’m 30% more productive when working remotely,1,8,3,2,0,8,4,2
638,80%,Somewhat agree,Somewhat agree,Somewhat agree,I’m 30% more productive when working remotely,1,8,3,2,0,8,4,2
639,80%,Somewhat agree,Somewhat agree,Somewhat agree,I’m 30% more productive when working remotely,1,8,3,2,0,8,4,2
640,80%,Somewhat agree,Somewhat agree,Somewhat agree,I’m 30% more productive when working remotely,1,8,3,2,0,8,4,2
641,80%,Somewhat agree,Somewhat agree,Somewhat agree,I’m 30% more productive when working remotely,1,8,3,2,0,8,4,2
642,80%,Somewhat agree,Somewhat agree,Somewhat agree,I’m 30% more productive when working remotely,1,8,3,2,0,8,4,2
643,80%,Somewhat agree,Somewhat agree,Somewhat agree,I’m 30% more productive when working remotely,1,8,3,2,0,8,4,2
644,80%,Somewhat agree,Somewhat agree,Somewhat agree,I’m 30% more productive when working remotely,1,8,3,2,0,8,4,2
645,80%,Somewhat agree,Somewhat agree,Somewhat agree,I’m 30% more productive when working remotely,1,8,3,2,0,8,4,2
646,80%,Somewhat agree,Somewhat agree,Somewhat agree,I’m 30% more productive when working remotely,1,8,3,2,0,8,4,2
647,80%,Somewhat agree,Somewhat agree,Somewhat agree,I’m 30% more productive when working remotely,1,8,3,2,0,8,4,2
648,80%,Somewhat agree,Somewhat agree,Somewhat agree,I’m 30% more productive when working remotely,1,8,3,2,0,8,4,2
649,80%,Somewhat agree,Somewhat agree,Somewhat agree,I’m 30% more productive when working remotely,1,8,3,2,0,8,4,2
650,80%,Somewhat agree,Somewhat agree,Somewhat agree,I’m 30% more productive when working remotely,1,8,3,2,0,8,4,2
651,80%,Somewhat agree,Somewhat agree,Somewhat agree,I’m 30% more productive when working remotely,1,8,3,2,0,8,4,2
652,80%,Somewhat agree,Somewhat agree,Somewhat agree,I’m 30% more productive when working remotely,1,8,3,2,0,8,4,2
653,80%,Somewhat agree,Somewhat agree,Somewhat agree,I’m 30% more productive when working remotely,1,8,3,2,0,8,4,2
654,80%,Somewhat agree,Somewhat agree,Somewhat agree,I’m 30% more productive when working remotely,1,8,3,2,0,8,4,2
655,80%,Somewhat agree,Somewhat agree,Somewhat agree,I’m 30% more productive when working remotely,1,8,3,2,0,8,4,2
656,80%,Somewhat agree,Somewhat agree,Somewhat agree,I’m 30% more productive when working remotely,1,8,3,2,0,8,4,2
657,80%,Somewhat agree,Somewhat agree,Somewhat agree,I’m 30% more productive when working remotely,1,8,3,2,0,8,4,2
658,80%,Somewhat agree,Somewhat agree,Somewhat agree,I’m 30% more productive when working remotely,1,8,3,2,0,8,4,2
659,80%,Somewhat agree,Somewhat agree,Somewhat agree,I’m 30% more productive when working remotely,1,8,3,2,0,8,4,2
660,80%,Somewhat agree,Somewhat agree,Somewhat agree,I’m 30% more productive when working remotely,1,8,3,2,0,8,4,2
661,80%,Somewhat agree,Somewhat agree,Somewhat agree,I’m 30% more productive when working remotely,1,8,3,2,0,8,4,2
662,80%,Somewhat agree,Somewhat agree,Somewhat agree,I’m 30% more productive when working remotely,1,8,3,2,0,8,4,2
663,80%,Somewhat agree,Somewhat agree,Somewhat agree,I’m 30% more productive when working remotely,1,8,3,2,0,8,4,2
664,80%,Somewhat agree,Somewhat agree,Somewhat agree,I’m 30% more productive when working remotely,1,8,3,2,0,8,4,2
665,80%,Somewhat agree,Somewhat agree,Somewhat agree,I’m 30% more productive when working remotely,1,8,3,2,0,8,4,2
666,80%,Somewhat agree,Somewhat agree,Somewhat agree,I’m 30% more productive when working remotely,1.2,8,3,2,0,8,4,2
667,80%,Somewhat agree,Somewhat agree,Somewhat agree,I’m 30% more productive when working remotely,1.2,8,3,2,0,8,4,2
668,80%,Somewhat agree,Somewhat agree,Somewhat agree,I’m 30% more productive when working remotely,1.25,8,3,2,0,8,4,2
669,80%,Somewhat agree,Somewhat agree,Somewhat agree,I’m 30% more productive when working remotely,1.25,8,3,2,0,8,4,2
670,80%,Somewhat agree,Somewhat agree,Somewhat agree,I’m 30% more productive when working remotely,1.5,8,3,2,0,8,4,2
671,80%,Somewhat agree,Somewhat agree,Somewhat agree,I’m 30% more productive when working remotely,1.5,8,3,2,0,8,4,2
672,80%,Somewhat agree,Somewhat agree,Somewhat agree,I’m 30% more productive when working remotely,1.5,8,3,2,0,8,4,2
673,80%,Somewhat agree,Somewhat agree,Somewhat agree,I’m 30% more productive when working remotely,1.5,8,3,2,0.05,8,4,2
674,80%,Somewhat agree,Somewhat agree,Somewhat agree,I’m 30% more productive when working remotely,1.5,8,3,2,0.05,8,4,2
675,80%,Somewhat agree,Somewhat agree,Somewhat agree,I’m 30% more productive when working remotely,1.5,8,3,2,0.1,8,4,2
676,80%,Somewhat agree,Somewhat agree,Somewhat agree,I’m 30% more productive when working remotely,1.5,8,3,2,0.1,8,4,2
677,80%,Somewhat agree,Somewhat agree,Somewhat agree,I’m 30% more productive when working remotely,1.5,8,3,2,0.1,8,4,2
678,80%,Somewhat agree,Somewhat agree,Somewhat agree,I’m 30% more productive when working remotely,1.5,8,3,2,0.1,8,4,2
679,80%,Somewhat agree,Somewhat agree,Somewhat agree,I’m 30% more productive when working remotely,1.5,8,3,2,0.1,8,4,2
680,80%,Somewhat agree,Somewhat agree,Somewhat agree,I’m 30% more productive when working remotely,1.5,8,3,2,0.1,8,4,2
681,80%,Somewhat agree,Somewhat agree,Somewhat agree,I’m 30% more productive when working remotely,1.5,8,3,2,0.1,8,4,2
682,80%,Somewhat agree,Somewhat agree,Somewhat agree,I’m 30% more productive when working remotely,1.5,8,3,2,0.1,8,4,2
683,80%,Somewhat agree,Somewhat agree,Somewhat agree,I’m 30% more productive when working remotely,1.5,8,3,2,0.1,8,4,2
684,80%,Somewhat agree,Somewhat agree,Somewhat agree,I’m 30% more productive when working remotely,1.5,8,3,2,0.1,8,4,2
685,80%,Somewhat agree,Somewhat agree,Somewhat agree,I’m 30% more productive when working remotely,1.5,8,3,2,0.1,8,4,2
686,90%,Somewhat agree,Somewhat agree,Somewhat agree,I’m 30% more productive when working remotely,1.5,8,3,2,0.1,8,4,2
687,90%,Somewhat agree,Somewhat agree,Somewhat agree,I’m 30% more productive when working remotely,1.5,8,3,2,0.1,8,4,2
688,90%,Somewhat agree,Somewhat agree,Somewhat agree,I’m 30% more productive when working remotely,1.5,8,3,2,0.1,8,4,2
689,90%,Somewhat agree,Somewhat agree,Somewhat agree,I’m 30% more productive when working remotely,1.5,8,3,2,0.1,8,4,2
690,90%,Somewhat agree,Somewhat agree,Somewhat agree,I’m 30% more productive when working remotely,1.5,8,3,2,0.1,8,4,2
691,90%,Somewhat agree,Somewhat agree,Somewhat agree,I’m 30% more productive when working remotely,1.5,8,3,2,0.1,8,4,2
692,90%,Somewhat agree,Somewhat agree,Somewhat agree,I’m 30% more productive when working remotely,1.5,8,3,2,0.1,8,4,2
693,90%,Somewhat agree,Somewhat agree,Somewhat agree,I’m 30% more productive when working remotely,1.5,8,3,2,0.1,8,4,2
694,90%,Somewhat agree,Somewhat agree,Somewhat agree,I’m 30% more productive when working remotely,1.5,8,3,2,0.1,8,4,2
695,90%,Somewhat agree,Somewhat agree,Somewhat agree,I’m 30% more productive when working remotely,1.5,8,3,2,0.15,8,4,2
696,90%,Somewhat agree,Somewhat agree,Somewhat agree,I’m 30% more productive when working remotely,1.5,8,3,2,0.15,8,4,2
697,90%,Somewhat agree,Somewhat agree,Somewhat agree,I’m 30% more productive when working remotely,1.5,8,3,2,0.15,8,4,2
698,90%,Somewhat agree,Somewhat agree,Somewhat agree,I’m 30% more productive when working remotely,1.5,8,3,2,0.2,8,4,2
699,90%,Somewhat agree,Somewhat agree,Somewhat agree,I’m 30% more productive when working remotely,1.5,8,3,2,0.2,8,4,2
700,90%,Somewhat agree,Somewhat agree,Somewhat agree,I’m 30% more productive when working remotely,1.5,8,3,2,0.2,8,4,2
701,90%,Somewhat agree,Somewhat agree,Somewhat agree,I’m 30% more productive when working remotely,1.5,8,3,2,0.2,8,4,2
702,90%,Somewhat agree,Somewhat agree,Somewhat agree,I’m 30% more productive when working remotely,1.5,8,3,2,0.2,8,4,2
703,90%,Somewhat agree,Somewhat agree,Somewhat agree,I’m 30% more productive when working remotely,1.5,8,3,2,0.2,8,4,2
704,90%,Somewhat agree,Somewhat agree,Somewhat agree,I’m 30% more productive when working remotely,1.5,8,3,2,0.2,8,4,2
705,90%,Somewhat agree,Somewhat agree,Somewhat agree,I’m 30% more productive when working remotely,1.5,8,3,2,0.2,8,4,2
706,90%,Somewhat agree,Somewhat agree,Somewhat agree,I’m 30% more productive when working remotely,1.5,8,3,2,0.2,8,4,2
707,90%,Somewhat agree,Somewhat agree,Somewhat agree,I’m 30% more productive when working remotely,1.5,8,3,2,0.2,8,4,2
708,90%,Somewhat agree,Somewhat agree,Somewhat agree,I’m 30% more productive when working remotely,1.5,8,3,2,0.2,8,4,2
709,90%,Somewhat agree,Somewhat agree,Somewhat agree,I’m 30% more productive when working remotely,1.5,8,3,2,0.2,8,4,2
710,90%,Somewhat agree,Somewhat agree,Somewhat agree,I’m 30% more productive when working remotely,1.5,8,3,2,0.2,8,4,2
711,90%,Somewhat agree,Somewhat agree,Somewhat agree,I’m 30% more productive when working remotely,1.5,8,3,2,0.2,8,4,2
712,90%,Somewhat agree,Somewhat agree,Somewhat agree,I’m 30% more productive when working remotely,1.5,8,3,2,0.2,8,4,2
713,90%,Somewhat agree,Somewhat agree,Somewhat agree,I’m 30% more productive when working remotely,1.5,8,3,2,0.25,8,4,2
714,90%,Somewhat agree,Somewhat agree,Somewhat agree,I’m 30% more productive when working remotely,1.5,8,3,2,0.25,8,4,2
715,90%,Somewhat agree,Somewhat agree,Somewhat agree,I’m 30% more productive when working remotely,1.5,8,3,2,0.25,8,4,2
716,90%,Somewhat agree,Somewhat agree,Somewhat agree,I’m 30% more productive when working remotely,1.5,8,3,2,0.25,8,4,2
717,90%,Somewhat agree,Somewhat agree,Somewhat agree,I’m 30% more productive when working remotely,1.5,8,3,2,0.25,8,4,2
718,90%,Somewhat agree,Somewhat agree,Somewhat agree,I’m 30% more productive when working remotely,1.5,8,3,2,0.25,8,4,2
719,90%,Somewhat agree,Somewhat agree,Somewhat agree,I’m 30% more productive when working remotely,1.5,8,3,2,0.25,8,4,2
720,90%,Somewhat agree,Somewhat agree,Somewhat agree,I’m 30% more productive when working remotely,1.5,8,3,2,0.25,8,4,2
721,90%,Somewhat agree,Somewhat agree,Somewhat agree,I’m 30% more productive when working remotely,1.5,8,3,2,0.25,8,4,2
722,90%,Somewhat agree,Somewhat agree,Somewhat agree,I’m 30% more productive when working remotely,1.5,8,3,2,0.25,8,4,2
723,90%,Somewhat agree,Somewhat agree,Somewhat agree,I’m 30% more productive when working remotely,1.5,8,3,2,0.25,8,4,2
724,90%,Somewhat agree,Somewhat agree,Somewhat agree,I’m 30% more productive when working remotely,1.5,8,3,2,0.25,8,4,2
725,90%,Somewhat agree,Somewhat agree,Somewhat agree,I’m 30% more productive when working remotely,1.5,8,3,2,0.25,8,4,2
726,90%,Somewhat agree,Somewhat agree,Somewhat agree,I’m 30% more productive when working remotely,1.5,8,3,2,0.25,8,4,2
727,90%,Somewhat agree,Somewhat agree,Somewhat agree,I’m 30% more productive when working remotely,1.5,8,3,2,0.25,8,4,2
728,90%,Somewhat agree,Somewhat agree,Somewhat agree,I’m 30% more productive when working remotely,1.5,8,3,2,0.25,8,4,2
729,90%,Somewhat agree,Somewhat agree,Somewhat agree,I’m 30% more productive when working remotely,1.5,8,3,2,0.25,8,4,2
730,90%,Somewhat agree,Somewhat agree,Somewhat agree,I’m 30% more productive when working remotely,1.5,8,3,2,0.25,8,4,2
731,90%,Somewhat agree,Somewhat agree,Somewhat agree,I’m 30% more productive when working remotely,1.5,8,3,2,0.25,8,4,2
732,90%,Somewhat agree,Somewhat agree,Somewhat agree,I’m 30% more productive when working remotely,1.5,8,3,2,0.25,8,4,2
733,90%,Somewhat agree,Somewhat agree,Somewhat agree,I’m 40% less productive when working remotely,1.5,8,3,2,0.25,8,4,2
734,90%,Somewhat agree,Somewhat agree,Somewhat agree,I’m 40% less productive when working remotely,1.5,8,3,2,0.25,8,4,2
735,90%,Somewhat agree,Somewhat agree,Somewhat agree,I’m 40% less productive when working remotely,1.5,8,3,2,0.25,8,4,2
736,90%,Somewhat agree,Somewhat agree,Somewhat agree,I’m 40% less productive when working remotely,1.5,8,3,2,0.25,8,4,2
737,90%,Somewhat agree,Somewhat agree,Somewhat agree,I’m 40% less productive when working remotely,1.5,8,3,2,0.25,8,4,2
738,90%,Somewhat agree,Somewhat agree,Somewhat agree,I’m 40% less productive when working remotely,1.5,8,3,2,0.25,8,4,2
739,90%,Somewhat agree,Somewhat agree,Somewhat agree,I’m 40% less productive when working remotely,1.5,8,3,2,0.25,8,4,2
740,90%,Somewhat agree,Somewhat agree,Somewhat agree,I’m 40% more productive when working remotely,1.5,8,3,2,0.25,8,4,2
741,90%,Somewhat agree,Somewhat agree,Somewhat agree,I’m 40% more productive when working remotely,1.5,8,3,2,0.25,8,4,2
742,90%,Somewhat agree,Somewhat agree,Somewhat agree,I’m 40% more productive when working remotely,1.5,8,3,2,0.25,8,4,2
743,90%,Somewhat agree,Somewhat agree,Somewhat agree,I’m 40% more productive when working remotely,1.5,8,3,2,0.25,8,4,2
744,90%,Somewhat agree,Somewhat agree,Somewhat agree,I’m 40% more productive when working remotely,1.5,8,3,2,0.25,8,4,2
745,90%,Somewhat agree,Somewhat agree,Somewhat agree,I’m 40% more productive when working remotely,1.5,8,3,2,0.25,8,4,2
746,90%,Somewhat agree,Somewhat agree,Somewhat agree,I’m 40% more productive when working remotely,1.5,8,3,2,0.25,8,4,2
747,90%,Somewhat agree,Somewhat agree,Somewhat agree,I’m 40% more productive when working remotely,1.5,8,3,2,0.25,8,4,2
748,90%,Somewhat agree,Somewhat agree,Somewhat agree,I’m 40% more productive when working remotely,1.5,8,3,2,0.25,8,4,2
749,90%,Somewhat agree,Somewhat agree,Somewhat agree,I’m 40% more productive when working remotely,1.5,8,3,2,0.25,8,4,2
750,90%,Somewhat agree,Somewhat agree,Somewhat agree,I’m 40% more productive when working remotely,1.5,8,3,2,0.25,8,4,2
751,90%,Somewhat agree,Somewhat agree,Somewhat agree,I’m 40% more productive when working remotely,1.5,8,3,2,0.3,8,4,2
752,90%,Somewhat agree,Somewhat agree,Somewhat agree,I’m 40% more productive when working remotely,1.5,8,3,2,0.3,8,4,2
753,90%,Somewhat agree,Somewhat agree,Somewhat agree,I’m 40% more productive when working remotely,1.5,8,3,2,0.3,8,4,2
754,90%,Somewhat agree,Somewhat agree,Somewhat agree,I’m 40% more productive when working remotely,1.5,8,3,2,0.3,8,4,2
755,100% - All of my time,Somewhat agree,Somewhat agree,Somewhat agree,I’m 40% more productive when working remotely,1.5,8,3,2,0.3,8,4,2
756,100% - All of my time,Somewhat agree,Somewhat agree,Somewhat agree,I’m 40% more productive when working remotely,1.5,8,3,2,0.4,8,4,2
757,100% - All of my time,Somewhat agree,Somewhat agree,Somewhat agree,I’m 40% more productive when working remotely,1.5,8,3,2,0.4,8,4,2
758,100% - All of my time,Somewhat agree,Somewhat agree,Somewhat agree,I’m 40% more productive when working remotely,1.5,8,3,2,0.4,8,4,2
759,100% - All of my time,Somewhat agree,Somewhat agree,Somewhat agree,I’m 40% more productive when working remotely,1.5,8,3,2,0.45,8,4,2
760,100% - All of my time,Somewhat agree,Somewhat agree,Somewhat agree,I’m 40% more productive when working remotely,1.5,8,3,2,0.5,8,4,2
761,100% - All of my time,Somewhat agree,Somewhat agree,Somewhat agree,I’m 40% more productive when working remotely,1.5,8,3,2,0.5,8,4,2
762,100% - All of my time,Somewhat agree,Somewhat agree,Somewhat agree,I’m 40% more productive when working remotely,1.5,8,3,2,0.5,8,4,2
763,100% - All of my time,Somewhat agree,Somewhat agree,Somewhat agree,I’m 40% more productive when working remotely,1.5,8,3,2,0.5,8,4,2
764,100% - All of my time,Somewhat agree,Somewhat agree,Somewhat agree,I’m 40% more productive when working remotely,1.5,8,3,2,0.5,8,4,2
765,100% - All of my time,Somewhat agree,Somewhat agree,Somewhat agree,I’m 40% more productive when working remotely,1.5,8,3,2,0.5,8,4,2
766,100% - All of my time,Somewhat agree,Somewhat agree,Somewhat agree,I’m 40% more productive when working remotely,1.5,8,3,2,0.5,8,4,2
767,100% - All of my time,Somewhat agree,Somewhat agree,Somewhat agree,I’m 40% more productive when working remotely,1.5,8,3,2,0.5,8,4,2
768,100% - All of my time,Somewhat agree,Somewhat agree,Somewhat agree,I’m 40% more productive when working remotely,1.5,8,3,2,0.5,8,4,2
769,100% - All of my time,Somewhat agree,Somewhat agree,Somewhat agree,I’m 40% more productive when working remotely,1.5,8,3,2,0.5,8,4,2
770,100% - All of my time,Somewhat agree,Somewhat agree,Somewhat agree,I’m 40% more productive when working remotely,1.5,8,3,2,0.5,8,4,2
771,100% - All of my time,Somewhat agree,Somewhat agree,Somewhat agree,I’m 40% more productive when working remotely,1.5,8,3,2,0.5,8,4,2
772,100% - All of my time,Somewhat agree,Somewhat agree,Somewhat agree,I’m 40% more productive when working remotely,1.5,8,3,2,0.5,8,4,2
773,100% - All of my time,Somewhat agree,Somewhat agree,Somewhat agree,I’m 40% more productive when working remotely,1.5,8,3,2,0.5,8,4,2
774,100% - All of my time,Somewhat agree,Somewhat agree,Somewhat agree,I’m 40% more productive when working remotely,1.5,8,3,2,0.5,8,4,2
775,100% - All of my time,Somewhat agree,Somewhat agree,Somewhat agree,I’m 40% more productive when working remotely,1.5,8,3,2,0.5,8,4,2
776,100% - All of my time,Somewhat agree,Somewhat agree,Somewhat agree,I’m 40% more productive when working remotely,1.5,8,3,2,0.5,8,4,2
777,100% - All of my time,Somewhat agree,Somewhat agree,Somewhat agree,I’m 40% more productive when working remotely,1.5,8,3,2,0.5,8,4,2
778,100% - All of my time,Somewhat agree,Somewhat agree,Somewhat agree,I’m 40% more productive when working remotely,1.5,8,3,2,0.5,8,4,2
779,100% - All of my time,Somewhat agree,Somewhat agree,Somewhat agree,I’m 40% more productive when working remotely,1.5,8,3,2,0.5,8,4,2
780,100% - All of my time,Somewhat agree,Somewhat agree,Somewhat agree,I’m 40% more productive when working remotely,1.5,8,3,2,0.5,8,4,2
781,100% - All of my time,Somewhat agree,Somewhat agree,Somewhat agree,I’m 40% more productive when working remotely,1.5,8,3,2,0.5,8,4,2
782,100% - All of my time,Somewhat agree,Somewhat agree,Somewhat agree,I’m 40% more productive when working remotely,1.5,8,3,2,0.5,8,4,2
783,100% - All of my time,Somewhat agree,Somewhat agree,Somewhat agree,I’m 40% more productive when working remotely,1.5,8,3,2,0.5,8,4,2
784,100% - All of my time,Somewhat agree,Somewhat agree,Somewhat agree,I’m 40% more productive when working remotely,1.5,8,3,2,0.5,8,4,2
785,100% - All of my time,Somewhat agree,Somewhat agree,Somewhat agree,I’m 40% more productive when working remotely,1.5,8,3,2,0.5,8,4,2
786,100% - All of my time,Somewhat agree,Somewhat agree,Somewhat agree,I’m 40% more productive when working remotely,1.5,8,3,2,0.5,8,4,2
787,100% - All of my time,Somewhat agree,Somewhat agree,Somewhat agree,I’m 40% more productive when working remotely,1.5,8,3,2,0.5,8,4,2
788,100% - All of my time,Somewhat agree,Somewhat agree,Somewhat agree,I’m 40% more productive when working remotely,1.75,8,3,2,0.5,8,4,2
789,100% - All of my time,Somewhat agree,Somewhat agree,Somewhat agree,I’m 40% more productive when working remotely,1.85,8,3,2,0.5,8,4,2
790,100% - All of my time,Somewhat agree,Somewhat agree,Somewhat agree,I’m 40% more productive when working remotely,2,8,3,2,0.5,8,4,2
791,100% - All of my time,Somewhat agree,Somewhat agree,Somewhat agree,I’m 40% more productive when working remotely,2,8,3,2,0.5,8,4,2
792,100% - All of my time,Somewhat agree,Somewhat agree,Somewhat agree,I’m 40% more productive when working remotely,2,8,3,2,0.5,8,4,2
793,100% - All of my time,Somewhat agree,Somewhat agree,Somewhat agree,I’m 40% more productive when working remotely,2,8,3,2,0.5,8,4,2
794,100% - All of my time,Somewhat agree,Somewhat agree,Somewhat agree,I’m 40% more productive when working remotely,2,8,3,2,0.5,8,4,2
795,100% - All of my time,Somewhat agree,Somewhat agree,Somewhat agree,I’m 40% more productive when working remotely,2,8,3,2,0.5,8,4,2
796,100% - All of my time,Somewhat agree,Somewhat agree,Somewhat agree,I’m 40% more productive when working remotely,2,8,3,2,0.5,8,4,2
797,100% - All of my time,Somewhat agree,Somewhat agree,Somewhat agree,I’m 40% more productive when working remotely,2,8,3,2,0.5,8,4,2
798,100% - All of my time,Somewhat agree,Somewhat agree,Somewhat agree,I’m 40% more productive when working remotely,2,8,3,2,0.5,8,4,2
799,100% - All of my time,Somewhat agree,Somewhat agree,Somewhat agree,I’m 40% more productive when working remotely,2,8,3,2,0.5,8,4,2
800,100% - All of my time,Somewhat agree,Somewhat agree,Somewhat agree,I’m 40% more productive when working remotely,2,8,3,2,0.5,8,4,2
801,100% - All of my time,Somewhat agree,Somewhat agree,Somewhat agree,I’m 40% more productive when working remotely,2,8,3,2,0.5,8,4,2
802,100% - All of my time,Somewhat agree,Somewhat agree,Somewhat agree,I’m 40% more productive when working remotely,2,8,3,2,0.5,8,4,2
803,100% - All of my time,Somewhat agree,Somewhat agree,Somewhat agree,I’m 40% more productive when working remotely,2,8,3,2,0.5,8,4,2
804,100% - All of my time,Somewhat agree,Somewhat agree,Somewhat agree,I’m 40% more productive when working remotely,2,8,3,2,0.5,8,4,2
805,100% - All of my time,Somewhat agree,Somewhat agree,Somewhat agree,I’m 40% more productive when working remotely,2,8,3,2,0.5,8,4,2
806,100% - All of my time,Somewhat agree,Somewhat agree,Somewhat agree,I’m 40% more productive when working remotely,2,8,3,2,0.5,8,4,2
807,100% - All of my time,Somewhat agree,Somewhat agree,Somewhat agree,I’m 40% more productive when working remotely,2,8,3,2,0.5,8,4,2
808,100% - All of my time,Somewhat agree,Somewhat agree,Somewhat agree,I’m 40% more productive when working remotely,2,8,3,2,0.5,8,4,2
809,100% - All of my time,Somewhat agree,Somewhat agree,Somewhat agree,I’m 40% more productive when working remotely,2,8,3,2,0.5,8,4,2
810,100% - All of my time,Somewhat agree,Somewhat agree,Somewhat agree,I’m 40% more productive when working remotely,2,8,3,2,0.5,8,4,2
811,100% - All of my time,Somewhat agree,Somewhat agree,Somewhat agree,I’m 40% more productive when working remotely,2,8,3,2,0.5,8,4,2
812,100% - All of my time,Somewhat agree,Somewhat agree,Somewhat agree,I’m 40% more productive when working remotely,2,8,3,2,0.5,8,4,2
813,100% - All of my time,Somewhat agree,Somewhat agree,Somewhat agree,I’m 40% more productive when working remotely,2,8,3,2,0.5,8,4,2
814,100% - All of my time,Somewhat agree,Somewhat agree,Somewhat agree,I’m 40% more productive when working remotely,2,8,3,2,0.5,8,4,2
815,100% - All of my time,Somewhat agree,Somewhat agree,Somewhat agree,I’m 40% more productive when working remotely,2,8,3,2,0.5,8,4,2
816,100% - All of my time,Somewhat agree,Somewhat agree,Somewhat agree,I’m 40% more productive when working remotely,2,8,3,2,0.5,8,4,2
817,100% - All of my time,Somewhat agree,Somewhat agree,Somewhat agree,I’m 40% more productive when working remotely,2,8,3,2,0.5,8,4,2
818,100% - All of my time,Somewhat agree,Somewhat agree,Somewhat agree,I’m 40% more productive when working remotely,2,8,3,2,0.5,8,4,2
819,100% - All of my time,Somewhat agree,Somewhat agree,Somewhat agree,I’m 40% more productive when working remotely,2,8,3,2,0.5,8,4,2
820,100% - All of my time,Somewhat agree,Somewhat agree,Somewhat agree,I’m 40% more productive when working remotely,2,8,3.5,2,0.5,8,4,2
821,100% - All of my time,Somewhat agree,Somewhat agree,Somewhat agree,I’m 40% more productive when working remotely,2,8,3.5,2,0.5,8,4,2
822,100% - All of my time,Somewhat agree,Somewhat agree,Somewhat agree,I’m 40% more productive when working remotely,2,8,3.5,2,0.5,8,4,2
823,100% - All of my time,Somewhat agree,Somewhat agree,Somewhat agree,I’m 40% more productive when working remotely,2,8,3.5,2,0.5,8,4,2
824,100% - All of my time,Somewhat agree,Somewhat agree,Somewhat agree,I’m 50% less productive when working remotely (or less),2,8,3.5,2,0.5,8,4,2
825,100% - All of my time,Somewhat agree,Somewhat agree,Somewhat agree,I’m 50% less productive when working remotely (or less),2,8,3.5,2,0.5,8,4,2
826,100% - All of my time,Somewhat agree,Somewhat agree,Somewhat agree,I’m 50% less productive when working remotely (or less),2,8,3.5,2,0.5,8,4,2
827,100% - All of my time,Somewhat agree,Somewhat agree,Somewhat agree,I’m 50% less productive when working remotely (or less),2,8,3.5,2,0.5,8,4,2
828,100% - All of my time,Somewhat agree,Somewhat agree,Somewhat agree,I’m 50% less productive when working remotely (or less),2,8,3.5,2,0.5,8,4,2
829,100% - All of my time,Somewhat agree,Somewhat agree,Somewhat agree,I’m 50% less productive when working remotely (or less),2,8,3.5,2,0.5,8,4,2
830,100% - All of my time,Somewhat agree,Somewhat agree,Somewhat agree,I’m 50% less productive when working remotely (or less),2,8,3.5,2,0.5,8,4,2
831,100% - All of my time,Somewhat agree,Somewhat agree,Somewhat agree,I’m 50% less productive when working remotely (or less),2,8,3.5,2,0.5,8,4,2
832,100% - All of my time,Somewhat agree,Somewhat agree,Somewhat agree,I’m 50% less productive when working remotely (or less),2,8,4,2,0.5,8,4,2
833,100% - All of my time,Somewhat agree,Somewhat agree,Somewhat agree,I’m 50% less productive when working remotely (or less),2,8,4,2,0.5,8,4,2
834,100% - All of my time,Somewhat agree,Somewhat agree,Somewhat agree,I’m 50% less productive when working remotely (or less),2,8,4,2,0.5,8,4,2
835,100% - All of my time,Somewhat disagree,Somewhat agree,Somewhat agree,I’m 50% less productive when working remotely (or less),2,8,4,2,0.5,8,4,2
836,100% - All of my time,Somewhat disagree,Somewhat agree,Somewhat agree,I’m 50% less productive when working remotely (or less),2,8,4,2,0.5,8,4,2
837,100% - All of my time,Somewhat disagree,Somewhat agree,Somewhat agree,I’m 50% less productive when working remotely (or less),2,8,4,2,0.5,8,4,2
838,100% - All of my time,Somewhat disagree,Somewhat agree,Somewhat agree,I’m 50% less productive when working remotely (or less),2,8,4,2,0.5,8,4,2
839,100% - All of my time,Somewhat disagree,Somewhat agree,Somewhat agree,I’m 50% less productive when working remotely (or less),2,8,4,2,0.5,8,4,2
840,100% - All of my time,Somewhat disagree,Somewhat agree,Somewhat agree,I’m 50% less productive when working remotely (or less),2,8,4,2,0.5,8,4,2
841,100% - All of my time,Somewhat disagree,Somewhat agree,Somewhat agree,I’m 50% less productive when working remotely (or less),2,8,4,2,0.5,8,4,2
842,100% - All of my time,Somewhat disagree,Somewhat agree,Somewhat agree,I’m 50% less productive when working remotely (or less),2,8,4,2,0.5,8,4,2
843,100% - All of my time,Somewhat disagree,Somewhat agree,Somewhat agree,I’m 50% less productive when working remotely (or less),2,8,4,2,0.5,8,4,2
844,100% - All of my time,Somewhat disagree,Somewhat agree,Somewhat agree,I’m 50% less productive when working remotely (or less),2,8,4,2,0.5,8,4,2
845,100% - All of my time,Somewhat disagree,Somewhat agree,Somewhat agree,I’m 50% less productive when working remotely (or less),2,8,4,2,0.5,8,4,2
846,100% - All of my time,Somewhat disagree,Somewhat agree,Somewhat agree,I’m 50% less productive when working remotely (or less),2,8,4,2,0.5,8,4,2
847,100% - All of my time,Somewhat disagree,Somewhat agree,Somewhat agree,I’m 50% less productive when working remotely (or less),2,8,4,2,0.5,8,4,2
848,100% - All of my time,Somewhat disagree,Somewhat agree,Somewhat agree,I’m 50% less productive when working remotely (or less),2,8,4,2,0.5,8,4,2
849,100% - All of my time,Somewhat disagree,Somewhat agree,Somewhat agree,I’m 50% less productive when working remotely (or less),2,8,4,2,0.5,8,4,2
850,100% - All of my time,Somewhat disagree,Somewhat agree,Somewhat agree,I’m 50% less productive when working remotely (or less),2,8,4,2,0.5,8,4,2
851,100% - All of my time,Somewhat disagree,Somewhat agree,Somewhat agree,I’m 50% more productive when working remotely (or more),2,8,4,2,0.5,8,4,2
852,100% - All of my time,Somewhat disagree,Somewhat agree,Somewhat agree,I’m 50% more productive when working remotely (or more),2,8,4,2,0.5,8,4,2
853,100% - All of my time,Somewhat disagree,Somewhat agree,Somewhat agree,I’m 50% more productive when working remotely (or more),2,8,4,2,0.5,8,4,2
854,100% - All of my time,Somewhat disagree,Somewhat agree,Somewhat agree,I’m 50% more productive when working remotely (or more),2,8,4,2,0.5,8,4,2
855,100% - All of my time,Somewhat disagree,Somewhat agree,Somewhat agree,I’m 50% more productive when working remotely (or more),2,8,4,2,0.5,8,4,2
856,100% - All of my time,Somewhat disagree,Somewhat agree,Somewhat agree,I’m 50% more productive when working remotely (or more),2,8,4,2,0.5,8,4,2
857,100% - All of my time,Somewhat disagree,Somewhat agree,Somewhat agree,I’m 50% more productive when working remotely (or more),2,8,4,2,0.5,8,4,2
858,100% - All of my time,Somewhat disagree,Somewhat agree,Somewhat agree,I’m 50% more productive when working remotely (or more),2,8,4,2,0.5,8,4,2
859,100% - All of my time,Somewhat disagree,Somewhat agree,Somewhat agree,I’m 50% more productive when working remotely (or more),2,8,4,2,0.5,8,4,2
860,100% - All of my time,Somewhat disagree,Somewhat agree,Somewhat disagree,I’m 50% more productive when working remotely (or more),2,8,4,2,0.5,8,4,2
861,100% - All of my time,Somewhat disagree,Somewhat agree,Somewhat disagree,I’m 50% more productive when working remotely (or more),2,8,4,2,0.5,8,4,2
862,100% - All of my time,Somewhat disagree,Somewhat agree,Somewhat disagree,I’m 50% more productive when working remotely (or more),2,8,4,2,0.5,8,4,2
863,100% - All of my time,Somewhat disagree,Somewhat agree,Somewhat disagree,I’m 50% more productive when working remotely (or more),2,8,4,2,0.5,8,4,2
864,100% - All of my time,Somewhat disagree,Somewhat agree,Somewhat disagree,I’m 50% more productive when working remotely (or more),2,8,4,2,0.5,8,4,2
865,100% - All of my time,Somewhat disagree,Somewhat agree,Somewhat disagree,I’m 50% more productive when working remotely (or more),2,8,4,2,0.5,8,4,2
866,100% - All of my time,Somewhat disagree,Somewhat agree,Somewhat disagree,I’m 50% more productive when working remotely (or more),2,8,4,2,0.5,8,4,2
867,100% - All of my time,Somewhat disagree,Somewhat agree,Somewhat disagree,I’m 50% more productive when working remotely (or more),2,8,4,2,0.5,8,4,2
868,100% - All of my time,Somewhat disagree,Somewhat agree,Somewhat disagree,I’m 50% more productive when working remotely (or more),2,8,4,2,0.5,8,4,2
869,100% - All of my time,Somewhat disagree,Somewhat agree,Somewhat disagree,I’m 50% more productive when working remotely (or more),2,8,4,2,0.5,8,4,2
870,100% - All of my time,Somewhat disagree,Somewhat agree,Somewhat disagree,I’m 50% more productive when working remotely (or more),2,8,4,2,0.5,8,4,2
871,100% - All of my time,Somewhat disagree,Somewhat agree,Somewhat disagree,I’m 50% more productive when working remotely (or more),2,8,4,2,0.5,8,4,2
872,100% - All of my time,Somewhat disagree,Somewhat agree,Somewhat disagree,I’m 50% more productive when working remotely (or more),2,8,4,2,0.5,8,4.5,2
873,100% - All of my time,Somewhat disagree,Somewhat agree,Somewhat disagree,I’m 50% more productive when working remotely (or more),2,8,4,2,0.5,8,4.5,2
874,100% - All of my time,Somewhat disagree,Somewhat agree,Somewhat disagree,I’m 50% more productive when working remotely (or more),2,8,4,2,0.5,8,4.5,2
875,100% - All of my time,Somewhat disagree,Somewhat agree,Somewhat disagree,I’m 50% more productive when working remotely (or more),2,8,4,2,0.5,8,4.5,2
876,100% - All of my time,Somewhat disagree,Somewhat agree,Somewhat disagree,I’m 50% more productive when working remotely (or more),2,8,4,2,0.5,8,4.5,2
877,100% - All of my time,Somewhat disagree,Somewhat agree,Somewhat disagree,I’m 50% more productive when working remotely (or more),2,8,4,2,0.5,8,4.5,2
878,100% - All of my time,Somewhat disagree,Somewhat agree,Somewhat disagree,I’m 50% more productive when working remotely (or more),2,8,4,2,0.5,8,4.5,2
879,100% - All of my time,Somewhat disagree,Somewhat agree,Somewhat disagree,I’m 50% more productive when working remotely (or more),2,8,4,2,0.5,8,4.5,2
880,100% - All of my time,Somewhat disagree,Somewhat agree,Somewhat disagree,I’m 50% more productive when working remotely (or more),2,8,4,2,0.5,8,4.5,2
881,100% - All of my time,Somewhat disagree,Somewhat agree,Somewhat disagree,I’m 50% more productive when working remotely (or more),2,8,4,2,0.5,8,4.5,2
882,100% - All of my time,Somewhat disagree,Somewhat agree,Somewhat disagree,I’m 50% more productive when working remotely (or more),2,8,4,2,0.5,8,4.5,2
883,100% - All of my time,Somewhat disagree,Somewhat agree,Somewhat disagree,I’m 50% more productive when working remotely (or more),2,8,4,2,0.5,8,4.5,2
884,100% - All of my time,Somewhat disagree,Somewhat agree,Somewhat disagree,I’m 50% more productive when working remotely (or more),2,8,4,2,0.5,8,4.5,2
885,100% - All of my time,Somewhat disagree,Somewhat agree,Somewhat disagree,I’m 50% more productive when working remotely (or more),2,8,4,2,0.5,8,5,2
886,100% - All of my time,Somewhat disagree,Somewhat agree,Somewhat disagree,I’m 50% more productive when working remotely (or more),2,8,4,2,0.5,8,5,2
887,100% - All of my time,Somewhat disagree,Somewhat agree,Somewhat disagree,I’m 50% more productive when working remotely (or more),2,8,4,2,0.5,8,5,2
888,100% - All of my time,Somewhat disagree,Somewhat agree,Somewhat disagree,I’m 50% more productive when working remotely (or more),2,8,4,2,0.5,8,5,2
889,100% - All of my time,Somewhat disagree,Somewhat agree,Somewhat disagree,I’m 50% more productive when working remotely (or more),2,8,4,2,0.5,8,5,2
890,100% - All of my time,Somewhat disagree,Somewhat agree,Somewhat disagree,I’m 50% more productive when working remotely (or more),2,8,4,2,0.5,8,5,2
891,100% - All of my time,Somewhat disagree,Somewhat agree,Somewhat disagree,I’m 50% more productive when working remotely (or more),2,8,4,2,0.5,8,5,2
892,100% - All of my time,Somewhat disagree,Somewhat agree,Somewhat disagree,I’m 50% more productive when working remotely (or more),2,8,4,2,0.5,8,5,2
893,100% - All of my time,Somewhat disagree,Somewhat agree,Somewhat disagree,I’m 50% more productive when working remotely (or more),2,8,4,2,0.5,8,5,2
894,100% - All of my time,Somewhat disagree,Somewhat agree,Somewhat disagree,I’m 50% more productive when working remotely (or more),2,8,4,2,0.5,8,5,2
895,100% - All of my time,Somewhat disagree,Somewhat agree,Somewhat disagree,I’m 50% more productive when working remotely (or more),2,8,4,2,0.5,8,5,2
896,100% - All of my time,Somewhat disagree,Somewhat agree,Somewhat disagree,I’m 50% more productive when working remotely (or more),2,8,4,2,0.5,8,5,2
897,100% - All of my time,Somewhat disagree,Somewhat agree,Somewhat disagree,I’m 50% more productive when working remotely (or more),2,8,4,2,0.5,8,5,2
898,100% - All of my time,Somewhat disagree,Somewhat agree,Somewhat disagree,I’m 50% more productive when working remotely (or more),2,8,4,2,0.5,8,5,2
899,100% - All of my time,Somewhat disagree,Somewhat disagree,Somewhat disagree,I’m 50% more productive when working remotely (or more),2,8,4,2,0.5,8,5,2
900,100% - All of my time,Somewhat disagree,Somewhat disagree,Somewhat disagree,I’m 50% more productive when working remotely (or more),2,8,4,2,0.5,8,5,2
901,100% - All of my time,Somewhat disagree,Somewhat disagree,Somewhat disagree,I’m 50% more productive when working remotely (or more),2,8,4,2,0.5,8,5,2
902,100% - All of my time,Somewhat disagree,Somewhat disagree,Somewhat disagree,I’m 50% more productive when working remotely (or more),2,8,4,2,0.5,8,5,2
903,100% - All of my time,Somewhat disagree,Somewhat disagree,Somewhat disagree,I’m 50% more productive when working remotely (or more),2,8,4,2,0.5,8,5,2
904,100% - All of my time,Somewhat disagree,Somewhat disagree,Somewhat disagree,I’m 50% more productive when working remotely (or more),2,8,4,2,0.5,8,5,2
905,100% - All of my time,Somewhat disagree,Somewhat disagree,Somewhat disagree,I’m 50% more productive when working remotely (or more),2,8,4,2,0.5,8,5,2
906,100% - All of my time,Somewhat disagree,Somewhat disagree,Somewhat disagree,I’m 50% more productive when working remotely (or more),2,8,4,2,0.5,8,5,2
907,100% - All of my time,Somewhat disagree,Somewhat disagree,Somewhat disagree,I’m 50% more productive when working remotely (or more),2,8,4,2,0.5,8,5,2
908,100% - All of my time,Somewhat disagree,Somewhat disagree,Somewhat disagree,I’m 50% more productive when working remotely (or more),2,8,4,2,0.5,8,5,2
909,100% - All of my time,Somewhat disagree,Somewhat disagree,Somewhat disagree,I’m 50% more productive when working remotely (or more),2,8,4,2,0.5,8,5,2
910,100% - All of my time,Somewhat disagree,Somewhat disagree,Somewhat disagree,I’m 50% more productive when working remotely (or more),2,8,4,2,0.5,8,5,2
911,100% - All of my time,Somewhat disagree,Somewhat disagree,Somewhat disagree,I’m 50% more productive when working remotely (or more),2,8,4,2,0.5,8,5,2.2
912,100% - All of my time,Somewhat disagree,Somewhat disagree,Somewhat disagree,I’m 50% more productive when working remotely (or more),2,8,4,2,0.5,8,5,2.5
913,100% - All of my time,Somewhat disagree,Somewhat disagree,Somewhat disagree,I’m 50% more productive when working remotely (or more),2,8,4,2,0.5,8,5,2.5
914,100% - All of my time,Somewhat disagree,Somewhat disagree,Somewhat disagree,I’m 50% more productive when working remotely (or more),2,8,4,2,0.5,8,5,2.5
915,100% - All of my time,Somewhat disagree,Somewhat disagree,Somewhat disagree,I’m 50% more productive when working remotely (or more),2,8,4,2,0.5,8,5,2.5
916,100% - All of my time,Somewhat disagree,Somewhat disagree,Somewhat disagree,I’m 50% more productive when working remotely (or more),2,8,4,2,0.5,8,5,2.5
917,100% - All of my time,Somewhat disagree,Somewhat disagree,Somewhat disagree,I’m 50% more productive when working remotely (or more),2,8,4,2,0.5,8,5,2.5
918,100% - All of my time,Somewhat disagree,Somewhat disagree,Somewhat disagree,I’m 50% more productive when working remotely (or more),2,8,4,2,0.5,8,5,2.5
919,100% - All of my time,Somewhat disagree,Somewhat disagree,Somewhat disagree,I’m 50% more productive when working remotely (or more),2,8,4,2,0.5,8,5,2.5
920,100% - All of my time,Somewhat disagree,Somewhat disagree,Somewhat disagree,I’m 50% more productive when working remotely (or more),2,8,4,2,0.5,8,5,2.5
921,50% - About half of my time,Somewhat disagree,Somewhat disagree,Somewhat disagree,I’m 50% more productive when working remotely (or more),2,8,4,2,0.5,8,5,2.5
922,50% - About half of my time,Somewhat disagree,Somewhat disagree,Somewhat disagree,I’m 50% more productive when working remotely (or more),2,8,4,2,0.5,8,5,2.5
923,50% - About half of my time,Somewhat disagree,Somewhat disagree,Somewhat disagree,I’m 50% more productive when working remotely (or more),2,8,4,2,0.5,8,5,2.5
924,50% - About half of my time,Somewhat disagree,Somewhat disagree,Somewhat disagree,I’m 50% more productive when working remotely (or more),2,8,4,2,0.5,8,5,2.5
925,50% - About half of my time,Somewhat disagree,Somewhat disagree,Somewhat disagree,I’m 50% more productive when working remotely (or more),2,8,4,2,0.5,8,5,2.5
926,50% - About half of my time,Somewhat disagree,Somewhat disagree,Somewhat disagree,I’m 50% more productive when working remotely (or more),2,8,4,2,0.5,8,5,2.5
927,50% - About half of my time,Somewhat disagree,Somewhat disagree,Somewhat disagree,I’m 50% more productive when working remotely (or more),2,8,4,2,0.5,8,5,2.5
928,50% - About half of my time,Somewhat disagree,Somewhat disagree,Somewhat disagree,I’m 50% more productive when working remotely (or more),2,8,4,2,0.5,8,5,3
929,50% - About half of my time,Somewhat disagree,Somewhat disagree,Somewhat disagree,I’m 50% more productive when working remotely (or more),2,8,4,2,0.5,8,5,3
930,50% - About half of my time,Somewhat disagree,Somewhat disagree,Somewhat disagree,I’m 50% more productive when working remotely (or more),2,8,4,2,0.5,8,5,3
931,50% - About half of my time,Somewhat disagree,Somewhat disagree,Somewhat disagree,I’m 50% more productive when working remotely (or more),2,8,4,2,0.5,8,5,3
932,50% - About half of my time,Somewhat disagree,Somewhat disagree,Somewhat disagree,I’m 50% more productive when working remotely (or more),2,8,4,2,0.5,8,5,3
933,50% - About half of my time,Somewhat disagree,Somewhat disagree,Somewhat disagree,I’m 50% more productive when working remotely (or more),2,8,4,2,0.5,8,5,3
934,50% - About half of my time,Somewhat disagree,Somewhat disagree,Somewhat disagree,I’m 50% more productive when working remotely (or more),2,8,4,2,0.5,8,5,3
935,50% - About half of my time,Somewhat disagree,Somewhat disagree,Somewhat disagree,I’m 50% more productive when working remotely (or more),2,8,4,2,0.5,8,5,3
936,50% - About half of my time,Somewhat disagree,Somewhat disagree,Somewhat disagree,I’m 50% more productive when working remotely (or more),2,8,4,2,0.5,8,5,3
937,50% - About half of my time,Somewhat disagree,Somewhat disagree,Somewhat disagree,I’m 50% more productive when working remotely (or more),2,8,4,2,0.5,8,5,3
938,50% - About half of my time,Somewhat disagree,Somewhat disagree,Somewhat disagree,I’m 50% more productive when working remotely (or more),2,8,4,2,0.5,8,5,3
939,50% - About half of my time,Somewhat disagree,Somewhat disagree,Somewhat disagree,I’m 50% more productive when working remotely (or more),2,8,4,2,0.5,8,5,3
940,50% - About half of my time,Somewhat disagree,Somewhat disagree,Somewhat disagree,I’m 50% more productive when working remotely (or more),2,8,4,2,0.5,8,5,3
941,50% - About half of my time,Somewhat disagree,Somewhat disagree,Somewhat disagree,I’m 50% more productive when working remotely (or more),2,8,4,2,0.5,8,5,3
942,50% - About half of my time,Somewhat disagree,Somewhat disagree,Somewhat disagree,I’m 50% more productive when working remotely (or more),2,8,4,2,0.5,8,5,3
943,50% - About half of my time,Somewhat disagree,Somewhat disagree,Somewhat disagree,I’m 50% more productive when working remotely (or more),2,8,4,2,0.5,8,5,3
944,50% - About half of my time,Somewhat disagree,Somewhat disagree,Somewhat disagree,I’m 50% more productive when working remotely (or more),2,8,4,2,0.5,8,5,3
945,50% - About half of my time,Somewhat disagree,Somewhat disagree,Somewhat disagree,I’m 50% more productive when working remotely (or more),2,8,4,2,0.5,8,5,3
946,50% - About half of my time,Somewhat disagree,Somewhat disagree,Somewhat disagree,I’m 50% more productive when working remotely (or more),2,8,4,2,0.5,8,5,3
947,50% - About half of my time,Somewhat disagree,Somewhat disagree,Somewhat disagree,I’m 50% more productive when working remotely (or more),2,8,4,2,0.5,8,5,3
948,50% - About half of my time,Somewhat disagree,Somewhat disagree,Somewhat disagree,I’m 50% more productive when working remotely (or more),2,8,4,2,0.5,8,5,3
949,50% - About half of my time,Somewhat disagree,Somewhat disagree,Somewhat disagree,I’m 50% more productive when working remotely (or more),2,8,4,2,0.5,8,5,3
950,50% - About half of my time,Somewhat disagree,Somewhat disagree,Somewhat disagree,I’m 50% more productive when working remotely (or more),2,8,4,2,0.5,8,5,3
951,50% - About half of my time,Somewhat disagree,Somewhat disagree,Somewhat disagree,I’m 50% more productive when working remotely (or more),2,8,4,2,0.5,8,5,3
952,50% - About half of my time,Somewhat disagree,Somewhat disagree,Somewhat disagree,I’m 50% more productive when working remotely (or more),2,8,4,2,0.5,8,5,3
953,50% - About half of my time,Somewhat disagree,Somewhat disagree,Somewhat disagree,I’m 50% more productive when working remotely (or more),2,8,4,2,0.5,8,5,3
954,50% - About half of my time,Somewhat disagree,Somewhat disagree,Somewhat disagree,I’m 50% more productive when working remotely (or more),2,8,4,2,0.5,8,5,3
955,50% - About half of my time,Somewhat disagree,Somewhat disagree,Somewhat disagree,I’m 50% more productive when working remotely (or more),2,8,4,2,0.5,8,5,3
956,50% - About half of my time,Somewhat disagree,Somewhat disagree,Somewhat disagree,I’m 50% more productive when working remotely (or more),2,8,4,2,0.5,8,5,3
957,50% - About half of my time,Somewhat disagree,Somewhat disagree,Somewhat disagree,I’m 50% more productive when working remotely (or more),2,8,4,2,0.5,8,5,3
958,50% - About half of my time,Somewhat disagree,Somewhat disagree,Somewhat disagree,I’m 50% more productive when working remotely (or more),2,8,4,2,0.5,8,5,3
959,50% - About half of my time,Somewhat disagree,Somewhat disagree,Somewhat disagree,I’m 50% more productive when working remotely (or more),2,8,4,2,0.5,8,5,3
960,50% - About half of my time,Somewhat disagree,Somewhat disagree,Somewhat disagree,I’m 50% more productive when working remotely (or more),2,8,4,2,0.5,8,5,3
961,50% - About half of my time,Somewhat disagree,Somewhat disagree,Somewhat disagree,I’m 50% more productive when working remotely (or more),2,8,4,2,0.5,8,5,3
962,50% - About half of my time,Somewhat disagree,Somewhat disagree,Somewhat disagree,I’m 50% more productive when working remotely (or more),2,8,4,2,0.5,8,5,3
963,50% - About half of my time,Somewhat disagree,Somewhat disagree,Somewhat disagree,I’m 50% more productive when working remotely (or more),2,8,4,2,0.5,8,5,3
964,50% - About half of my time,Somewhat disagree,Somewhat disagree,Somewhat disagree,I’m 50% more productive when working remotely (or more),2,8,4,2,0.5,8,5,3
965,50% - About half of my time,Somewhat disagree,Somewhat disagree,Somewhat disagree,I’m 50% more productive when working remotely (or more),2,8,4,2,0.5,8,5,3
966,50% - About half of my time,Somewhat disagree,Somewhat disagree,Somewhat disagree,I’m 50% more productive when working remotely (or more),2,8,4,2,0.5,8,5,3
967,50% - About half of my time,Somewhat disagree,Somewhat disagree,Somewhat disagree,I’m 50% more productive when working remotely (or more),2,8,4,2,0.5,8,5,3
968,50% - About half of my time,Somewhat disagree,Somewhat disagree,Somewhat disagree,I’m 50% more productive when working remotely (or more),2,8,4,2,0.5,8,5,3
969,50% - About half of my time,Somewhat disagree,Somewhat disagree,Somewhat disagree,I’m 50% more productive when working remotely (or more),2,8,4,2,0.5,8,5,3
970,50% - About half of my time,Somewhat disagree,Somewhat disagree,Somewhat disagree,I’m 50% more productive when working remotely (or more),2,8,4,2,0.5,8,5,3
971,50% - About half of my time,Somewhat disagree,Somewhat disagree,Somewhat disagree,I’m 50% more productive when working remotely (or more),2,8,4,2,0.5,8,5,3
972,50% - About half of my time,Somewhat disagree,Somewhat disagree,Somewhat disagree,I’m 50% more productive when working remotely (or more),2,8,4,2,0.5,8,5,3
973,50% - About half of my time,Somewhat disagree,Somewhat disagree,Somewhat disagree,I’m 50% more productive when working remotely (or more),2,8,4,2,0.5,8,5,3
974,50% - About half of my time,Somewhat disagree,Somewhat disagree,Somewhat disagree,I’m 50% more productive when working remotely (or more),2,8,4,2,0.5,8,5,3
975,50% - About half of my time,Somewhat disagree,Somewhat disagree,Somewhat disagree,I’m 50% more productive when working remotely (or more),2,8,4,2,0.5,8,5,3
976,50% - About half of my time,Somewhat disagree,Somewhat disagree,Somewhat disagree,I’m 50% more productive when working remotely (or more),2,8,4,2,0.5,8,5,3
977,50% - About half of my time,Somewhat disagree,Somewhat disagree,Somewhat disagree,I’m 50% more productive when working remotely (or more),2,8,4,2,0.5,8,5,3
978,50% - About half of my time,Somewhat disagree,Somewhat disagree,Somewhat disagree,I’m 50% more productive when working remotely (or more),2,8,4,2,0.5,8,5,3
979,50% - About half of my time,Somewhat disagree,Somewhat disagree,Somewhat disagree,I’m 50% more productive when working remotely (or more),2,8,4,2,0.5,8,5,3
980,50% - About half of my time,Somewhat disagree,Somewhat disagree,Somewhat disagree,I’m 50% more productive when working remotely (or more),2,8,4,2,0.5,8,5,3
981,50% - About half of my time,Somewhat disagree,Somewhat disagree,Somewhat disagree,I’m 50% more productive when working remotely (or more),2,8,4,2,0.5,8,5,3
982,50% - About half of my time,Somewhat disagree,Somewhat disagree,Somewhat disagree,I’m 50% more productive when working remotely (or more),2,8,4,2,0.5,8,5,3
983,50% - About half of my time,Somewhat disagree,Somewhat disagree,Somewhat disagree,I’m 50% more productive when working remotely (or more),2,8,4,2,0.5,8,5,3
984,50% - About half of my time,Somewhat disagree,Somewhat disagree,Somewhat disagree,I’m 50% more productive when working remotely (or more),2,8,4,2,0.5,8,5,3
985,50% - About half of my time,Somewhat disagree,Somewhat disagree,Somewhat disagree,I’m 50% more productive when working remotely (or more),2,8,4,2,0.5,8,5,3
986,50% - About half of my time,Somewhat disagree,Somewhat disagree,Somewhat disagree,I’m 50% more productive when working remotely (or more),2,8,4,2,0.5,8,5,3
987,50% - About half of my time,Somewhat disagree,Somewhat disagree,Somewhat disagree,I’m 50% more productive when working remotely (or more),2,8,4,2,0.5,8,5,3
988,50% - About half of my time,Somewhat disagree,Somewhat disagree,Somewhat disagree,I’m 50% more productive when working remotely (or more),2,8,4,2,0.5,8,5,3
989,50% - About half of my time,Somewhat disagree,Somewhat disagree,Somewhat disagree,I’m 50% more productive when working remotely (or more),2,8,4,2,0.5,8,5,3
990,50% - About half of my time,Somewhat disagree,Somewhat disagree,Somewhat disagree,I’m 50% more productive when working remotely (or more),2,8,4,2,0.5,8,5,3
991,50% - About half of my time,Somewhat disagree,Somewhat disagree,Somewhat disagree,I’m 50% more productive when working remotely (or more),2,8,4,2,0.5,8,5,3
992,50% - About half of my time,Somewhat disagree,Somewhat disagree,Somewhat disagree,I’m 50% more productive when working remotely (or more),2,8,4,2,0.5,8,5,3
993,50% - About half of my time,Somewhat disagree,Somewhat disagree,Somewhat disagree,I’m 50% more productive when working remotely (or more),2,8,4,2,0.5,8,5,3
994,50% - About half of my time,Somewhat disagree,Somewhat disagree,Somewhat disagree,I’m 50% more productive when working remotely (or more),2,8,4,2,0.5,8,5,3
995,50% - About half of my time,Somewhat disagree,Somewhat disagree,Somewhat disagree,I’m 50% more productive when working remotely (or more),2,8,4,2,0.5,8,5,3
996,50% - About half of my time,Somewhat disagree,Somewhat disagree,Somewhat disagree,I’m 50% more productive when working remotely (or more),2,8,4,2,0.5,8,5,3
997,50% - About half of my time,Somewhat disagree,Somewhat disagree,Somewhat disagree,I’m 50% more productive when working remotely (or more),2,8,4,2,0.5,8.5,5,3
998,50% - About half of my time,Somewhat disagree,Somewhat disagree,Somewhat disagree,I’m 50% more productive when working remotely (or more),2,8,4,2,0.5,8.5,5,3
999,50% - About half of my time,Somewhat disagree,Somewhat disagree,Somewhat disagree,I’m 50% more productive when working remotely (or more),2,8,4,2,0.5,8.5,5,3
1000,50% - About half of my time,Somewhat disagree,Somewhat disagree,Somewhat disagree,I’m 50% more productive when working remotely (or more),2,8,4,2,0.5,8.5,5,3
1001,50% - About half of my time,Somewhat disagree,Somewhat disagree,Somewhat disagree,I’m 50% more productive when working remotely (or more),2,8,4,2,0.5,8.5,5,3
1002,50% - About half of my time,Somewhat disagree,Somewhat disagree,Somewhat disagree,I’m 50% more productive when working remotely (or more),2,8,4,2,0.5,8.5,5,3
1003,50% - About half of my time,Somewhat disagree,Somewhat disagree,Somewhat disagree,I’m 50% more productive when working remotely (or more),2,8,4,2,0.5,8.5,5,3
1004,50% - About half of my time,Somewhat disagree,Somewhat disagree,Somewhat disagree,I’m 50% more productive when working remotely (or more),2,8,4,2,0.5,8.5,5,3
1005,50% - About half of my time,Somewhat disagree,Somewhat disagree,Somewhat disagree,I’m 50% more productive when working remotely (or more),2,8,4,2,0.5,8.5,5,3
1006,50% - About half of my time,Somewhat disagree,Somewhat disagree,Somewhat disagree,I’m 50% more productive when working remotely (or more),2,8,4,2,0.5,8.5,5,3
1007,50% - About half of my time,Somewhat disagree,Somewhat disagree,Somewhat disagree,I’m 50% more productive when working remotely (or more),2,8,4,2,0.5,8.5,5,3
1008,50% - About half of my time,Somewhat disagree,Somewhat disagree,Somewhat disagree,I’m 50% more productive when working remotely (or more),2,8,4,2,0.5,8.5,5,3
1009,50% - About half of my time,Somewhat disagree,Somewhat disagree,Somewhat disagree,I’m 50% more productive when working remotely (or more),2,8,4,2,0.5,8.5,5,3
1010,50% - About half of my time,Somewhat disagree,Somewhat disagree,Somewhat disagree,I’m 50% more productive when working remotely (or more),2,8,4,2,0.5,8.5,5,3
1011,50% - About half of my time,Somewhat disagree,Somewhat disagree,Somewhat disagree,I’m 50% more productive when working remotely (or more),2,8,4,2,0.5,8.5,5,3
1012,50% - About half of my time,Somewhat disagree,Somewhat disagree,Somewhat disagree,I’m 50% more productive when working remotely (or more),2,8,4,2,0.5,8.5,5,3
1013,50% - About half of my time,Somewhat disagree,Somewhat disagree,Somewhat disagree,I’m 50% more productive when working remotely (or more),2,8,4,2,0.5,8.5,5,3
1014,50% - About half of my time,Somewhat disagree,Somewhat disagree,Somewhat disagree,I’m 50% more productive when working remotely (or more),2,8,4,2,0.5,8.5,5,3
1015,50% - About half of my time,Somewhat disagree,Somewhat disagree,Somewhat disagree,I’m 50% more productive when working remotely (or more),2,8,4,2,0.5,8.5,5,3
1016,50% - About half of my time,Somewhat disagree,Somewhat disagree,Somewhat disagree,I’m 50% more productive when working remotely (or more),2,8,4,2,0.5,8.5,5,3
1017,50% - About half of my time,Somewhat disagree,Somewhat disagree,Somewhat disagree,I’m 50% more productive when working remotely (or more),2,8,4,2,0.5,8.5,5,3
1018,50% - About half of my time,Somewhat disagree,Somewhat disagree,Somewhat disagree,I’m 50% more productive when working remotely (or more),2,8,4,2,0.5,8.5,5,3
1019,50% - About half of my time,Somewhat disagree,Somewhat disagree,Somewhat disagree,I’m 50% more productive when working remotely (or more),2,8,4,2,0.5,8.5,5,3
1020,50% - About half of my time,Somewhat disagree,Somewhat disagree,Somewhat disagree,I’m 50% more productive when working remotely (or more),2,8,4,2,0.5,8.5,5,3
1021,50% - About half of my time,Somewhat disagree,Somewhat disagree,Somewhat disagree,I’m 50% more productive when working remotely (or more),2,8,4,2,0.5,8.5,5,3
1022,50% - About half of my time,Somewhat disagree,Somewhat disagree,Somewhat disagree,I’m 50% more productive when working remotely (or more),2,8,4,2,0.5,8.5,5,3
1023,50% - About half of my time,Somewhat disagree,Somewhat disagree,Somewhat disagree,I’m 50% more productive when working remotely (or more),2,8,4,2,0.5,8.5,5,3
1024,50% - About half of my time,Somewhat disagree,Somewhat disagree,Somewhat disagree,I’m 50% more productive when working remotely (or more),2,8,4,2,0.5,8.5,5,3
1025,50% - About half of my time,Somewhat disagree,Somewhat disagree,Strongly agree,I’m 50% more productive when working remotely (or more),2,8,4,2,0.5,8.5,5,3
1026,50% - About half of my time,Somewhat disagree,Somewhat disagree,Strongly agree,I’m 50% more productive when working remotely (or more),2,8,4,2,0.5,8.5,5,3
1027,50% - About half of my time,Somewhat disagree,Somewhat disagree,Strongly agree,I’m 50% more productive when working remotely (or more),2,8,4,2,0.5,8.5,5,3
1028,50% - About half of my time,Somewhat disagree,Somewhat disagree,Strongly agree,I’m 50% more productive when working remotely (or more),2,8,4,2,0.5,9,5,3
1029,50% - About half of my time,Somewhat disagree,Somewhat disagree,Strongly agree,I’m 50% more productive when working remotely (or more),2,8,4,2,0.5,9,5,3
1030,50% - About half of my time,Somewhat disagree,Somewhat disagree,Strongly agree,I’m 50% more productive when working remotely (or more),2,8,4,2,0.5,9,5,3
1031,50% - About half of my time,Somewhat disagree,Somewhat disagree,Strongly agree,I’m 50% more productive when working remotely (or more),2,8,4,2,0.5,9,5,3
1032,50% - About half of my time,Somewhat disagree,Somewhat disagree,Strongly agree,I’m 50% more productive when working remotely (or more),2,8,4,2,0.5,9,5,3
1033,50% - About half of my time,Somewhat disagree,Somewhat disagree,Strongly agree,I’m 50% more productive when working remotely (or more),2,8,4,2,0.5,9,5,3
1034,50% - About half of my time,Somewhat disagree,Somewhat disagree,Strongly agree,I’m 50% more productive when working remotely (or more),2,8,4,2,0.5,9,5,3
1035,50% - About half of my time,Somewhat disagree,Somewhat disagree,Strongly agree,I’m 50% more productive when working remotely (or more),2,8,4,2.5,0.5,9,5,3
1036,50% - About half of my time,Somewhat disagree,Somewhat disagree,Strongly agree,I’m 50% more productive when working remotely (or more),2,8,4,2.5,0.5,9,5,3
1037,50% - About half of my time,Somewhat disagree,Somewhat disagree,Strongly agree,I’m 50% more productive when working remotely (or more),2,8,4,2.5,0.5,9,5,3
1038,50% - About half of my time,Somewhat disagree,Somewhat disagree,Strongly agree,I’m 50% more productive when working remotely (or more),2,8,4,2.5,0.5,9,5,3
1039,50% - About half of my time,Somewhat disagree,Somewhat disagree,Strongly agree,I’m 50% more productive when working remotely (or more),2,8,4,2.5,0.5,9,5,3
1040,50% - About half of my time,Somewhat disagree,Somewhat disagree,Strongly agree,I’m 50% more productive when working remotely (or more),2,8,4,2.65,0.5,9,5,3
1041,50% - About half of my time,Somewhat disagree,Somewhat disagree,Strongly agree,I’m 50% more productive when working remotely (or more),2,8,4,3,0.5,9,5,3
1042,50% - About half of my time,Somewhat disagree,Somewhat disagree,Strongly agree,I’m 50% more productive when working remotely (or more),2,8,4,3,0.5,9,5,3
1043,50% - About half of my time,Somewhat disagree,Somewhat disagree,Strongly agree,I’m 50% more productive when working remotely (or more),2,8,4,3,0.5,9,5,3
1044,50% - About half of my time,Somewhat disagree,Somewhat disagree,Strongly agree,I’m 50% more productive when working remotely (or more),2,8,4,3,0.5,9,5,3
1045,50% - About half of my time,Somewhat disagree,Somewhat disagree,Strongly agree,I’m 50% more productive when working remotely (or more),2,8,4,3,0.5,9,5,3
1046,50% - About half of my time,Somewhat disagree,Somewhat disagree,Strongly agree,I’m 50% more productive when working remotely (or more),2,8,4,3,0.5,9,5,3
1047,50% - About half of my time,Somewhat disagree,Somewhat disagree,Strongly agree,I’m 50% more productive when working remotely (or more),2,8,4,3,0.5,9,5,3
1048,50% - About half of my time,Somewhat disagree,Somewhat disagree,Strongly agree,I’m 50% more productive when working remotely (or more),2,8,4,3,0.5,9,5,3
1049,50% - About half of my time,Somewhat disagree,Somewhat disagree,Strongly agree,I’m 50% more productive when working remotely (or more),2,8,4,3,0.5,9,5,3
1050,50% - About half of my time,Somewhat disagree,Somewhat disagree,Strongly agree,I’m 50% more productive when working remotely (or more),2,8,4,3,0.5,9,5,3
1051,50% - About half of my time,Somewhat disagree,Somewhat disagree,Strongly agree,I’m 50% more productive when working remotely (or more),2,8,4,3,0.5,9,5,3
1052,50% - About half of my time,Somewhat disagree,Somewhat disagree,Strongly agree,I’m 50% more productive when working remotely (or more),2,8,4,3,0.5,9,5,3
1053,50% - About half of my time,Somewhat disagree,Somewhat disagree,Strongly agree,I’m 50% more productive when working remotely (or more),2,8,4,3,0.5,9,5,3
1054,50% - About half of my time,Somewhat disagree,Somewhat disagree,Strongly agree,I’m 50% more productive when working remotely (or more),2,8,4,3,0.5,9,5,3
1055,50% - About half of my time,Somewhat disagree,Somewhat disagree,Strongly agree,I’m 50% more productive when working remotely (or more),2,8,4,3,0.5,9,5,3
1056,50% - About half of my time,Somewhat disagree,Somewhat disagree,Strongly agree,I’m 50% more productive when working remotely (or more),2,8,4,3,0.5,9,5,3
1057,50% - About half of my time,Somewhat disagree,Somewhat disagree,Strongly agree,I’m 50% more productive when working remotely (or more),2,8,4,3,0.5,9,5,3
1058,50% - About half of my time,Somewhat disagree,Somewhat disagree,Strongly agree,I’m 50% more productive when working remotely (or more),2,8,4,3,0.5,9,5,3
1059,50% - About half of my time,Somewhat disagree,Somewhat disagree,Strongly agree,I’m 50% more productive when working remotely (or more),2,8,4,3,0.5,9,5,3
1060,50% - About half of my time,Somewhat disagree,Somewhat disagree,Strongly agree,I’m 50% more productive when working remotely (or more),2,8,4,3,0.5,9,5,3
1061,50% - About half of my time,Somewhat disagree,Somewhat disagree,Strongly agree,I’m 50% more productive when working remotely (or more),2,8,4,3,0.5,9,5,3
1062,50% - About half of my time,Somewhat disagree,Somewhat disagree,Strongly agree,I’m 50% more productive when working remotely (or more),2,8,4,3,0.5,9,5,3
1063,50% - About half of my time,Somewhat disagree,Somewhat disagree,Strongly agree,I’m 50% more productive when working remotely (or more),2,8,4,3,0.5,9,5,3
1064,50% - About half of my time,Somewhat disagree,Somewhat disagree,Strongly agree,I’m 50% more productive when working remotely (or more),2,8,4,3,0.5,9,5,3
1065,50% - About half of my time,Somewhat disagree,Somewhat disagree,Strongly agree,I’m 50% more productive when working remotely (or more),2,8,4,3,0.5,9,5,3
1066,50% - About half of my time,Somewhat disagree,Somewhat disagree,Strongly agree,I’m 50% more productive when working remotely (or more),2,8,4,3,0.5,9,5,3
1067,50% - About half of my time,Somewhat disagree,Somewhat disagree,Strongly agree,I’m 50% more productive when working remotely (or more),2,8,4,3,0.5,9,5,3
1068,50% - About half of my time,Somewhat disagree,Somewhat disagree,Strongly agree,I’m 50% more productive when working remotely (or more),2,8,4,3,0.5,9,5.5,3
1069,50% - About half of my time,Somewhat disagree,Somewhat disagree,Strongly agree,I’m 50% more productive when working remotely (or more),2,8,4,3,0.5,9,5.5,3
1070,50% - About half of my time,Somewhat disagree,Somewhat disagree,Strongly agree,I’m 50% more productive when working remotely (or more),2,8,4,3,0.5,9,5.5,3
1071,50% - About half of my time,Somewhat disagree,Somewhat disagree,Strongly agree,My productivity is about same when I work remotely,2,8,4,3,0.5,9,5.5,3
1072,50% - About half of my time,Strongly agree,Somewhat disagree,Strongly agree,My productivity is about same when I work remotely,2,8,4,3,0.5,9,5.5,3
1073,50% - About half of my time,Strongly agree,Somewhat disagree,Strongly agree,My productivity is about same when I work remotely,2,8,4,3,0.5,9,5.5,3
1074,50% - About half of my time,Strongly agree,Strongly agree,Strongly agree,My productivity is about same when I work remotely,2,8,4,3,0.5,9,5.5,3
1075,50% - About half of my time,Strongly agree,Strongly agree,Strongly agree,My productivity is about same when I work remotely,2,8,4,3,0.5,9,5.5,3
1076,50% - About half of my time,Strongly agree,Strongly agree,Strongly agree,My productivity is about same when I work remotely,2,8,4,3,0.5,9,6,3
1077,50% - About half of my time,Strongly agree,Strongly agree,Strongly agree,My productivity is about same when I work remotely,2,8,4.5,3,0.5,9,6,3
1078,50% - About half of my time,Strongly agree,Strongly agree,Strongly agree,My productivity is about same when I work remotely,2,8,4.5,3,0.5,9,6,3
1079,50% - About half of my time,Strongly agree,Strongly agree,Strongly agree,My productivity is about same when I work remotely,2,8,4.5,3,0.5,9,6,3
1080,50% - About half of my time,Strongly agree,Strongly agree,Strongly agree,My productivity is about same when I work remotely,2,8,4.5,3,0.5,9,6,3
1081,50% - About half of my time,Strongly agree,Strongly agree,Strongly agree,My productivity is about same when I work remotely,2,8,4.5,3,0.5,9,6,3
1082,50% - About half of my time,Strongly agree,Strongly agree,Strongly agree,My productivity is about same when I work remotely,2,8,4.5,3,0.5,9,6,3
1083,50% - About half of my time,Strongly agree,Strongly agree,Strongly agree,My productivity is about same when I work remotely,2,8,4.5,3,0.5,9,6,3
1084,50% - About half of my time,Strongly agree,Strongly agree,Strongly agree,My productivity is about same when I work remotely,2,8,4.5,3,0.5,9,6,3
1085,50% - About half of my time,Strongly agree,Strongly agree,Strongly agree,My productivity is about same when I work remotely,2,8,5,3,0.5,9,6,3
1086,50% - About half of my time,Strongly agree,Strongly agree,Strongly agree,My productivity is about same when I work remotely,2,8,5,3,0.5,9,6,3
1087,50% - About half of my time,Strongly agree,Strongly agree,Strongly agree,My productivity is about same when I work remotely,2,8,5,3,0.5,9,6,3
1088,50% - About half of my time,Strongly agree,Strongly agree,Strongly agree,My productivity is about same when I work remotely,2,8,5,3,0.5,9,6,3
1089,50% - About half of my time,Strongly agree,Strongly agree,Strongly agree,My productivity is about same when I work remotely,2,8,5,3,0.5,9,6,3
1090,50% - About half of my time,Strongly agree,Strongly agree,Strongly agree,My productivity is about same when I work remotely,2,8,5,3,0.5,9,6,3
1091,50% - About half of my time,Strongly agree,Strongly agree,Strongly agree,My productivity is about same when I work remotely,2,8,5,3,0.5,9,6,3
1092,50% - About half of my time,Strongly agree,Strongly agree,Strongly agree,My productivity is about same when I work remotely,2,8,5,3,0.5,9,6,3
1093,50% - About half of my time,Strongly agree,Strongly agree,Strongly agree,My productivity is about same when I work remotely,2,8,5,3,0.5,9,6,3
1094,50% - About half of my time,Strongly agree,Strongly agree,Strongly agree,My productivity is about same when I work remotely,2,8,5,3,0.5,9,6,3
1095,50% - About half of my time,Strongly agree,Strongly agree,Strongly agree,My productivity is about same when I work remotely,2,8,5,3,0.5,9,6,3
1096,50% - About half of my time,Strongly agree,Strongly agree,Strongly agree,My productivity is about same when I work remotely,2,8,5,3,0.5,9,6,3
1097,50% - About half of my time,Strongly agree,Strongly agree,Strongly agree,My productivity is about same when I work remotely,2,8,5,3,0.5,9,6,3
1098,50% - About half of my time,Strongly agree,Strongly agree,Strongly agree,My productivity is about same when I work remotely,2,8,5,3,0.5,9,6,3
1099,50% - About half of my time,Strongly agree,Strongly agree,Strongly agree,My productivity is about same when I work remotely,2,8,5,3,0.5,9,6,3
1100,50% - About half of my time,Strongly agree,Strongly agree,Strongly agree,My productivity is about same when I work remotely,2,8,5,3,0.5,9,6,3
1101,50% - About half of my time,Strongly agree,Strongly agree,Strongly agree,My productivity is about same when I work remotely,2,8,5,3,0.5,9,6,3
1102,50% - About half of my time,Strongly agree,Strongly agree,Strongly agree,My productivity is about same when I work remotely,2,8,5,3,0.5,9,6,3
1103,50% - About half of my time,Strongly agree,Strongly agree,Strongly agree,My productivity is about same when I work remotely,2,8,5,3,0.5,9,6,3
1104,50% - About half of my time,Strongly agree,Strongly agree,Strongly agree,My productivity is about same when I work remotely,2,8,5,3,0.5,9,6,3
1105,50% - About half of my time,Strongly agree,Strongly agree,Strongly agree,My productivity is about same when I work remotely,2,8,5,3,0.5,9,6,3
1106,50% - About half of my time,Strongly agree,Strongly agree,Strongly agree,My productivity is about same when I work remotely,2,8,5,3,0.5,9,6,3
1107,50% - About half of my time,Strongly agree,Strongly agree,Strongly agree,My productivity is about same when I work remotely,2,8,5,3,0.5,9,6,3
1108,50% - About half of my time,Strongly agree,Strongly agree,Strongly agree,My productivity is about same when I work remotely,2,8,5,3,0.5,9,6,3
1109,50% - About half of my time,Strongly agree,Strongly agree,Strongly agree,My productivity is about same when I work remotely,2,8,5,3,0.5,9,6,3
1110,50% - About half of my time,Strongly agree,Strongly agree,Strongly agree,My productivity is about same when I work remotely,2,8,5,3,0.5,9,6,3
1111,50% - About half of my time,Strongly agree,Strongly agree,Strongly agree,My productivity is about same when I work remotely,2,8,5,3,0.5,9,6,3
1112,50% - About half of my time,Strongly agree,Strongly agree,Strongly agree,My productivity is about same when I work remotely,2,8,5,3,0.5,9,6,3
1113,50% - About half of my time,Strongly agree,Strongly agree,Strongly agree,My productivity is about same when I work remotely,2,8,5,3,0.5,9,6,3
1114,50% - About half of my time,Strongly agree,Strongly agree,Strongly agree,My productivity is about same when I work remotely,2,8,5,3,0.5,9,6,3
1115,50% - About half of my time,Strongly agree,Strongly agree,Strongly agree,My productivity is about same when I work remotely,2,8,5,3,0.5,9,6,3
1116,50% - About half of my time,Strongly agree,Strongly agree,Strongly agree,My productivity is about same when I work remotely,2,8,5,3,0.5,9,6,3
1117,50% - About half of my time,Strongly agree,Strongly agree,Strongly agree,My productivity is about same when I work remotely,2,8,5,3,0.5,9,6,3
1118,50% - About half of my time,Strongly agree,Strongly agree,Strongly agree,My productivity is about same when I work remotely,2,8,5,3,0.5,9,6,3
1119,50% - About half of my time,Strongly agree,Strongly agree,Strongly agree,My productivity is about same when I work remotely,2,8,5,3,0.5,9,6,3
1120,50% - About half of my time,Strongly agree,Strongly agree,Strongly agree,My productivity is about same when I work remotely,2,8,5,3,0.5,9,6,3
1121,50% - About half of my time,Strongly agree,Strongly agree,Strongly agree,My productivity is about same when I work remotely,2,8,5,3,0.5,9,6,3
1122,50% - About half of my time,Strongly agree,Strongly agree,Strongly agree,My productivity is about same when I work remotely,2,8,5,3,0.6,9,6,3
1123,50% - About half of my time,Strongly agree,Strongly agree,Strongly agree,My productivity is about same when I work remotely,2,8,5,3,0.66,9,6,3.5
1124,50% - About half of my time,Strongly agree,Strongly agree,Strongly agree,My productivity is about same when I work remotely,2,8,5,3,0.75,9,6,3.5
1125,50% - About half of my time,Strongly agree,Strongly agree,Strongly agree,My productivity is about same when I work remotely,2,8,5,3,0.75,9,6,3.5
1126,50% - About half of my time,Strongly agree,Strongly agree,Strongly agree,My productivity is about same when I work remotely,2,8,5,3,1,9,6,3.5
1127,50% - About half of my time,Strongly agree,Strongly agree,Strongly agree,My productivity is about same when I work remotely,2,8,5,3,1,9,6,3.5
1128,50% - About half of my time,Strongly agree,Strongly agree,Strongly agree,My productivity is about same when I work remotely,2,8,5,3,1,9,6,4
1129,50% - About half of my time,Strongly agree,Strongly agree,Strongly agree,My productivity is about same when I work remotely,2,8,5,3,1,9,6,4
1130,50% - About half of my time,Strongly agree,Strongly agree,Strongly agree,My productivity is about same when I work remotely,2,8,5,3,1,9,6,4
1131,50% - About half of my time,Strongly agree,Strongly agree,Strongly agree,My productivity is about same when I work remotely,2,8,5,3,1,9,6,4
1132,50% - About half of my time,Strongly agree,Strongly agree,Strongly agree,My productivity is about same when I work remotely,2,8,5,3,1,9,6,4
1133,50% - About half of my time,Strongly agree,Strongly agree,Strongly agree,My productivity is about same when I work remotely,2,8,5,3,1,9,6,4
1134,50% - About half of my time,Strongly agree,Strongly agree,Strongly agree,My productivity is about same when I work remotely,2,8,5,3,1,9,6,4
1135,50% - About half of my time,Strongly agree,Strongly agree,Strongly agree,My productivity is about same when I work remotely,2,8,5,3,1,9,6,4
1136,50% - About half of my time,Strongly agree,Strongly agree,Strongly agree,My productivity is about same when I work remotely,2,8,5,3,1,9,6,4
1137,50% - About half of my time,Strongly agree,Strongly agree,Strongly agree,My productivity is about same when I work remotely,2,8,5,3,1,9,6,4
1138,50% - About half of my time,Strongly agree,Strongly agree,Strongly agree,My productivity is about same when I work remotely,2,8,5,3,1,9,6,4
1139,50% - About half of my time,Strongly agree,Strongly agree,Strongly agree,My productivity is about same when I work remotely,2,8,5,3,1,9,6,4
1140,50% - About half of my time,Strongly agree,Strongly agree,Strongly agree,My productivity is about same when I work remotely,2,8,5,3,1,9,6,4
1141,50% - About half of my time,Strongly agree,Strongly agree,Strongly agree,My productivity is about same when I work remotely,2,8,5,3,1,9,6,4
1142,50% - About half of my time,Strongly agree,Strongly agree,Strongly agree,My productivity is about same when I work remotely,2,8,5,3,1,9,6,4
1143,50% - About half of my time,Strongly agree,Strongly agree,Strongly agree,My productivity is about same when I work remotely,2,8,5,3,1,9,6,4
1144,50% - About half of my time,Strongly agree,Strongly agree,Strongly agree,My productivity is about same when I work remotely,2,8,5,3,1,9,6,4
1145,50% - About half of my time,Strongly agree,Strongly agree,Strongly agree,My productivity is about same when I work remotely,2,8,5,3,1,9,6,4
1146,50% - About half of my time,Strongly agree,Strongly agree,Strongly agree,My productivity is about same when I work remotely,2,8,5,3,1,9,6,4
1147,50% - About half of my time,Strongly agree,Strongly agree,Strongly agree,My productivity is about same when I work remotely,2,8,5,3,1,9,6,4
1148,50% - About half of my time,Strongly agree,Strongly agree,Strongly agree,My productivity is about same when I work remotely,2,8,5,3,1,9,6,4
1149,50% - About half of my time,Strongly agree,Strongly agree,Strongly agree,My productivity is about same when I work remotely,2,8,5,3,1,9,6,4
1150,50% - About half of my time,Strongly agree,Strongly agree,Strongly agree,My productivity is about same when I work remotely,2,8,5,3,1,9,6,4
1151,50% - About half of my time,Strongly agree,Strongly agree,Strongly agree,My productivity is about same when I work remotely,2,8,5,3,1,9,6,4
1152,50% - About half of my time,Strongly agree,Strongly agree,Strongly agree,My productivity is about same when I work remotely,2,8,5,3,1,9,6,4
1153,50% - About half of my time,Strongly agree,Strongly agree,Strongly agree,My productivity is about same when I work remotely,2,8,5,3,1,9,6,4
1154,50% - About half of my time,Strongly agree,Strongly agree,Strongly agree,My productivity is about same when I work remotely,2,8,5,3,1,9,6,4
1155,50% - About half of my time,Strongly agree,Strongly agree,Strongly agree,My productivity is about same when I work remotely,2,8,5,3,1,9,6,4
1156,50% - About half of my time,Strongly agree,Strongly agree,Strongly agree,My productivity is about same when I work remotely,2,8,5,3,1,9,6,4
1157,50% - About half of my time,Strongly agree,Strongly agree,Strongly agree,My productivity is about same when I work remotely,2,8,5,3,1,9,6,4
1158,50% - About half of my time,Strongly agree,Strongly agree,Strongly agree,My productivity is about same when I work remotely,2,8,5,3,1,9,6,4
1159,50% - About half of my time,Strongly agree,Strongly agree,Strongly agree,My productivity is about same when I work remotely,2,8,5,3,1,9,6,4
1160,50% - About half of my time,Strongly agree,Strongly agree,Strongly agree,My productivity is about same when I work remotely,2,8,5,3,1,9,6,4
1161,50% - About half of my time,Strongly agree,Strongly agree,Strongly agree,My productivity is about same when I work remotely,2,8,5,3,1,9,6,4
1162,50% - About half of my time,Strongly agree,Strongly agree,Strongly agree,My productivity is about same when I work remotely,2,8,5,3,1,9,6,4
1163,50% - About half of my time,Strongly agree,Strongly agree,Strongly agree,My productivity is about same when I work remotely,2,8,5,3,1,9,6,4
1164,50% - About half of my time,Strongly agree,Strongly agree,Strongly agree,My productivity is about same when I work remotely,2,8,5,3,1,9,6,4
1165,50% - About half of my time,Strongly agree,Strongly agree,Strongly agree,My productivity is about same when I work remotely,2,8,5,3,1,9,6,4
1166,50% - About half of my time,Strongly agree,Strongly agree,Strongly agree,My productivity is about same when I work remotely,2,8,5,3,1,9,6,4
1167,50% - About half of my time,Strongly agree,Strongly agree,Strongly agree,My productivity is about same when I work remotely,2,8,5,3,1,9,6,4
1168,50% - About half of my time,Strongly agree,Strongly agree,Strongly agree,My productivity is about same when I work remotely,2,8.5,5,3,1,9,6,4
1169,50% - About half of my time,Strongly agree,Strongly agree,Strongly agree,My productivity is about same when I work remotely,2,8.5,5,3,1,9,6,4
1170,50% - About half of my time,Strongly agree,Strongly agree,Strongly agree,My productivity is about same when I work remotely,2,8.5,5,3,1,9,6,4
1171,50% - About half of my time,Strongly agree,Strongly agree,Strongly agree,My productivity is about same when I work remotely,2.05,8.5,5,3,1,9,6,4
1172,50% - About half of my time,Strongly agree,Strongly agree,Strongly agree,My productivity is about same when I work remotely,2.25,8.5,5,3,1,9,6,4
1173,50% - About half of my time,Strongly agree,Strongly agree,Strongly agree,My productivity is about same when I work remotely,2.5,8.5,5,3,1,9,6,4
1174,50% - About half of my time,Strongly agree,Strongly agree,Strongly agree,My productivity is about same when I work remotely,2.5,8.5,5,3,1,9,6,4
1175,50% - About half of my time,Strongly agree,Strongly agree,Strongly agree,My productivity is about same when I work remotely,2.5,8.5,5,3,1,9,6,4
1176,50% - About half of my time,Strongly agree,Strongly agree,Strongly agree,My productivity is about same when I work remotely,2.5,8.5,5,3,1,9,6,4
1177,50% - About half of my time,Strongly agree,Strongly agree,Strongly agree,My productivity is about same when I work remotely,2.5,8.5,5,3,1,9,6,4
1178,50% - About half of my time,Strongly agree,Strongly agree,Strongly agree,My productivity is about same when I work remotely,2.5,8.5,5,3,1,9,6,4
1179,50% - About half of my time,Strongly agree,Strongly agree,Strongly agree,My productivity is about same when I work remotely,2.5,8.5,5,3,1,9,6,4
1180,50% - About half of my time,Strongly agree,Strongly agree,Strongly agree,My productivity is about same when I work remotely,2.5,8.5,5,3,1,9,6,4
1181,50% - About half of my time,Strongly agree,Strongly agree,Strongly agree,My productivity is about same when I work remotely,2.5,8.5,5,3,1,9,6,4
1182,50% - About half of my time,Strongly agree,Strongly agree,Strongly agree,My productivity is about same when I work remotely,2.5,8.5,5,3,1,9,6,4
1183,50% - About half of my time,Strongly agree,Strongly agree,Strongly agree,My productivity is about same when I work remotely,2.5,8.5,5,3,1,9,6,4
1184,50% - About half of my time,Strongly agree,Strongly agree,Strongly agree,My productivity is about same when I work remotely,2.5,8.5,5,3,1,9,6,4
1185,50% - About half of my time,Strongly agree,Strongly agree,Strongly agree,My productivity is about same when I work remotely,2.5,8.5,5,3,1,9,6,4
1186,50% - About half of my time,Strongly agree,Strongly agree,Strongly agree,My productivity is about same when I work remotely,2.5,8.5,5,3,1,9,6,4
1187,50% - About half of my time,Strongly agree,Strongly agree,Strongly agree,My productivity is about same when I work remotely,2.5,8.5,5,3,1,9,6,4
1188,50% - About half of my time,Strongly agree,Strongly agree,Strongly agree,My productivity is about same when I work remotely,2.5,8.5,5,3,1,9,6,4
1189,50% - About half of my time,Strongly agree,Strongly agree,Strongly agree,My productivity is about same when I work remotely,2.5,8.5,5,3,1,9,6,4
1190,50% - About half of my time,Strongly agree,Strongly agree,Strongly agree,My productivity is about same when I work remotely,2.5,8.5,5,3,1,9,6,4
1191,50% - About half of my time,Strongly agree,Strongly agree,Strongly agree,My productivity is about same when I work remotely,2.5,8.5,5,3,1,9,6,4
1192,50% - About half of my time,Strongly agree,Strongly agree,Strongly agree,My productivity is about same when I work remotely,2.5,8.5,5,3,1,9,6,4
1193,50% - About half of my time,Strongly agree,Strongly agree,Strongly agree,My productivity is about same when I work remotely,2.5,8.5,5,3,1,9,6,4
1194,50% - About half of my time,Strongly agree,Strongly agree,Strongly agree,My productivity is about same when I work remotely,2.5,8.5,5,3,1,9,6,4
1195,50% - About half of my time,Strongly agree,Strongly agree,Strongly agree,My productivity is about same when I work remotely,2.5,8.5,5,3,1,9,6,4
1196,50% - About half of my time,Strongly agree,Strongly agree,Strongly agree,My productivity is about same when I work remotely,2.5,8.5,5,3,1,9,6,4
1197,50% - About half of my time,Strongly agree,Strongly agree,Strongly agree,My productivity is about same when I work remotely,2.5,8.5,5,3,1,9,6,4
1198,50% - About half of my time,Strongly agree,Strongly agree,Strongly agree,My productivity is about same when I work remotely,2.5,8.5,5,3,1,9,6,4
1199,50% - About half of my time,Strongly agree,Strongly agree,Strongly agree,My productivity is about same when I work remotely,2.5,8.5,5,3,1,9,6,4
1200,50% - About half of my time,Strongly agree,Strongly agree,Strongly agree,My productivity is about same when I work remotely,2.5,8.5,5,3,1,9,6,4
1201,50% - About half of my time,Strongly agree,Strongly agree,Strongly agree,My productivity is about same when I work remotely,2.5,8.5,5,3,1,9,6,4
1202,50% - About half of my time,Strongly agree,Strongly agree,Strongly agree,My productivity is about same when I work remotely,2.5,8.5,5,3,1,9,6,4
1203,50% - About half of my time,Strongly agree,Strongly agree,Strongly agree,My productivity is about same when I work remotely,2.5,8.5,5,3,1,9,6,4
1204,50% - About half of my time,Strongly agree,Strongly agree,Strongly agree,My productivity is about same when I work remotely,2.5,8.5,5,3,1,9,6,4
1205,50% - About half of my time,Strongly agree,Strongly agree,Strongly agree,My productivity is about same when I work remotely,2.5,8.5,5,3,1,9,6,4
1206,50% - About half of my time,Strongly agree,Strongly agree,Strongly agree,My productivity is about same when I work remotely,2.5,8.5,5.5,3,1,9,6,4
1207,50% - About half of my time,Strongly agree,Strongly agree,Strongly agree,My productivity is about same when I work remotely,2.5,9,6,3,1,9,6,4
1208,50% - About half of my time,Strongly agree,Strongly agree,Strongly agree,My productivity is about same when I work remotely,2.5,9,6,3,1,9,6,4
1209,50% - About half of my time,Strongly agree,Strongly agree,Strongly agree,My productivity is about same when I work remotely,2.5,9,6,3,1,9,6.5,4
1210,50% - About half of my time,Strongly agree,Strongly agree,Strongly agree,My productivity is about same when I work remotely,2.5,9,6,3,1,9,6.5,4
1211,50% - About half of my time,Strongly agree,Strongly agree,Strongly agree,My productivity is about same when I work remotely,2.5,9,6,3,1,9,6.5,4
1212,50% - About half of my time,Strongly agree,Strongly agree,Strongly agree,My productivity is about same when I work remotely,2.5,9,6,3,1,9,7,4
1213,50% - About half of my time,Strongly agree,Strongly agree,Strongly agree,My productivity is about same when I work remotely,2.5,9,6,3,1,9,7,4
1214,50% - About half of my time,Strongly agree,Strongly agree,Strongly agree,My productivity is about same when I work remotely,2.5,9,6,3,1,9,7,4
1215,50% - About half of my time,Strongly agree,Strongly agree,Strongly agree,My productivity is about same when I work remotely,2.5,9,6,3,1,9,7,4
1216,50% - About half of my time,Strongly agree,Strongly agree,Strongly agree,My productivity is about same when I work remotely,2.5,9,6,3,1,9,7,4
1217,50% - About half of my time,Strongly agree,Strongly agree,Strongly agree,My productivity is about same when I work remotely,2.5,9,6,3,1,9,7,4
1218,50% - About half of my time,Strongly agree,Strongly agree,Strongly agree,My productivity is about same when I work remotely,2.5,9,6,3.5,1,9,7,4
1219,50% - About half of my time,Strongly agree,Strongly agree,Strongly agree,My productivity is about same when I work remotely,2.5,9,6,3.5,1,9,7,4
1220,50% - About half of my time,Strongly agree,Strongly agree,Strongly agree,My productivity is about same when I work remotely,2.5,9,6,3.5,1,9,7,4
1221,50% - About half of my time,Strongly agree,Strongly agree,Strongly agree,My productivity is about same when I work remotely,2.5,9,6,3.5,1,9,7,4
1222,50% - About half of my time,Strongly agree,Strongly agree,Strongly agree,My productivity is about same when I work remotely,2.5,9,6,3.5,1,9,7,4
1223,50% - About half of my time,Strongly agree,Strongly agree,Strongly agree,My productivity is about same when I work remotely,2.5,9,6,3.5,1,9,7,4
1224,50% - About half of my time,Strongly agree,Strongly agree,Strongly agree,My productivity is about same when I work remotely,2.5,9,6,3.5,1,9,7,4
1225,I would prefer not to work remotely ,Strongly agree,Strongly agree,Strongly agree,My productivity is about same when I work remotely,2.5,9,6,4,1,9,7,4
1226,I would prefer not to work remotely ,Strongly agree,Strongly agree,Strongly agree,My productivity is about same when I work remotely,2.5,9,6,4,1,9,7,4
1227,I would prefer not to work remotely ,Strongly agree,Strongly agree,Strongly agree,My productivity is about same when I work remotely,2.5,9,6,4,1,9,7,4
1228,I would prefer not to work remotely ,Strongly agree,Strongly agree,Strongly agree,My productivity is about same when I work remotely,2.5,9,6,4,1,9,7,4
1229,I would prefer not to work remotely ,Strongly agree,Strongly agree,Strongly agree,My productivity is about same when I work remotely,3,9,6,4,1,9.5,7,4
1230,I would prefer not to work remotely ,Strongly agree,Strongly agree,Strongly agree,My productivity is about same when I work remotely,3,9,6,4,1,9.5,7,4
1231,I would prefer not to work remotely ,Strongly agree,Strongly agree,Strongly agree,My productivity is about same when I work remotely,3,9,6,4,1,9.5,7,4
1232,I would prefer not to work remotely ,Strongly agree,Strongly agree,Strongly agree,My productivity is about same when I work remotely,3,9,6,4,1,9.5,7,4
1233,I would prefer not to work remotely ,Strongly agree,Strongly agree,Strongly agree,My productivity is about same when I work remotely,3,9,6,4,1,9.5,7,4
1234,I would prefer not to work remotely ,Strongly agree,Strongly agree,Strongly agree,My productivity is about same when I work remotely,3,9,6,4,1,9.5,7,4
1235,I would prefer not to work remotely ,Strongly agree,Strongly agree,Strongly agree,My productivity is about same when I work remotely,3,9,6,4,1,9.5,7,4
1236,I would prefer not to work remotely ,Strongly agree,Strongly agree,Strongly agree,My productivity is about same when I work remotely,3,9,6,4,1,9.5,7,4
1237,I would prefer not to work remotely ,Strongly agree,Strongly agree,Strongly agree,My productivity is about same when I work remotely,3,9,6,4,1,9.5,7,4
1238,I would prefer not to work remotely ,Strongly agree,Strongly agree,Strongly agree,My productivity is about same when I work remotely,3,9,6,4,1,9.5,7,4
1239,I would prefer not to work remotely ,Strongly agree,Strongly agree,Strongly agree,My productivity is about same when I work remotely,3,9,6,4,1,9.5,7,4
1240,I would prefer not to work remotely ,Strongly agree,Strongly agree,Strongly agree,My productivity is about same when I work remotely,3,9,6,4,1,9.5,7,4
1241,I would prefer not to work remotely ,Strongly agree,Strongly agree,Strongly agree,My productivity is about same when I work remotely,3,9,6,4,1,9.5,7,4
1242,I would prefer not to work remotely ,Strongly agree,Strongly agree,Strongly agree,My productivity is about same when I work remotely,3,9,6,4,1,9.5,7,4
1243,I would prefer not to work remotely ,Strongly agree,Strongly agree,Strongly agree,My productivity is about same when I work remotely,3,9,6,4,1,9.5,7,4
1244,I would prefer not to work remotely ,Strongly agree,Strongly agree,Strongly agree,My productivity is about same when I work remotely,3,9,6,4,1,9.5,7,4
1245,I would prefer not to work remotely ,Strongly agree,Strongly agree,Strongly agree,My productivity is about same when I work remotely,3,9,6,4,1,9.5,7,4
1246,I would prefer not to work remotely ,Strongly agree,Strongly agree,Strongly agree,My productivity is about same when I work remotely,3,9,6,4,1,9.5,7,4
1247,I would prefer not to work remotely ,Strongly agree,Strongly agree,Strongly agree,My productivity is about same when I work remotely,3,9,6,4,1,9.5,7,4
1248,I would prefer not to work remotely ,Strongly agree,Strongly agree,Strongly agree,My productivity is about same when I work remotely,3,9,6,4,1,9.8,7,4
1249,I would prefer not to work remotely ,Strongly agree,Strongly agree,Strongly agree,My productivity is about same when I work remotely,3,9,6,4,1,10,7,4
1250,I would prefer not to work remotely ,Strongly agree,Strongly agree,Strongly agree,My productivity is about same when I work remotely,3,9,6,4,1,10,7,4
1251,I would prefer not to work remotely ,Strongly agree,Strongly agree,Strongly agree,My productivity is about same when I work remotely,3,9,6,4,1,10,7,4
1252,I would prefer not to work remotely ,Strongly agree,Strongly agree,Strongly agree,My productivity is about same when I work remotely,3,9,6,4,1,10,7.5,4
1253,I would prefer not to work remotely ,Strongly agree,Strongly agree,Strongly agree,My productivity is about same when I work remotely,3,9,6,4,1,10,7.5,4
1254,I would prefer not to work remotely ,Strongly agree,Strongly agree,Strongly agree,My productivity is about same when I work remotely,3,9,6,4,1,10,7.5,4
1255,I would prefer not to work remotely ,Strongly agree,Strongly agree,Strongly agree,My productivity is about same when I work remotely,3,9,6,4,1,10,7.5,4
1256,I would prefer not to work remotely ,Strongly agree,Strongly agree,Strongly agree,My productivity is about same when I work remotely,3,9,6,4,1,10,7.5,4
1257,I would prefer not to work remotely ,Strongly agree,Strongly agree,Strongly agree,My productivity is about same when I work remotely,3,9,6,4,1,10,7.5,4
1258,I would prefer not to work remotely ,Strongly agree,Strongly agree,Strongly agree,My productivity is about same when I work remotely,3,9,6,4,1,10,7.75,4
1259,I would prefer not to work remotely ,Strongly agree,Strongly agree,Strongly agree,My productivity is about same when I work remotely,3,9,6,4,1,10,8,4
1260,I would prefer not to work remotely ,Strongly agree,Strongly agree,Strongly agree,My productivity is about same when I work remotely,3,9,6,4,1,10,8,4
1261,I would prefer not to work remotely ,Strongly agree,Strongly agree,Strongly agree,My productivity is about same when I work remotely,3,9,6,4,1,10,8,4
1262,I would prefer not to work remotely ,Strongly agree,Strongly agree,Strongly agree,My productivity is about same when I work remotely,3,9,6,4,1,10,8,4
1263,I would prefer not to work remotely ,Strongly agree,Strongly agree,Strongly agree,My productivity is about same when I work remotely,3,9,6,4,1,10,8,4
1264,I would prefer not to work remotely ,Strongly agree,Strongly agree,Strongly agree,My productivity is about same when I work remotely,3,9,6,4,1,10,8,4
1265,I would prefer not to work remotely ,Strongly agree,Strongly agree,Strongly agree,My productivity is about same when I work remotely,3,9,6,4,1,10,8,4
1266,I would prefer not to work remotely ,Strongly agree,Strongly agree,Strongly agree,My productivity is about same when I work remotely,3,9,6,4,1,10,8,4
1267,I would prefer not to work remotely ,Strongly agree,Strongly agree,Strongly agree,My productivity is about same when I work remotely,3,9,6,4,1,10,8,4
1268,I would prefer not to work remotely ,Strongly agree,Strongly agree,Strongly agree,My productivity is about same when I work remotely,3,9,6,4,1,10,8,4
1269,I would prefer not to work remotely ,Strongly agree,Strongly agree,Strongly agree,My productivity is about same when I work remotely,3,9,6,4,1,10,8,4
1270,I would prefer not to work remotely ,Strongly agree,Strongly agree,Strongly agree,My productivity is about same when I work remotely,3,9,6,4,1,10,8,4
1271,I would prefer not to work remotely ,Strongly agree,Strongly agree,Strongly agree,My productivity is about same when I work remotely,3,9,6,4,1,10,8,4
1272,I would prefer not to work remotely ,Strongly agree,Strongly agree,Strongly agree,My productivity is about same when I work remotely,3,9,6,4,1,10,8,4
1273,I would prefer not to work remotely ,Strongly agree,Strongly agree,Strongly agree,My productivity is about same when I work remotely,3,9,6,4,1,10,8,4
1274,I would prefer not to work remotely ,Strongly agree,Strongly agree,Strongly agree,My productivity is about same when I work remotely,3,9,6,4,1,10,8,4
1275,I would prefer not to work remotely ,Strongly agree,Strongly agree,Strongly agree,My productivity is about same when I work remotely,3,9,6,4,1,10,8,4
1276,I would prefer not to work remotely ,Strongly agree,Strongly agree,Strongly agree,My productivity is about same when I work remotely,3,9,6,4,1,10,8,4
1277,I would prefer not to work remotely ,Strongly agree,Strongly agree,Strongly agree,My productivity is about same when I work remotely,3,9,6,4,1,10,8,4
1278,I would prefer not to work remotely ,Strongly agree,Strongly agree,Strongly agree,My productivity is about same when I work remotely,3,9,6,4,1,10,8,4
1279,I would prefer not to work remotely ,Strongly agree,Strongly agree,Strongly agree,My productivity is about same when I work remotely,3,9,6,4,1,10,8,4
1280,I would prefer not to work remotely ,Strongly agree,Strongly agree,Strongly agree,My productivity is about same when I work remotely,3,9,7,4,1,10,8,4
1281,I would prefer not to work remotely ,Strongly agree,Strongly agree,Strongly agree,My productivity is about same when I work remotely,3,9,7,4,1,10,8,4
1282,I would prefer not to work remotely ,Strongly agree,Strongly agree,Strongly agree,My productivity is about same when I work remotely,3,9,7,4,1,10,8,4
1283,I would prefer not to work remotely ,Strongly agree,Strongly agree,Strongly agree,My productivity is about same when I work remotely,3,9,7,4,1,10,8,4
1284,I would prefer not to work remotely ,Strongly agree,Strongly agree,Strongly agree,My productivity is about same when I work remotely,3,9,7,4,1,10,8,4
1285,I would prefer not to work remotely ,Strongly agree,Strongly agree,Strongly agree,My productivity is about same when I work remotely,3,9,7,4,1,10,8,4
1286,I would prefer not to work remotely ,Strongly agree,Strongly agree,Strongly agree,My productivity is about same when I work remotely,3,9,7,4,1,10,8,4.5
1287,I would prefer not to work remotely ,Strongly agree,Strongly agree,Strongly agree,My productivity is about same when I work remotely,3,9,7,4,1,10,8,4.5
1288,I would prefer not to work remotely ,Strongly agree,Strongly agree,Strongly agree,My productivity is about same when I work remotely,3,9,7,4,1,10,8,4.5
1289,I would prefer not to work remotely ,Strongly agree,Strongly agree,Strongly agree,My productivity is about same when I work remotely,3,9,7,4,1,10,8,5
1290,I would prefer not to work remotely ,Strongly agree,Strongly agree,Strongly agree,My productivity is about same when I work remotely,3,9,7,4,1,10,8,5
1291,I would prefer not to work remotely ,Strongly agree,Strongly agree,Strongly agree,My productivity is about same when I work remotely,3,9,7,4,1,10,8,5
1292,I would prefer not to work remotely ,Strongly agree,Strongly agree,Strongly agree,My productivity is about same when I work remotely,3,9,7,4,1,10,8,5
1293,I would prefer not to work remotely ,Strongly agree,Strongly agree,Strongly agree,My productivity is about same when I work remotely,3,9,7,4,1,10,8,5
1294,I would prefer not to work remotely ,Strongly agree,Strongly agree,Strongly agree,My productivity is about same when I work remotely,3,9,7,4,1,10,8,5
1295,I would prefer not to work remotely ,Strongly agree,Strongly agree,Strongly agree,My productivity is about same when I work remotely,3,9,7,4,1,10,8,5
1296,I would prefer not to work remotely ,Strongly agree,Strongly agree,Strongly agree,My productivity is about same when I work remotely,3,9,7,4,1,10,8,5
1297,I would prefer not to work remotely ,Strongly agree,Strongly agree,Strongly agree,My productivity is about same when I work remotely,3,9,7,4,1,10,8,5
1298,I would prefer not to work remotely ,Strongly agree,Strongly agree,Strongly agree,My productivity is about same when I work remotely,3,9,7,4,1,10,8,5
1299,I would prefer not to work remotely ,Strongly agree,Strongly agree,Strongly agree,My productivity is about same when I work remotely,3,9,7,4,1,10,8,5
1300,I would prefer not to work remotely ,Strongly agree,Strongly agree,Strongly agree,My productivity is about same when I work remotely,3,9,7,4,1,10,8,5
1301,I would prefer not to work remotely ,Strongly agree,Strongly agree,Strongly agree,My productivity is about same when I work remotely,3,9,7,4,1,10,8,5
1302,I would prefer not to work remotely ,Strongly agree,Strongly agree,Strongly agree,My productivity is about same when I work remotely,3,9,7.5,4,1,10,8,5
1303,I would prefer not to work remotely ,Strongly agree,Strongly agree,Strongly agree,My productivity is about same when I work remotely,3,9,7.5,4,1,10,8,5
1304,I would prefer not to work remotely ,Strongly agree,Strongly agree,Strongly agree,My productivity is about same when I work remotely,3,9,8,4,1,10,8,5
1305,I would prefer not to work remotely ,Strongly agree,Strongly agree,Strongly agree,My productivity is about same when I work remotely,3,9,8,4,1,10,8,5
1306,I would prefer not to work remotely ,Strongly agree,Strongly agree,Strongly agree,My productivity is about same when I work remotely,3,9,8,4,1,10,8,5
1307,I would prefer not to work remotely ,Strongly agree,Strongly agree,Strongly agree,My productivity is about same when I work remotely,3,9,8,4,1,10,8,5
1308,I would prefer not to work remotely ,Strongly agree,Strongly agree,Strongly agree,My productivity is about same when I work remotely,3,9,8,4,1,10,8,5
1309,I would prefer not to work remotely ,Strongly agree,Strongly agree,Strongly agree,My productivity is about same when I work remotely,3,9,8,4,1,10,8,5
1310,I would prefer not to work remotely ,Strongly agree,Strongly agree,Strongly agree,My productivity is about same when I work remotely,3,9,8,4,1,10,8,5
1311,I would prefer not to work remotely ,Strongly agree,Strongly agree,Strongly agree,My productivity is about same when I work remotely,3,9,8,4,1,10,8,5
1312,I would prefer not to work remotely ,Strongly agree,Strongly agree,Strongly agree,My productivity is about same when I work remotely,3,9,8,4,1,10,8,5
1313,I would prefer not to work remotely ,Strongly agree,Strongly agree,Strongly agree,My productivity is about same when I work remotely,3,9,8,4,1,10,8,5
1314,Less than 10% of my time,Strongly agree,Strongly agree,Strongly agree,My productivity is about same when I work remotely,3,9,8,4,1,10,8,5
1315,Less than 10% of my time,Strongly agree,Strongly agree,Strongly agree,My productivity is about same when I work remotely,3,9,8,4,1,10,8,5
1316,Less than 10% of my time,Strongly agree,Strongly agree,Strongly agree,My productivity is about same when I work remotely,3,9,8,4,1,10,8,5
1317,Less than 10% of my time,Strongly agree,Strongly agree,Strongly agree,My productivity is about same when I work remotely,3,9,8,4,1,10,8,5
1318,Less than 10% of my time,Strongly agree,Strongly agree,Strongly agree,My productivity is about same when I work remotely,3,9,8,4,1,10,8,5
1319,Less than 10% of my time,Strongly agree,Strongly agree,Strongly agree,My productivity is about same when I work remotely,3,9,8,4,1,10,8,5
1320,Less than 10% of my time,Strongly agree,Strongly agree,Strongly agree,My productivity is about same when I work remotely,3,9,8,4,1,10,8,5
1321,Less than 10% of my time,Strongly agree,Strongly agree,Strongly agree,My productivity is about same when I work remotely,3,9,8,4,1,10,8,5
1322,Less than 10% of my time,Strongly agree,Strongly agree,Strongly agree,My productivity is about same when I work remotely,3,9,8,4,1,10,8,5
1323,Less than 10% of my time,Strongly agree,Strongly agree,Strongly agree,My productivity is about same when I work remotely,3,9,8,4,1,10,8,5
1324,Less than 10% of my time,Strongly agree,Strongly agree,Strongly agree,My productivity is about same when I work remotely,3,9,8,4,1,10,8,5
1325,Less than 10% of my time,Strongly agree,Strongly agree,Strongly agree,My productivity is about same when I work remotely,3,9,8,4,1,10,8,5
1326,Less than 10% of my time,Strongly agree,Strongly agree,Strongly agree,My productivity is about same when I work remotely,3,9,8,4,1,10,8,5
1327,Less than 10% of my time,Strongly agree,Strongly agree,Strongly agree,My productivity is about same when I work remotely,3,9,8,4,1,10,8,5
1328,Less than 10% of my time,Strongly agree,Strongly agree,Strongly agree,My productivity is about same when I work remotely,3,9,8,4,1,10,8,5
1329,Less than 10% of my time,Strongly agree,Strongly agree,Strongly agree,My productivity is about same when I work remotely,3,9,8,4,1,10,8,5
1330,Less than 10% of my time,Strongly agree,Strongly agree,Strongly agree,My productivity is about same when I work remotely,3,9,8,4,1,10,8,5
1331,Less than 10% of my time,Strongly agree,Strongly agree,Strongly agree,My productivity is about same when I work remotely,3,9,8,4,1,10,8,5
1332,Less than 10% of my time,Strongly agree,Strongly agree,Strongly agree,My productivity is about same when I work remotely,3,9,8,4,1,10,8,5
1333,Less than 10% of my time,Strongly agree,Strongly agree,Strongly agree,My productivity is about same when I work remotely,3,9,8,4,1,10,8,5
1334,Less than 10% of my time,Strongly agree,Strongly agree,Strongly agree,My productivity is about same when I work remotely,3,9,8,4,1,10,8,5
1335,Less than 10% of my time,Strongly agree,Strongly agree,Strongly agree,My productivity is about same when I work remotely,3,9,8,4,1.2,10,8.5,5
1336,Less than 10% of my time,Strongly agree,Strongly agree,Strongly agree,My productivity is about same when I work remotely,3,9,8,4.3,1.5,10,8.5,5
1337,Less than 10% of my time,Strongly agree,Strongly agree,Strongly agree,My productivity is about same when I work remotely,3,9,8,4.5,1.5,10,9,5
1338,Less than 10% of my time,Strongly agree,Strongly agree,Strongly agree,My productivity is about same when I work remotely,3,9,8,4.5,1.5,10,9,5
1339,Less than 10% of my time,Strongly agree,Strongly agree,Strongly agree,My productivity is about same when I work remotely,3,9,8,5,1.5,10,9,5
1340,Less than 10% of my time,Strongly agree,Strongly agree,Strongly agree,My productivity is about same when I work remotely,3,9,8,5,1.5,10,9,5
1341,Less than 10% of my time,Strongly agree,Strongly agree,Strongly agree,My productivity is about same when I work remotely,3,9,8,5,1.5,10,9,5
1342,Less than 10% of my time,Strongly agree,Strongly agree,Strongly agree,My productivity is about same when I work remotely,3,9,8,5,1.5,10,9,5
1343,Less than 10% of my time,Strongly agree,Strongly agree,Strongly agree,My productivity is about same when I work remotely,3,9,8,5,1.5,10,9,5
1344,Less than 10% of my time,Strongly agree,Strongly agree,Strongly agree,My productivity is about same when I work remotely,3,9,8,5,2,10,9,5
1345,Less than 10% of my time,Strongly agree,Strongly agree,Strongly agree,My productivity is about same when I work remotely,3,9,8,5,2,10,9,5
1346,Less than 10% of my time,Strongly agree,Strongly agree,Strongly agree,My productivity is about same when I work remotely,3,9,8,5,2,10,9,5
1347,Less than 10% of my time,Strongly agree,Strongly agree,Strongly agree,My productivity is about same when I work remotely,3,9,8,5,2,10,9,5
1348,Less than 10% of my time,Strongly agree,Strongly agree,Strongly agree,My productivity is about same when I work remotely,3,9,8,5,2,10,9,5
1349,Less than 10% of my time,Strongly agree,Strongly agree,Strongly agree,My productivity is about same when I work remotely,3,9,8,5,2,10,9,5
1350,Less than 10% of my time,Strongly agree,Strongly agree,Strongly agree,My productivity is about same when I work remotely,3,9,8,5,2,10,9,5
1351,Less than 10% of my time,Strongly agree,Strongly agree,Strongly agree,My productivity is about same when I work remotely,3,9,8,5,2,10,9,5
1352,Less than 10% of my time,Strongly agree,Strongly agree,Strongly agree,My productivity is about same when I work remotely,3,9,8,5,2,10,9,5
1353,Less than 10% of my time,Strongly agree,Strongly agree,Strongly agree,My productivity is about same when I work remotely,3,9,8,5,2,10,9,5
1354,Less than 10% of my time,Strongly agree,Strongly agree,Strongly agree,My productivity is about same when I work remotely,3,9,8,5,2,10,9,5
1355,Less than 10% of my time,Strongly agree,Strongly agree,Strongly agree,My productivity is about same when I work remotely,3,9,8,5,2,10,9,5
1356,Less than 10% of my time,Strongly agree,Strongly agree,Strongly agree,My productivity is about same when I work remotely,3,9,8,5,2,10,9,5
1357,Less than 10% of my time,Strongly agree,Strongly agree,Strongly agree,My productivity is about same when I work remotely,3,9,8,5,2,10,9,5
1358,Less than 10% of my time,Strongly agree,Strongly agree,Strongly agree,My productivity is about same when I work remotely,3,9,8,5,2,10,9,5
1359,Less than 10% of my time,Strongly agree,Strongly agree,Strongly agree,My productivity is about same when I work remotely,3,9,8,5,2,10,9.5,5
1360,Less than 10% of my time,Strongly agree,Strongly agree,Strongly agree,My productivity is about same when I work remotely,3,9,8,5,2,10,9.5,5.5
1361,Less than 10% of my time,Strongly agree,Strongly agree,Strongly agree,My productivity is about same when I work remotely,3,9,8,5,2,10,9.5,5.5
1362,Less than 10% of my time,Strongly agree,Strongly agree,Strongly agree,My productivity is about same when I work remotely,3,9,8,5,2,10,9.5,5.5
1363,Less than 10% of my time,Strongly agree,Strongly agree,Strongly agree,My productivity is about same when I work remotely,3,9,8.5,5,2,10,9.5,6
1364,Less than 10% of my time,Strongly agree,Strongly agree,Strongly agree,My productivity is about same when I work remotely,3,9,9,5,2,10,9.5,6
1365,Less than 10% of my time,Strongly agree,Strongly agree,Strongly agree,My productivity is about same when I work remotely,3,9,9,5,2,10,10,6
1366,Less than 10% of my time,Strongly agree,Strongly agree,Strongly agree,My productivity is about same when I work remotely,3,9,9,5,2,10,10,6
1367,Less than 10% of my time,Strongly agree,Strongly agree,Strongly agree,My productivity is about same when I work remotely,3,9,9,5,2,10,10,6
1368,Less than 10% of my time,Strongly agree,Strongly agree,Strongly agree,My productivity is about same when I work remotely,3,9,9,5,2,10,10,6
1369,Less than 10% of my time,Strongly agree,Strongly agree,Strongly agree,My productivity is about same when I work remotely,3,9,9,5,2,10,10,6
1370,Less than 10% of my time,Strongly agree,Strongly agree,Strongly agree,My productivity is about same when I work remotely,3,9,9,5,2,10,10,6
1371,Less than 10% of my time,Strongly agree,Strongly agree,Strongly agree,My productivity is about same when I work remotely,3,9,9,5,2,10,10,6
1372,NA,Strongly agree,Strongly agree,Strongly agree,My productivity is about same when I work remotely,3,9,9,5,2,10,10,6
1373,NA,Strongly agree,Strongly agree,Strongly agree,My productivity is about same when I work remotely,3,9,9,5,2,10,10,6
1374,NA,Strongly disagree,Strongly agree,Strongly agree,My productivity is about same when I work remotely,3,9,9,5,2,10,10,6
1375,NA,Strongly disagree,Strongly agree,Strongly agree,My productivity is about same when I work remotely,3,9,9,5,2,10,10,6
1376,NA,Strongly disagree,Strongly agree,Strongly agree,My productivity is about same when I work remotely,3,9,9,5,2,10,10,6
1377,NA,Strongly disagree,Strongly agree,Strongly agree,My productivity is about same when I work remotely,3,9.5,9,5,2,10,10,6
1378,NA,Strongly disagree,Strongly agree,Strongly agree,My productivity is about same when I work remotely,3,9.5,9,5,2,10,10,6
1379,NA,Strongly disagree,Strongly agree,Strongly agree,My productivity is about same when I work remotely,3,9.5,9,5,2,10,10,6
1380,NA,Strongly disagree,Strongly agree,Strongly agree,My productivity is about same when I work remotely,3,9.5,9.5,5,2,10,10,6
1381,NA,Strongly disagree,Strongly agree,Strongly agree,My productivity is about same when I work remotely,3,9.5,10,5,2,10,10,6
1382,NA,Strongly disagree,Strongly agree,Strongly agree,My productivity is about same when I work remotely,3,9.5,10,5,2,10,10,6
1383,NA,Strongly disagree,Strongly agree,Strongly agree,My productivity is about same when I work remotely,3,10,10,5,2,10,10,6
1384,NA,Strongly disagree,Strongly agree,Strongly agree,My productivity is about same when I work remotely,3,10,10,5,2,10,10,6
1385,NA,Strongly disagree,Strongly agree,Strongly agree,My productivity is about same when I work remotely,3,10,10,5,2,10,10,6
1386,NA,Strongly disagree,Strongly agree,Strongly agree,My productivity is about same when I work remotely,3,10,10,5,2,10,10,6
1387,NA,Strongly disagree,Strongly agree,Strongly agree,My productivity is about same when I work remotely,3,10,10,5,2,10,10,6
1388,NA,Strongly disagree,Strongly agree,Strongly agree,My productivity is about same when I work remotely,3,10,10,5,2,10,10,6
1389,NA,Strongly disagree,Strongly agree,Strongly agree,My productivity is about same when I work remotely,3,10,10,5,2,10,10,6
1390,NA,Strongly disagree,Strongly agree,Strongly agree,My productivity is about same when I work remotely,3.5,10,10,5,2,10,10,6
1391,NA,Strongly disagree,Strongly agree,Strongly agree,My productivity is about same when I work remotely,3.5,10,10,5,2,10,10,6
1392,NA,Strongly disagree,Strongly agree,Strongly disagree,My productivity is about same when I work remotely,3.5,10,10,5,2,10,10,6
1393,NA,Strongly disagree,Strongly agree,Strongly disagree,My productivity is about same when I work remotely,3.5,10,10,5,2,10,10,6
1394,NA,Strongly disagree,Strongly agree,Strongly disagree,My productivity is about same when I work remotely,3.5,10,10,5,2,10,10,6
1395,NA,Strongly disagree,Strongly agree,Strongly disagree,My productivity is about same when I work remotely,3.5,10,10,5,2,10,10,6
1396,NA,Strongly disagree,Strongly agree,Strongly disagree,My productivity is about same when I work remotely,3.5,10,10,5,2,10,10,6
1397,NA,Strongly disagree,Strongly agree,Strongly disagree,My productivity is about same when I work remotely,3.5,10,10,5,2,10,10,6
1398,NA,Strongly disagree,Strongly agree,Strongly disagree,My productivity is about same when I work remotely,3.5,10,10,5,2,10,10,6
1399,NA,Strongly disagree,Strongly agree,Strongly disagree,My productivity is about same when I work remotely,3.5,10,10,5,2,10,10,6
1400,NA,Strongly disagree,Strongly agree,Strongly disagree,My productivity is about same when I work remotely,3.5,10,10,5,2,10,10,6
1401,NA,Strongly disagree,Strongly agree,Strongly disagree,My productivity is about same when I work remotely,3.5,10,10,5,2,10,10,6
1402,NA,Strongly disagree,Strongly agree,Strongly disagree,My productivity is about same when I work remotely,3.5,10,10,5,2,10,10,6
1403,NA,Strongly disagree,Strongly agree,Strongly disagree,My productivity is about same when I work remotely,3.5,10,10,5.5,2,10.5,10,6
1404,NA,Strongly disagree,Strongly agree,Strongly disagree,My productivity is about same when I work remotely,3.5,10,10,5.5,2,10.5,10,6
1405,NA,Strongly disagree,Strongly disagree,Strongly disagree,My productivity is about same when I work remotely,3.5,10,10,5.5,2,10.5,10,6
1406,NA,Strongly disagree,Strongly disagree,Strongly disagree,My productivity is about same when I work remotely,3.5,10,10,5.5,2,11,10,6
1407,NA,Strongly disagree,Strongly disagree,Strongly disagree,My productivity is about same when I work remotely,4,10,10,6,2,11,10,6
1408,NA,Strongly disagree,Strongly disagree,Strongly disagree,My productivity is about same when I work remotely,4,10,10,6,2,11,10,6
1409,NA,Strongly disagree,Strongly disagree,Strongly disagree,My productivity is about same when I work remotely,4,10,10,6,2,11,10,6
1410,NA,Strongly disagree,Strongly disagree,Strongly disagree,My productivity is about same when I work remotely,4,10,10,6,2,11,10,6
1411,NA,Strongly disagree,Strongly disagree,Strongly disagree,My productivity is about same when I work remotely,4,10,10,6,2,11,10,6
1412,NA,Strongly disagree,Strongly disagree,Strongly disagree,My productivity is about same when I work remotely,4,10,10,6,2,11,10,6
1413,NA,Strongly disagree,Strongly disagree,Strongly disagree,My productivity is about same when I work remotely,4,10,10,6,2,11,10,6
1414,NA,Strongly disagree,Strongly disagree,Strongly disagree,My productivity is about same when I work remotely,4,10,10,6,2,11,10,6.5
1415,NA,Strongly disagree,Strongly disagree,Strongly disagree,My productivity is about same when I work remotely,4,10,10,6,2,11,10,7
1416,NA,Strongly disagree,Strongly disagree,Strongly disagree,My productivity is about same when I work remotely,4,10,10,6,2,11,10,7
1417,NA,Strongly disagree,Strongly disagree,Strongly disagree,My productivity is about same when I work remotely,4,10,10,6,2,11,10,7
1418,NA,Strongly disagree,Strongly disagree,Strongly disagree,My productivity is about same when I work remotely,4,10,10,6,2,11,10,7
1419,NA,Strongly disagree,Strongly disagree,Strongly disagree,My productivity is about same when I work remotely,4,10,10,6,2,11,10,7
1420,NA,Strongly disagree,Strongly disagree,Strongly disagree,My productivity is about same when I work remotely,4,10,10,6,2,11,10,7
1421,NA,Strongly disagree,Strongly disagree,Strongly disagree,My productivity is about same when I work remotely,4,10,10,6,2,11,10,7
1422,NA,Strongly disagree,Strongly disagree,Strongly disagree,My productivity is about same when I work remotely,4,10,10,6,2,11,10,7
1423,NA,Strongly disagree,Strongly disagree,Strongly disagree,My productivity is about same when I work remotely,4,10,10,6,2.5,11,10,7
1424,NA,Strongly disagree,Strongly disagree,Strongly disagree,My productivity is about same when I work remotely,4,10,10,6,3,11,10.5,7
1425,NA,Strongly disagree,Strongly disagree,Strongly disagree,My productivity is about same when I work remotely,4,10,10,6,3,11,11,7
1426,NA,Strongly disagree,Strongly disagree,Strongly disagree,My productivity is about same when I work remotely,4,10,10,6,3,11,11,7
1427,NA,Strongly disagree,Strongly disagree,Strongly disagree,My productivity is about same when I work remotely,4,10,10,6,3,11,11,7
1428,NA,Strongly disagree,Strongly disagree,Strongly disagree,My productivity is about same when I work remotely,4,10,11,6,3,11,11,7
1429,NA,Strongly disagree,Strongly disagree,Strongly disagree,My productivity is about same when I work remotely,4,10,11,6,3,11,11,7
1430,NA,Strongly disagree,Strongly disagree,Strongly disagree,My productivity is about same when I work remotely,4,10,11,6,3,11,11,7
1431,NA,Strongly disagree,Strongly disagree,Strongly disagree,My productivity is about same when I work remotely,4,10,11,6,3,11,11.25,7
1432,NA,Strongly disagree,Strongly disagree,Strongly disagree,My productivity is about same when I work remotely,4,10,11,6,3,11,11.5,7
1433,NA,Strongly disagree,Strongly disagree,Strongly disagree,My productivity is about same when I work remotely,4,10,11,6,3,11,12,7
1434,NA,Strongly disagree,Strongly disagree,Strongly disagree,My productivity is about same when I work remotely,4,10,11,6,3,11,12,7
1435,NA,Strongly disagree,Strongly disagree,Strongly disagree,My productivity is about same when I work remotely,4,10,11,6.25,3,11,12,7
1436,NA,Strongly disagree,Strongly disagree,Strongly disagree,My productivity is about same when I work remotely,4,10,11,7,3,11,12,7
1437,NA,Strongly disagree,Strongly disagree,Strongly disagree,My productivity is about same when I work remotely,4,10,11,7,3,11,12,7
1438,NA,Strongly disagree,Strongly disagree,Strongly disagree,My productivity is about same when I work remotely,4,10,11,7,3,11,12,7
1439,NA,Strongly disagree,Strongly disagree,Strongly disagree,My productivity is about same when I work remotely,4,10,11,7,3,11,12,7
1440,NA,Strongly disagree,Strongly disagree,Strongly disagree,My productivity is about same when I work remotely,4,10,11,7,3,12,12,7
1441,NA,Strongly disagree,Strongly disagree,Strongly disagree,My productivity is about same when I work remotely,4,10,11,7,3,12,12,7
1442,NA,Strongly disagree,Strongly disagree,Strongly disagree,My productivity is about same when I work remotely,4,10,11,7,3,12,12,7
1443,NA,Strongly disagree,Strongly disagree,Strongly disagree,My productivity is about same when I work remotely,4,10,11,7,3,12,12,7.5
1444,NA,Strongly disagree,Strongly disagree,Strongly disagree,My productivity is about same when I work remotely,4,10,11.5,7,3,12,12,7.5
1445,NA,Strongly disagree,Strongly disagree,Strongly disagree,My productivity is about same when I work remotely,4,10,12,7,3,12,12,7.5
1446,NA,Strongly disagree,Strongly disagree,Strongly disagree,My productivity is about same when I work remotely,4,10,12,7,3,12,12,7.9
1447,NA,Strongly disagree,Strongly disagree,Strongly disagree,My productivity is about same when I work remotely,4,10,12,7,3,12,12,8
1448,NA,Strongly disagree,Strongly disagree,Strongly disagree,My productivity is about same when I work remotely,4,10,12,7,4,12,12,8
1449,NA,Strongly disagree,Strongly disagree,Strongly disagree,My productivity is about same when I work remotely,4,10,12,7,4,12,12,8
1450,NA,Strongly disagree,Strongly disagree,Strongly disagree,My productivity is about same when I work remotely,4,10,12,7,4,12,12,8
1451,NA,Strongly disagree,Strongly disagree,Strongly disagree,My productivity is about same when I work remotely,4,10,12,7,4,12,12,8
1452,NA,Strongly disagree,Strongly disagree,Strongly disagree,My productivity is about same when I work remotely,4,10,12,7,4,12,12,8
1453,NA,Strongly disagree,Strongly disagree,Strongly disagree,My productivity is about same when I work remotely,4,10,12,7.5,4,12,12,8
1454,NA,Strongly disagree,Strongly disagree,Strongly disagree,My productivity is about same when I work remotely,4.5,10,12,7.5,4,12,12,8
1455,NA,Strongly disagree,Strongly disagree,Strongly disagree,My productivity is about same when I work remotely,4.5,10,12,7.9,4,12,12,8
1456,NA,Strongly disagree,Strongly disagree,Strongly disagree,My productivity is about same when I work remotely,4.5,10,12,8,4,12,12,8
1457,NA,Strongly disagree,Strongly disagree,Strongly disagree,My productivity is about same when I work remotely,4.5,10,12,8,4,12,12,8
1458,NA,Strongly disagree,Strongly disagree,Strongly disagree,My productivity is about same when I work remotely,4.5,10,12,8,4,12,12.4,8
1459,NA,Strongly disagree,Strongly disagree,Strongly disagree,My productivity is about same when I work remotely,5,10,12,8,4,12,12.5,8
1460,NA,Strongly disagree,Strongly disagree,Strongly disagree,My productivity is about same when I work remotely,5,10,12,8,4,12,12.5,8
1461,NA,Strongly disagree,Strongly disagree,Strongly disagree,My productivity is about same when I work remotely,5,10,12,8,4,12,12.5,8
1462,NA,Strongly disagree,Strongly disagree,Strongly disagree,My productivity is about same when I work remotely,5,10,12,8,4,12,12.5,8
1463,NA,Strongly disagree,Strongly disagree,Strongly disagree,My productivity is about same when I work remotely,5,10,12,8,4,12,13,8
1464,NA,Strongly disagree,Strongly disagree,Strongly disagree,My productivity is about same when I work remotely,5,10,12,8,4,12,13,8
1465,NA,Strongly disagree,Strongly disagree,Strongly disagree,My productivity is about same when I work remotely,5,10,12,8,4,12,13,8
1466,NA,Strongly disagree,Strongly disagree,Strongly disagree,My productivity is about same when I work remotely,5,10,12,8,5,12,13,8
1467,NA,Strongly disagree,Strongly disagree,Strongly disagree,My productivity is about same when I work remotely,5,10,12,8,5,12,13,8
1468,NA,Strongly disagree,Strongly disagree,Strongly disagree,My productivity is about same when I work remotely,5,10,12,8,5,12,13,8
1469,NA,Strongly disagree,Strongly disagree,Strongly disagree,My productivity is about same when I work remotely,5,10,12,8,5,12,13,8
1470,NA,Strongly disagree,Strongly disagree,Strongly disagree,My productivity is about same when I work remotely,5,11,12,8,5,12,13,8
1471,NA,Strongly disagree,Strongly disagree,Strongly disagree,My productivity is about same when I work remotely,5,11,12,8,5,12,13,8
1472,NA,Strongly disagree,Strongly disagree,Strongly disagree,My productivity is about same when I work remotely,5,11,12,8,5,12,13,8
1473,NA,Strongly disagree,Strongly disagree,Strongly disagree,My productivity is about same when I work remotely,5,11,12.4,8,5,12,13,8
1474,NA,Strongly disagree,Strongly disagree,Strongly disagree,My productivity is about same when I work remotely,5,11,12.5,8,5,12,13,8
1475,NA,Strongly disagree,Strongly disagree,Strongly disagree,My productivity is about same when I work remotely,5,11,12.5,8,5,12,13,8
1476,NA,Strongly disagree,Strongly disagree,Strongly disagree,My productivity is about same when I work remotely,5,11,13,8,5,12,13.5,8
1477,NA,Strongly disagree,Strongly disagree,Strongly disagree,My productivity is about same when I work remotely,5,11,13,8,5,12,13.5,9
1478,NA,Strongly disagree,Strongly disagree,Strongly disagree,My productivity is about same when I work remotely,5,11,13,8,5,12,14,9
1479,NA,Strongly disagree,Strongly disagree,Strongly disagree,My productivity is about same when I work remotely,5,11,13,8,5,12,14,9
1480,NA,Strongly disagree,Strongly disagree,Strongly disagree,My productivity is about same when I work remotely,5,11,13,8.5,5,12,14,9
1481,NA,Strongly disagree,Strongly disagree,Strongly disagree,My productivity is about same when I work remotely,5,11,13,8.5,5,12,14,9
1482,NA,Strongly disagree,Strongly disagree,Strongly disagree,My productivity is about same when I work remotely,5,11.5,13,9,5,12.5,14,9
1483,NA,Strongly disagree,Strongly disagree,Strongly disagree,My productivity is about same when I work remotely,5,12,13,9,5,12.5,14,9
1484,NA,Strongly disagree,Strongly disagree,Strongly disagree,My productivity is about same when I work remotely,5,12,13,9,5,13,14,9
1485,NA,Strongly disagree,Strongly disagree,Strongly disagree,My productivity is about same when I work remotely,6,12,13,9,5,13,14,9
1486,NA,Strongly disagree,Strongly disagree,Strongly disagree,My productivity is about same when I work remotely,6,12,13,9.5,5,13,14,9
1487,NA,Strongly disagree,Strongly disagree,Strongly disagree,My productivity is about same when I work remotely,6,12,13.5,10,5,13,14,9.5
1488,NA,Strongly disagree,Strongly disagree,Strongly disagree,My productivity is about same when I work remotely,6,12,13.5,10,5,13,14.4,10
1489,NA,Strongly disagree,Strongly disagree,Strongly disagree,My productivity is about same when I work remotely,6,12,14,10,5,13,14.5,10
1490,NA,Strongly disagree,Strongly disagree,Strongly disagree,My productivity is about same when I work remotely,6,12,14,10,6,13,14.5,10
1491,NA,Strongly disagree,Strongly disagree,Strongly disagree,My productivity is about same when I work remotely,6,12,14,10,6,14,15,10
1492,NA,Strongly disagree,Strongly disagree,Strongly disagree,My productivity is about same when I work remotely,6,12,14,10,6,14,15,10
1493,NA,Strongly disagree,Strongly disagree,Strongly disagree,My productivity is about same when I work remotely,6,12,14,10,6,14,15,10
1494,NA,Strongly disagree,Strongly disagree,Strongly disagree,My productivity is about same when I work remotely,6,12,14,10,6,14,15,10
1495,NA,Strongly disagree,Strongly disagree,Strongly disagree,My productivity is about same when I work remotely,6,12,14,10,6,14,15,10
1496,NA,Strongly disagree,Strongly disagree,Strongly disagree,My productivity is about same when I work remotely,6,14,14,10,6,15,15,10
1497,NA,Strongly disagree,Strongly disagree,Strongly disagree,My productivity is about same when I work remotely,7,14,14,10,7,15,15,10
1498,NA,Strongly disagree,Strongly disagree,Strongly disagree,My productivity is about same when I work remotely,7,14,15,10,7,16,15.5,10
1499,NA,Strongly disagree,Strongly disagree,Strongly disagree,My productivity is about same when I work remotely,8,14,15,10,8,16,15.5,10
1500,NA,Strongly disagree,Strongly disagree,Strongly disagree,My productivity is about same when I work remotely,10,15,15,10,8,16,16,10.5
1501,NA,Strongly disagree,Strongly disagree,Strongly disagree,My productivity is about same when I work remotely,10,20,16,11,10,18,17,11
1502,NA,Strongly disagree,Strongly disagree,Strongly disagree,My productivity is about same when I work remotely,10,20,17.5,12,10,20,17,11
1503,NA,Strongly disagree,Strongly disagree,Strongly disagree,My productivity is about same when I work remotely,10,20,18,12,10,20,18,12
1504,NA,Strongly disagree,Strongly disagree,Strongly disagree,My productivity is about same when I work remotely,12,23,18,12,10,20,18,12
1505,NA,Strongly disagree,Strongly disagree,Strongly disagree,My productivity is about same when I work remotely,12,32,18,13,12,23,18,12
1506,NA,Strongly disagree,Strongly disagree,Strongly disagree,My productivity is about same when I work remotely,15,33,20,15,15,33,20,13
1507,NA,Strongly disagree,Strongly disagree,Strongly disagree,My productivity is about same when I work remotely,20,60,20,20,20,40,20,20
