response_id,best_experience_group_1,worst_experience_group_1,best_experience_group_2,worst_experience_group_2,best_experience_group_3,worst_experience_group_3,best_experience_group_4,worst_experience_group_4,best_experience_group_5,worst_experience_group_5,best_experience_group_6,worst_experience_group_6
1,Managing my family responsibilities,Managing my family responsibilities,Managing my family responsibilities,Managing my family responsibilities,Managing my family responsibilities,Managing my family responsibilities,Managing my personal commitments,Managing my personal commitments,My daily expenses,My daily expenses,Managing my personal commitments,Managing my personal commitments
2,Managing my family responsibilities,Managing my family responsibilities,Managing my family responsibilities,Managing my family responsibilities,Managing my family responsibilities,Managing my family responsibilities,Managing my personal commitments,Managing my personal commitments,My daily expenses,My daily expenses,Managing my personal commitments,Managing my personal commitments
3,Managing my family responsibilities,Managing my family responsibilities,Managing my family responsibilities,Managing my family responsibilities,Managing my family responsibilities,Managing my family responsibilities,Managing my personal commitments,Managing my personal commitments,My daily expenses,My daily expenses,Managing my personal commitments,Managing my personal commitments
4,Managing my family responsibilities,Managing my family responsibilities,Managing my family responsibilities,Managing my family responsibilities,Managing my family responsibilities,Managing my family responsibilities,Managing my personal commitments,Managing my personal commitments,My daily expenses,My daily expenses,Managing my personal commitments,Managing my personal commitments
5,Managing my family responsibilities,Managing my family responsibilities,Managing my family responsibilities,Managing my family responsibilities,Managing my family responsibilities,Managing my family responsibilities,Managing my personal commitments,Managing my personal commitments,My daily expenses,My daily expenses,Managing my personal commitments,Managing my personal commitments
6,Managing my family responsibilities,Managing my family responsibilities,Managing my family responsibilities,Managing my family responsibilities,Managing my family responsibilities,Managing my family responsibilities,Managing my personal commitments,Managing my personal commitments,My daily expenses,My daily expenses,Managing my personal commitments,Managing my personal commitments
7,Managing my family responsibilities,Managing my family responsibilities,Managing my family responsibilities,Managing my family responsibilities,Managing my family responsibilities,Managing my family responsibilities,Managing my personal commitments,Managing my personal commitments,My daily expenses,My daily expenses,Managing my personal commitments,Managing my personal commitments
8,Managing my family responsibilities,Managing my family responsibilities,Managing my family responsibilities,Managing my family responsibilities,Managing my family responsibilities,Managing my family responsibilities,Managing my personal commitments,Managing my personal commitments,My daily expenses,My daily expenses,Managing my personal commitments,Managing my personal commitments
9,Managing my family responsibilities,Managing my family responsibilities,Managing my family responsibilities,Managing my family responsibilities,Managing my family responsibilities,Managing my family responsibilities,Managing my personal commitments,Managing my personal commitments,My daily expenses,My daily expenses,Managing my personal commitments,Managing my personal commitments
10,Managing my family responsibilities,Managing my family responsibilities,Managing my family responsibilities,Managing my family responsibilities,Managing my family responsibilities,Managing my family responsibilities,Managing my personal commitments,Managing my personal commitments,My daily expenses,My daily expenses,Managing my personal commitments,Managing my personal commitments
11,Managing my family responsibilities,Managing my family responsibilities,Managing my family responsibilities,Managing my family responsibilities,Managing my family responsibilities,Managing my family responsibilities,Managing my personal commitments,Managing my personal commitments,My daily expenses,My daily expenses,Managing my personal commitments,Managing my personal commitments
12,Managing my family responsibilities,Managing my family responsibilities,Managing my family responsibilities,Managing my family responsibilities,Managing my family responsibilities,Managing my family responsibilities,Managing my personal commitments,Managing my personal commitments,My daily expenses,My daily expenses,Managing my personal commitments,Managing my personal commitments
13,Managing my family responsibilities,Managing my family responsibilities,Managing my family responsibilities,Managing my family responsibilities,Managing my family responsibilities,Managing my family responsibilities,Managing my personal commitments,Managing my personal commitments,My daily expenses,My daily expenses,Managing my personal commitments,Managing my personal commitments
14,Managing my family responsibilities,Managing my family responsibilities,Managing my family responsibilities,Managing my family responsibilities,Managing my family responsibilities,Managing my family responsibilities,Managing my personal commitments,Managing my personal commitments,My daily expenses,My daily expenses,Managing my personal commitments,Managing my personal commitments
15,Managing my family responsibilities,Managing my family responsibilities,Managing my family responsibilities,Managing my family responsibilities,Managing my family responsibilities,Managing my family responsibilities,Managing my personal commitments,Managing my personal commitments,My daily expenses,My daily expenses,Managing my personal commitments,Managing my personal commitments
16,Managing my family responsibilities,Managing my family responsibilities,Managing my family responsibilities,Managing my family responsibilities,Managing my family responsibilities,Managing my family responsibilities,Managing my personal commitments,Managing my personal commitments,My daily expenses,My daily expenses,Managing my personal commitments,Managing my personal commitments
17,Managing my family responsibilities,Managing my family responsibilities,Managing my family responsibilities,Managing my family responsibilities,Managing my family responsibilities,Managing my family responsibilities,Managing my personal commitments,Managing my personal commitments,My daily expenses,My daily expenses,Managing my personal commitments,Managing my personal commitments
18,Managing my family responsibilities,Managing my family responsibilities,Managing my family responsibilities,Managing my family responsibilities,Managing my family responsibilities,Managing my family responsibilities,Managing my personal commitments,Managing my personal commitments,My daily expenses,My daily expenses,Managing my personal commitments,Managing my personal commitments
19,Managing my family responsibilities,Managing my family responsibilities,Managing my family responsibilities,Managing my family responsibilities,Managing my family responsibilities,Managing my family responsibilities,Managing my personal commitments,Managing my personal commitments,My daily expenses,My daily expenses,Managing my personal commitments,Managing my personal commitments
20,Managing my family responsibilities,Managing my family responsibilities,Managing my family responsibilities,Managing my family responsibilities,Managing my family responsibilities,Managing my family responsibilities,Managing my personal commitments,Managing my personal commitments,My daily expenses,My daily expenses,Managing my personal commitments,Managing my personal commitments
21,Managing my family responsibilities,Managing my family responsibilities,Managing my family responsibilities,Managing my family responsibilities,Managing my family responsibilities,Managing my family responsibilities,Managing my personal commitments,Managing my personal commitments,My daily expenses,My daily expenses,Managing my personal commitments,Managing my personal commitments
22,Managing my family responsibilities,Managing my family responsibilities,Managing my family responsibilities,Managing my family responsibilities,Managing my family responsibilities,Managing my family responsibilities,Managing my personal commitments,Managing my personal commitments,My daily expenses,My daily expenses,Managing my personal commitments,Managing my personal commitments
23,Managing my family responsibilities,Managing my family responsibilities,Managing my family responsibilities,Managing my family responsibilities,Managing my family responsibilities,Managing my family responsibilities,Managing my personal commitments,Managing my personal commitments,My daily expenses,My daily expenses,Managing my personal commitments,Managing my personal commitments
24,Managing my family responsibilities,Managing my family responsibilities,Managing my family responsibilities,Managing my family responsibilities,Managing my family responsibilities,Managing my family responsibilities,Managing my personal commitments,Managing my personal commitments,My daily expenses,My daily expenses,Managing my personal commitments,Managing my personal commitments
25,Managing my family responsibilities,Managing my family responsibilities,Managing my family responsibilities,Managing my family responsibilities,Managing my family responsibilities,Managing my family responsibilities,Managing my personal commitments,Managing my personal commitments,My daily expenses,My daily expenses,Managing my personal commitments,Managing my personal commitments
26,Managing my family responsibilities,Managing my family responsibilities,Managing my family responsibilities,Managing my family responsibilities,Managing my family responsibilities,Managing my family responsibilities,Managing my personal commitments,Managing my personal commitments,My daily expenses,My daily expenses,Managing my personal commitments,Managing my personal commitments
27,Managing my family responsibilities,Managing my family responsibilities,Managing my family responsibilities,Managing my family responsibilities,Managing my family responsibilities,Managing my family responsibilities,Managing my personal commitments,Managing my personal commitments,My daily expenses,My daily expenses,Managing my personal commitments,Managing my personal commitments
28,Managing my family responsibilities,Managing my family responsibilities,Managing my family responsibilities,Managing my family responsibilities,Managing my family responsibilities,Managing my family responsibilities,Managing my personal commitments,Managing my personal commitments,My daily expenses,My daily expenses,Managing my personal commitments,Managing my personal commitments
29,Managing my family responsibilities,Managing my family responsibilities,Managing my family responsibilities,Managing my family responsibilities,Managing my family responsibilities,Managing my family responsibilities,Managing my personal commitments,Managing my personal commitments,My daily expenses,My daily expenses,Managing my personal commitments,Managing my personal commitments
30,Managing my family responsibilities,Managing my family responsibilities,Managing my family responsibilities,Managing my family responsibilities,Managing my family responsibilities,Managing my family responsibilities,Managing my personal commitments,Managing my personal commitments,My daily expenses,My daily expenses,Managing my personal commitments,Managing my personal commitments
31,Managing my family responsibilities,Managing my family responsibilities,Managing my family responsibilities,Managing my family responsibilities,Managing my family responsibilities,Managing my family responsibilities,Managing my personal commitments,Managing my personal commitments,My daily expenses,My daily expenses,Managing my personal commitments,Managing my personal commitments
32,Managing my family responsibilities,Managing my family responsibilities,Managing my family responsibilities,Managing my family responsibilities,Managing my family responsibilities,Managing my family responsibilities,Managing my personal commitments,Managing my personal commitments,My daily expenses,My daily expenses,Managing my personal commitments,Managing my personal commitments
33,Managing my family responsibilities,Managing my family responsibilities,Managing my family responsibilities,Managing my family responsibilities,Managing my family responsibilities,Managing my family responsibilities,Managing my personal commitments,Managing my personal commitments,My daily expenses,My daily expenses,Managing my personal commitments,Managing my personal commitments
34,Managing my family responsibilities,Managing my family responsibilities,Managing my family responsibilities,Managing my family responsibilities,Managing my family responsibilities,Managing my family responsibilities,Managing my personal commitments,Managing my personal commitments,My daily expenses,My daily expenses,Managing my personal commitments,Managing my personal commitments
35,Managing my family responsibilities,Managing my family responsibilities,Managing my family responsibilities,Managing my family responsibilities,Managing my family responsibilities,Managing my family responsibilities,Managing my personal commitments,Managing my personal commitments,My daily expenses,My daily expenses,Managing my personal commitments,Managing my personal commitments
36,Managing my family responsibilities,Managing my family responsibilities,Managing my family responsibilities,Managing my family responsibilities,Managing my family responsibilities,Managing my family responsibilities,Managing my personal commitments,Managing my personal commitments,My daily expenses,My daily expenses,Managing my personal commitments,Managing my personal commitments
37,Managing my family responsibilities,Managing my family responsibilities,Managing my family responsibilities,Managing my family responsibilities,Managing my family responsibilities,Managing my family responsibilities,Managing my personal commitments,Managing my personal commitments,My daily expenses,My daily expenses,Managing my personal commitments,Managing my personal commitments
38,Managing my family responsibilities,Managing my family responsibilities,Managing my family responsibilities,Managing my family responsibilities,Managing my family responsibilities,Managing my family responsibilities,Managing my personal commitments,Managing my personal commitments,My daily expenses,My daily expenses,Managing my personal commitments,Managing my personal commitments
39,Managing my family responsibilities,Managing my family responsibilities,Managing my family responsibilities,Managing my family responsibilities,Managing my family responsibilities,Managing my family responsibilities,Managing my personal commitments,Managing my personal commitments,My daily expenses,My daily expenses,Managing my personal commitments,Managing my personal commitments
40,Managing my family responsibilities,Managing my family responsibilities,Managing my family responsibilities,Managing my family responsibilities,Managing my family responsibilities,Managing my family responsibilities,Managing my personal commitments,Managing my personal commitments,My daily expenses,My daily expenses,Managing my personal commitments,Managing my personal commitments
41,Managing my family responsibilities,Managing my family responsibilities,Managing my family responsibilities,Managing my family responsibilities,Managing my family responsibilities,Managing my family responsibilities,Managing my personal commitments,Managing my personal commitments,My daily expenses,My daily expenses,Managing my personal commitments,Managing my personal commitments
42,Managing my family responsibilities,Managing my family responsibilities,Managing my family responsibilities,Managing my family responsibilities,Managing my family responsibilities,Managing my family responsibilities,Managing my personal commitments,Managing my personal commitments,My daily expenses,My daily expenses,Managing my personal commitments,Managing my personal commitments
43,Managing my family responsibilities,Managing my family responsibilities,Managing my family responsibilities,Managing my family responsibilities,Managing my family responsibilities,Managing my family responsibilities,Managing my personal commitments,Managing my personal commitments,My daily expenses,My daily expenses,Managing my personal commitments,Managing my personal commitments
44,Managing my family responsibilities,Managing my family responsibilities,Managing my family responsibilities,Managing my family responsibilities,Managing my family responsibilities,Managing my family responsibilities,Managing my personal commitments,Managing my personal commitments,My daily expenses,My daily expenses,Managing my personal commitments,Managing my personal commitments
45,Managing my family responsibilities,Managing my family responsibilities,Managing my family responsibilities,Managing my family responsibilities,Managing my family responsibilities,Managing my family responsibilities,Managing my personal commitments,Managing my personal commitments,My daily expenses,My daily expenses,Managing my personal commitments,Managing my personal commitments
46,Managing my family responsibilities,Managing my family responsibilities,Managing my family responsibilities,Managing my family responsibilities,Managing my family responsibilities,Managing my family responsibilities,Managing my personal commitments,Managing my personal commitments,My daily expenses,My daily expenses,Managing my personal commitments,Managing my personal commitments
47,Managing my family responsibilities,Managing my family responsibilities,Managing my family responsibilities,Managing my family responsibilities,Managing my family responsibilities,Managing my family responsibilities,Managing my personal commitments,Managing my personal commitments,My daily expenses,My daily expenses,Managing my personal commitments,Managing my personal commitments
48,Managing my family responsibilities,Managing my family responsibilities,Managing my family responsibilities,Managing my family responsibilities,Managing my family responsibilities,Managing my family responsibilities,Managing my personal commitments,Managing my personal commitments,My daily expenses,My daily expenses,Managing my personal commitments,Managing my personal commitments
49,Managing my family responsibilities,Managing my family responsibilities,Managing my family responsibilities,Managing my family responsibilities,Managing my family responsibilities,Managing my family responsibilities,Managing my personal commitments,Managing my personal commitments,My daily expenses,My daily expenses,Managing my personal commitments,Managing my personal commitments
50,Managing my family responsibilities,Managing my family responsibilities,Managing my family responsibilities,Managing my family responsibilities,Managing my family responsibilities,Managing my family responsibilities,Managing my personal commitments,Managing my personal commitments,My daily expenses,My daily expenses,Managing my personal commitments,Managing my personal commitments
51,Managing my family responsibilities,Managing my family responsibilities,Managing my family responsibilities,Managing my family responsibilities,Managing my family responsibilities,Managing my family responsibilities,Managing my personal commitments,Managing my personal commitments,My daily expenses,My daily expenses,Managing my personal commitments,Managing my personal commitments
52,Managing my family responsibilities,Managing my family responsibilities,Managing my family responsibilities,Managing my family responsibilities,Managing my family responsibilities,Managing my family responsibilities,Managing my personal commitments,Managing my personal commitments,My daily expenses,My daily expenses,Managing my personal commitments,Managing my personal commitments
53,Managing my family responsibilities,Managing my family responsibilities,Managing my family responsibilities,Managing my family responsibilities,Managing my family responsibilities,Managing my family responsibilities,Managing my personal commitments,Managing my personal commitments,My daily expenses,My daily expenses,Managing my personal commitments,Managing my personal commitments
54,Managing my family responsibilities,Managing my family responsibilities,Managing my family responsibilities,Managing my family responsibilities,Managing my family responsibilities,Managing my family responsibilities,Managing my personal commitments,Managing my personal commitments,My daily expenses,My daily expenses,Managing my personal commitments,Managing my personal commitments
55,Managing my family responsibilities,Managing my family responsibilities,Managing my family responsibilities,Managing my family responsibilities,Managing my family responsibilities,Managing my family responsibilities,Managing my personal commitments,Managing my personal commitments,My daily expenses,My daily expenses,Managing my personal commitments,Managing my personal commitments
56,Managing my family responsibilities,Managing my family responsibilities,Managing my family responsibilities,Managing my family responsibilities,Managing my family responsibilities,Managing my family responsibilities,Managing my personal commitments,Managing my personal commitments,My daily expenses,My daily expenses,Managing my personal commitments,Managing my personal commitments
57,Managing my family responsibilities,Managing my family responsibilities,Managing my family responsibilities,Managing my family responsibilities,Managing my family responsibilities,Managing my family responsibilities,Managing my personal commitments,Managing my personal commitments,My daily expenses,My daily expenses,Managing my personal commitments,Managing my personal commitments
58,Managing my family responsibilities,Managing my family responsibilities,Managing my family responsibilities,Managing my family responsibilities,Managing my family responsibilities,Managing my family responsibilities,Managing my personal commitments,Managing my personal commitments,My daily expenses,My daily expenses,Managing my personal commitments,Managing my personal commitments
59,Managing my family responsibilities,Managing my family responsibilities,Managing my family responsibilities,Managing my family responsibilities,Managing my family responsibilities,Managing my family responsibilities,Managing my personal commitments,Managing my personal commitments,My daily expenses,My daily expenses,Managing my personal commitments,Managing my personal commitments
60,Managing my family responsibilities,Managing my family responsibilities,Managing my family responsibilities,Managing my family responsibilities,Managing my family responsibilities,Managing my family responsibilities,Managing my personal commitments,Managing my personal commitments,My daily expenses,My daily expenses,Managing my personal commitments,Managing my personal commitments
61,Managing my family responsibilities,Managing my family responsibilities,Managing my family responsibilities,Managing my family responsibilities,Managing my family responsibilities,Managing my family responsibilities,Managing my personal commitments,Managing my personal commitments,My daily expenses,My daily expenses,Managing my personal commitments,Managing my personal commitments
62,Managing my family responsibilities,Managing my family responsibilities,Managing my family responsibilities,Managing my family responsibilities,Managing my family responsibilities,Managing my family responsibilities,Managing my personal commitments,Managing my personal commitments,My daily expenses,My daily expenses,Managing my personal commitments,Managing my personal commitments
63,Managing my family responsibilities,Managing my family responsibilities,Managing my family responsibilities,Managing my family responsibilities,Managing my family responsibilities,Managing my family responsibilities,Managing my personal commitments,Managing my personal commitments,My daily expenses,My daily expenses,Managing my personal commitments,Managing my personal commitments
64,Managing my family responsibilities,Managing my family responsibilities,Managing my family responsibilities,Managing my family responsibilities,Managing my family responsibilities,Managing my family responsibilities,Managing my personal commitments,Managing my personal commitments,My daily expenses,My daily expenses,Managing my personal commitments,Managing my personal commitments
65,Managing my family responsibilities,Managing my family responsibilities,Managing my family responsibilities,Managing my family responsibilities,Managing my family responsibilities,Managing my family responsibilities,Managing my personal commitments,Managing my personal commitments,My daily expenses,My daily expenses,Managing my personal commitments,Managing my personal commitments
66,Managing my family responsibilities,Managing my family responsibilities,Managing my family responsibilities,Managing my family responsibilities,Managing my family responsibilities,Managing my family responsibilities,Managing my personal commitments,Managing my personal commitments,My daily expenses,My daily expenses,Managing my personal commitments,Managing my personal commitments
67,Managing my family responsibilities,Managing my family responsibilities,Managing my family responsibilities,Managing my family responsibilities,Managing my family responsibilities,Managing my family responsibilities,Managing my personal commitments,Managing my personal commitments,My daily expenses,My daily expenses,Managing my personal commitments,Managing my personal commitments
68,Managing my family responsibilities,Managing my family responsibilities,Managing my family responsibilities,Managing my family responsibilities,Managing my family responsibilities,Managing my family responsibilities,Managing my personal commitments,Managing my personal commitments,My daily expenses,My daily expenses,Managing my personal commitments,Managing my personal commitments
69,Managing my family responsibilities,Managing my family responsibilities,Managing my family responsibilities,Managing my family responsibilities,Managing my family responsibilities,Managing my family responsibilities,Managing my personal commitments,Managing my personal commitments,My daily expenses,My daily expenses,Managing my personal commitments,Managing my personal commitments
70,Managing my family responsibilities,Managing my family responsibilities,Managing my family responsibilities,Managing my family responsibilities,Managing my family responsibilities,Managing my family responsibilities,Managing my personal commitments,Managing my personal commitments,My daily expenses,My daily expenses,Managing my personal commitments,Managing my personal commitments
71,Managing my family responsibilities,Managing my family responsibilities,Managing my family responsibilities,Managing my family responsibilities,Managing my family responsibilities,Managing my family responsibilities,Managing my personal commitments,Managing my personal commitments,My daily expenses,My daily expenses,Managing my personal commitments,Managing my personal commitments
72,Managing my family responsibilities,Managing my family responsibilities,Managing my family responsibilities,Managing my family responsibilities,Managing my family responsibilities,Managing my family responsibilities,Managing my personal commitments,Managing my personal commitments,My daily expenses,My daily expenses,Managing my personal commitments,Managing my personal commitments
73,Managing my family responsibilities,Managing my family responsibilities,Managing my family responsibilities,Managing my family responsibilities,Managing my family responsibilities,Managing my family responsibilities,Managing my personal commitments,Managing my personal commitments,My daily expenses,My daily expenses,Managing my personal commitments,Managing my personal commitments
74,Managing my family responsibilities,Managing my family responsibilities,Managing my family responsibilities,Managing my family responsibilities,Managing my family responsibilities,Managing my family responsibilities,Managing my personal commitments,Managing my personal commitments,My daily expenses,My daily expenses,Managing my personal commitments,Managing my personal commitments
75,Managing my family responsibilities,Managing my family responsibilities,Managing my family responsibilities,Managing my family responsibilities,Managing my family responsibilities,Managing my family responsibilities,Managing my personal commitments,Managing my personal commitments,My daily expenses,My daily expenses,Managing my personal commitments,Managing my personal commitments
76,Managing my family responsibilities,Managing my family responsibilities,Managing my family responsibilities,Managing my family responsibilities,Managing my family responsibilities,Managing my family responsibilities,Managing my personal commitments,Managing my personal commitments,My daily expenses,My daily expenses,Managing my personal commitments,Managing my personal commitments
77,Managing my family responsibilities,Managing my family responsibilities,Managing my family responsibilities,Managing my family responsibilities,Managing my family responsibilities,Managing my family responsibilities,Managing my personal commitments,Managing my personal commitments,My daily expenses,My daily expenses,Managing my personal commitments,Managing my personal commitments
78,Managing my family responsibilities,Managing my family responsibilities,Managing my family responsibilities,Managing my family responsibilities,Managing my family responsibilities,Managing my family responsibilities,Managing my personal commitments,Managing my personal commitments,My daily expenses,My daily expenses,Managing my personal commitments,Managing my personal commitments
79,Managing my family responsibilities,Managing my family responsibilities,Managing my family responsibilities,Managing my family responsibilities,Managing my family responsibilities,Managing my family responsibilities,Managing my personal commitments,Managing my personal commitments,My daily expenses,My daily expenses,Managing my personal commitments,Managing my personal commitments
80,Managing my family responsibilities,Managing my family responsibilities,Managing my family responsibilities,Managing my family responsibilities,Managing my family responsibilities,Managing my family responsibilities,Managing my personal commitments,Managing my personal commitments,My daily expenses,My daily expenses,Managing my personal commitments,Managing my personal commitments
81,Managing my family responsibilities,Managing my family responsibilities,Managing my family responsibilities,Managing my family responsibilities,Managing my family responsibilities,Managing my family responsibilities,Managing my personal commitments,Managing my personal commitments,My daily expenses,My daily expenses,Managing my personal commitments,Managing my personal commitments
82,Managing my family responsibilities,Managing my family responsibilities,Managing my family responsibilities,Managing my family responsibilities,Managing my family responsibilities,Managing my family responsibilities,Managing my personal commitments,Managing my personal commitments,My daily expenses,My daily expenses,Managing my personal commitments,Managing my personal commitments
83,Managing my family responsibilities,Managing my family responsibilities,Managing my family responsibilities,Managing my family responsibilities,Managing my family responsibilities,Managing my family responsibilities,Managing my personal commitments,Managing my personal commitments,My daily expenses,My daily expenses,Managing my personal commitments,Managing my personal commitments
84,Managing my family responsibilities,Managing my family responsibilities,Managing my family responsibilities,Managing my family responsibilities,Managing my family responsibilities,Managing my family responsibilities,Managing my personal commitments,Managing my personal commitments,My daily expenses,My daily expenses,Managing my personal commitments,Managing my personal commitments
85,Managing my family responsibilities,Managing my family responsibilities,Managing my family responsibilities,Managing my family responsibilities,Managing my family responsibilities,Managing my family responsibilities,Managing my personal commitments,Managing my personal commitments,My daily expenses,My daily expenses,Managing my personal commitments,Managing my personal commitments
86,Managing my family responsibilities,Managing my family responsibilities,Managing my family responsibilities,Managing my family responsibilities,Managing my family responsibilities,Managing my family responsibilities,Managing my personal commitments,Managing my personal commitments,My daily expenses,My daily expenses,Managing my personal commitments,Managing my personal commitments
87,Managing my family responsibilities,Managing my family responsibilities,Managing my family responsibilities,Managing my family responsibilities,Managing my family responsibilities,Managing my family responsibilities,Managing my personal commitments,Managing my personal commitments,My daily expenses,My daily expenses,Managing my personal commitments,Managing my personal commitments
88,Managing my family responsibilities,Managing my family responsibilities,Managing my family responsibilities,Managing my family responsibilities,Managing my family responsibilities,Managing my family responsibilities,Managing my personal commitments,Managing my personal commitments,My daily expenses,My daily expenses,Managing my personal commitments,Managing my personal commitments
89,Managing my family responsibilities,Managing my family responsibilities,Managing my family responsibilities,Managing my family responsibilities,Managing my family responsibilities,Managing my family responsibilities,Managing my personal commitments,Managing my personal commitments,My daily expenses,My daily expenses,Managing my personal commitments,Managing my personal commitments
90,Managing my family responsibilities,Managing my family responsibilities,Managing my family responsibilities,Managing my family responsibilities,Managing my family responsibilities,Managing my family responsibilities,Managing my personal commitments,Managing my personal commitments,My daily expenses,My daily expenses,Managing my personal commitments,Managing my personal commitments
91,Managing my family responsibilities,Managing my family responsibilities,Managing my family responsibilities,Managing my family responsibilities,Managing my family responsibilities,Managing my family responsibilities,Managing my personal commitments,Managing my personal commitments,My daily expenses,My daily expenses,Managing my personal commitments,Managing my personal commitments
92,Managing my family responsibilities,Managing my family responsibilities,Managing my family responsibilities,Managing my family responsibilities,Managing my family responsibilities,Managing my family responsibilities,Managing my personal commitments,Managing my personal commitments,My daily expenses,My daily expenses,Managing my personal commitments,Managing my personal commitments
93,Managing my family responsibilities,Managing my family responsibilities,Managing my family responsibilities,Managing my family responsibilities,Managing my family responsibilities,Managing my family responsibilities,Managing my personal commitments,Managing my personal commitments,My daily expenses,My daily expenses,Managing my personal commitments,Managing my personal commitments
94,Managing my family responsibilities,Managing my family responsibilities,Managing my family responsibilities,Managing my family responsibilities,Managing my family responsibilities,Managing my family responsibilities,Managing my personal commitments,Managing my personal commitments,My daily expenses,My daily expenses,Managing my personal commitments,Managing my personal commitments
95,Managing my family responsibilities,Managing my family responsibilities,Managing my family responsibilities,Managing my family responsibilities,Managing my family responsibilities,Managing my family responsibilities,Managing my personal commitments,Managing my personal commitments,My daily expenses,My daily expenses,Managing my personal commitments,Managing my personal commitments
96,Managing my family responsibilities,Managing my family responsibilities,Managing my family responsibilities,Managing my family responsibilities,Managing my family responsibilities,Managing my family responsibilities,Managing my personal commitments,Managing my personal commitments,My daily expenses,My daily expenses,Managing my personal commitments,Managing my personal commitments
97,Managing my family responsibilities,Managing my family responsibilities,Managing my family responsibilities,Managing my family responsibilities,Managing my family responsibilities,Managing my family responsibilities,Managing my personal commitments,Managing my personal commitments,My daily expenses,My daily expenses,Managing my personal commitments,Managing my personal commitments
98,Managing my family responsibilities,Managing my family responsibilities,Managing my family responsibilities,Managing my family responsibilities,Managing my family responsibilities,Managing my family responsibilities,Managing my personal commitments,Managing my personal commitments,My daily expenses,My daily expenses,Managing my personal commitments,Managing my personal commitments
99,Managing my family responsibilities,Managing my family responsibilities,Managing my family responsibilities,Managing my family responsibilities,Managing my family responsibilities,Managing my family responsibilities,Managing my personal commitments,Managing my personal commitments,My daily expenses,My daily expenses,Managing my personal commitments,Managing my personal commitments
100,Managing my family responsibilities,Managing my family responsibilities,Managing my family responsibilities,Managing my family responsibilities,Managing my family responsibilities,Managing my family responsibilities,Managing my personal commitments,Managing my personal commitments,My daily expenses,My daily expenses,Managing my personal commitments,Managing my personal commitments
101,Managing my family responsibilities,Managing my family responsibilities,Managing my family responsibilities,Managing my family responsibilities,Managing my family responsibilities,Managing my family responsibilities,Managing my personal commitments,Managing my personal commitments,My daily expenses,My daily expenses,Managing my personal commitments,Managing my personal commitments
102,Managing my family responsibilities,Managing my family responsibilities,Managing my family responsibilities,Managing my family responsibilities,Managing my family responsibilities,Managing my family responsibilities,Managing my personal commitments,Managing my personal commitments,My daily expenses,My daily expenses,Managing my personal commitments,Managing my personal commitments
103,Managing my family responsibilities,Managing my family responsibilities,Managing my family responsibilities,Managing my family responsibilities,Managing my family responsibilities,Managing my family responsibilities,Managing my personal commitments,Managing my personal commitments,My daily expenses,My daily expenses,Managing my personal commitments,Managing my personal commitments
104,Managing my family responsibilities,Managing my family responsibilities,Managing my family responsibilities,Managing my family responsibilities,Managing my family responsibilities,Managing my family responsibilities,Managing my personal commitments,My mental wellbeing,My daily expenses,My daily expenses,Managing my personal commitments,Managing my personal commitments
105,Managing my family responsibilities,Managing my family responsibilities,Managing my family responsibilities,Managing my family responsibilities,Managing my family responsibilities,Managing my family responsibilities,Managing my personal commitments,My mental wellbeing,My daily expenses,My daily expenses,Managing my personal commitments,Managing my personal commitments
106,Managing my family responsibilities,Managing my family responsibilities,Managing my family responsibilities,Managing my family responsibilities,Managing my family responsibilities,Managing my family responsibilities,Managing my personal commitments,My mental wellbeing,My daily expenses,My daily expenses,Managing my personal commitments,Managing my personal commitments
107,Managing my family responsibilities,Managing my family responsibilities,Managing my family responsibilities,Managing my family responsibilities,Managing my family responsibilities,Managing my family responsibilities,Managing my personal commitments,My mental wellbeing,My daily expenses,My daily expenses,Managing my personal commitments,Managing my personal commitments
108,Managing my family responsibilities,Managing my family responsibilities,Managing my family responsibilities,Managing my family responsibilities,Managing my family responsibilities,Managing my family responsibilities,Managing my personal commitments,My mental wellbeing,My daily expenses,My daily expenses,Managing my personal commitments,Managing my personal commitments
109,Managing my family responsibilities,Managing my family responsibilities,Managing my family responsibilities,Managing my family responsibilities,Managing my family responsibilities,Managing my family responsibilities,Managing my personal commitments,My mental wellbeing,My daily expenses,My daily expenses,Managing my personal commitments,Managing my personal commitments
110,Managing my family responsibilities,Managing my family responsibilities,Managing my family responsibilities,Managing my family responsibilities,Managing my family responsibilities,Managing my family responsibilities,Managing my personal commitments,My mental wellbeing,My daily expenses,My daily expenses,Managing my personal commitments,Managing my personal commitments
111,Managing my family responsibilities,Managing my family responsibilities,Managing my family responsibilities,Managing my family responsibilities,Managing my family responsibilities,Managing my family responsibilities,Managing my personal commitments,My mental wellbeing,My daily expenses,My daily expenses,Managing my personal commitments,Managing my personal commitments
112,Managing my family responsibilities,Managing my family responsibilities,Managing my family responsibilities,Managing my family responsibilities,Managing my family responsibilities,Managing my family responsibilities,Managing my personal commitments,My mental wellbeing,My daily expenses,My daily expenses,Managing my personal commitments,Managing my personal commitments
113,Managing my family responsibilities,Managing my family responsibilities,Managing my family responsibilities,Managing my family responsibilities,Managing my family responsibilities,Managing my family responsibilities,Managing my personal commitments,My mental wellbeing,My daily expenses,My daily expenses,Managing my personal commitments,Managing my personal commitments
114,Managing my family responsibilities,Managing my family responsibilities,Managing my family responsibilities,Managing my family responsibilities,Managing my family responsibilities,Managing my family responsibilities,Managing my personal commitments,My mental wellbeing,My daily expenses,My daily expenses,Managing my personal commitments,Managing my personal commitments
115,Managing my family responsibilities,Managing my family responsibilities,Managing my family responsibilities,Managing my personal commitments,Managing my family responsibilities,Managing my family responsibilities,Managing my personal commitments,My mental wellbeing,My daily expenses,My daily expenses,Managing my personal commitments,Managing my personal commitments
116,Managing my family responsibilities,Managing my family responsibilities,Managing my family responsibilities,Managing my personal commitments,Managing my family responsibilities,Managing my family responsibilities,Managing my personal commitments,My mental wellbeing,My daily expenses,My daily expenses,Managing my personal commitments,Managing my personal commitments
117,Managing my family responsibilities,Managing my family responsibilities,Managing my family responsibilities,Managing my personal commitments,Managing my family responsibilities,Managing my family responsibilities,Managing my personal commitments,My mental wellbeing,My daily expenses,My daily expenses,Managing my personal commitments,Managing my personal commitments
118,Managing my family responsibilities,Managing my family responsibilities,Managing my family responsibilities,Managing my personal commitments,Managing my family responsibilities,Managing my family responsibilities,Managing my personal commitments,My mental wellbeing,My daily expenses,My daily expenses,Managing my personal commitments,Managing my personal commitments
119,Managing my family responsibilities,Managing my family responsibilities,Managing my family responsibilities,Managing my personal commitments,Managing my family responsibilities,Managing my family responsibilities,Managing my personal commitments,My mental wellbeing,My daily expenses,My daily expenses,Managing my personal commitments,Managing my personal commitments
120,Managing my family responsibilities,Managing my family responsibilities,Managing my family responsibilities,Managing my personal commitments,Managing my family responsibilities,Managing my family responsibilities,Managing my personal commitments,My mental wellbeing,My daily expenses,My daily expenses,Managing my personal commitments,Managing my personal commitments
121,Managing my family responsibilities,Managing my family responsibilities,Managing my family responsibilities,Managing my personal commitments,Managing my family responsibilities,Managing my family responsibilities,Managing my personal commitments,My mental wellbeing,My daily expenses,My daily expenses,Managing my personal commitments,Managing my personal commitments
122,Managing my family responsibilities,Managing my family responsibilities,Managing my family responsibilities,Managing my personal commitments,Managing my family responsibilities,Managing my family responsibilities,Managing my personal commitments,My mental wellbeing,My daily expenses,My daily expenses,Managing my personal commitments,Managing my personal commitments
123,Managing my family responsibilities,My on-the-job learning opportunities,Managing my family responsibilities,Managing my personal commitments,Managing my family responsibilities,Managing my family responsibilities,Managing my personal commitments,My mental wellbeing,My daily expenses,My daily expenses,Managing my personal commitments,Managing my personal commitments
124,Managing my family responsibilities,My on-the-job learning opportunities,Managing my family responsibilities,Managing my personal commitments,Managing my family responsibilities,Managing my family responsibilities,Managing my personal commitments,My mental wellbeing,My daily expenses,My daily expenses,Managing my personal commitments,Managing my personal commitments
125,Managing my family responsibilities,My on-the-job learning opportunities,Managing my family responsibilities,Managing my personal commitments,Managing my family responsibilities,Managing my family responsibilities,Managing my personal commitments,My mental wellbeing,My daily expenses,My daily expenses,Managing my personal commitments,Managing my personal commitments
126,Managing my family responsibilities,My on-the-job learning opportunities,Managing my family responsibilities,Managing my personal commitments,Managing my family responsibilities,Managing my family responsibilities,Managing my personal commitments,My mental wellbeing,My daily expenses,My daily expenses,Managing my personal commitments,Managing my personal commitments
127,Managing my family responsibilities,My on-the-job learning opportunities,Managing my family responsibilities,Managing my personal commitments,Managing my family responsibilities,Managing my family responsibilities,Managing my personal commitments,My mental wellbeing,My daily expenses,My daily expenses,Managing my personal commitments,Managing my personal commitments
128,Managing my family responsibilities,My on-the-job learning opportunities,Managing my family responsibilities,Managing my personal commitments,Managing my family responsibilities,Managing my family responsibilities,Managing my personal commitments,My mental wellbeing,My daily expenses,My daily expenses,Managing my personal commitments,Managing my personal commitments
129,Managing my family responsibilities,My on-the-job learning opportunities,Managing my family responsibilities,Managing my personal commitments,Managing my family responsibilities,Managing my family responsibilities,Managing my personal commitments,My mental wellbeing,My daily expenses,My daily expenses,Managing my personal commitments,Managing my personal commitments
130,Managing my family responsibilities,My on-the-job learning opportunities,Managing my family responsibilities,Managing my personal commitments,Managing my family responsibilities,Managing my family responsibilities,Managing my personal commitments,My mental wellbeing,My daily expenses,My daily expenses,Managing my personal commitments,Managing my personal commitments
131,Managing my family responsibilities,My on-the-job learning opportunities,Managing my family responsibilities,Managing my personal commitments,Managing my family responsibilities,Managing my family responsibilities,Managing my personal commitments,My mental wellbeing,My daily expenses,My daily expenses,Managing my personal commitments,Managing my personal commitments
132,Managing my family responsibilities,My on-the-job learning opportunities,Managing my family responsibilities,Managing my personal commitments,Managing my family responsibilities,Managing my family responsibilities,Managing my personal commitments,My mental wellbeing,My daily expenses,My daily expenses,Managing my personal commitments,Managing my personal commitments
133,Managing my family responsibilities,My on-the-job learning opportunities,Managing my family responsibilities,Managing my personal commitments,Managing my family responsibilities,Managing my family responsibilities,Managing my personal commitments,My mental wellbeing,My daily expenses,My daily expenses,Managing my personal commitments,Managing my personal commitments
134,Managing my family responsibilities,My on-the-job learning opportunities,Managing my family responsibilities,Managing my personal commitments,Managing my family responsibilities,Managing my family responsibilities,Managing my personal commitments,My mental wellbeing,My daily expenses,My daily expenses,Managing my personal commitments,Managing my personal commitments
135,Managing my family responsibilities,My on-the-job learning opportunities,Managing my family responsibilities,Managing my personal commitments,Managing my family responsibilities,Managing my family responsibilities,Managing my personal commitments,My mental wellbeing,My daily expenses,My daily expenses,Managing my personal commitments,Managing my personal commitments
136,Managing my family responsibilities,My on-the-job learning opportunities,Managing my family responsibilities,Managing my personal commitments,Managing my family responsibilities,Managing my family responsibilities,Managing my personal commitments,My mental wellbeing,My daily expenses,My daily expenses,Managing my personal commitments,Managing my personal commitments
137,Managing my family responsibilities,My on-the-job learning opportunities,Managing my family responsibilities,Managing my personal commitments,Managing my family responsibilities,Managing my family responsibilities,Managing my personal commitments,My mental wellbeing,My daily expenses,My daily expenses,Managing my personal commitments,Managing my personal commitments
138,Managing my family responsibilities,My on-the-job learning opportunities,Managing my family responsibilities,Managing my personal commitments,Managing my family responsibilities,Managing my family responsibilities,Managing my personal commitments,My mental wellbeing,My daily expenses,My daily expenses,Managing my personal commitments,My daily expenses
139,Managing my family responsibilities,My on-the-job learning opportunities,Managing my family responsibilities,Managing my personal commitments,Managing my family responsibilities,Managing my family responsibilities,Managing my personal commitments,My mental wellbeing,My daily expenses,My daily expenses,Managing my personal commitments,My daily expenses
140,Managing my family responsibilities,My on-the-job learning opportunities,Managing my family responsibilities,Managing my personal commitments,Managing my family responsibilities,Managing my family responsibilities,Managing my personal commitments,My mental wellbeing,My daily expenses,My daily expenses,Managing my personal commitments,My daily expenses
141,Managing my family responsibilities,My on-the-job learning opportunities,Managing my family responsibilities,Managing my personal commitments,Managing my family responsibilities,Managing my family responsibilities,Managing my personal commitments,My mental wellbeing,My daily expenses,My daily expenses,Managing my personal commitments,My daily expenses
142,Managing my family responsibilities,My on-the-job learning opportunities,Managing my family responsibilities,Managing my personal commitments,Managing my family responsibilities,Managing my family responsibilities,Managing my personal commitments,My mental wellbeing,My daily expenses,My daily expenses,Managing my personal commitments,My daily expenses
143,Managing my family responsibilities,My on-the-job learning opportunities,Managing my family responsibilities,Managing my personal commitments,Managing my family responsibilities,Managing my family responsibilities,Managing my personal commitments,My mental wellbeing,My daily expenses,My daily expenses,Managing my personal commitments,My daily expenses
144,Managing my family responsibilities,My on-the-job learning opportunities,Managing my family responsibilities,Managing my personal commitments,Managing my family responsibilities,Managing my family responsibilities,Managing my personal commitments,My mental wellbeing,My daily expenses,My daily expenses,Managing my personal commitments,My daily expenses
145,Managing my family responsibilities,My on-the-job learning opportunities,Managing my family responsibilities,Managing my personal commitments,Managing my family responsibilities,My daily expenses,Managing my personal commitments,My mental wellbeing,My daily expenses,My daily expenses,Managing my personal commitments,My daily expenses
146,Managing my family responsibilities,My on-the-job learning opportunities,Managing my family responsibilities,Managing my personal commitments,Managing my family responsibilities,My daily expenses,Managing my personal commitments,My mental wellbeing,My daily expenses,My daily expenses,Managing my personal commitments,My daily expenses
147,Managing my family responsibilities,My on-the-job learning opportunities,Managing my family responsibilities,Managing my personal commitments,Managing my family responsibilities,My daily expenses,Managing my personal commitments,My mental wellbeing,My daily expenses,My daily expenses,Managing my personal commitments,My daily expenses
148,Managing my family responsibilities,My on-the-job learning opportunities,Managing my family responsibilities,Managing my personal commitments,Managing my family responsibilities,My daily expenses,Managing my personal commitments,My mental wellbeing,My daily expenses,My daily expenses,Managing my personal commitments,My daily expenses
149,Managing my family responsibilities,My on-the-job learning opportunities,Managing my family responsibilities,Managing my personal commitments,Managing my family responsibilities,My daily expenses,Managing my personal commitments,My mental wellbeing,My daily expenses,My daily expenses,Managing my personal commitments,My daily expenses
150,Managing my family responsibilities,My on-the-job learning opportunities,Managing my family responsibilities,Managing my personal commitments,Managing my family responsibilities,My daily expenses,Managing my personal commitments,My mental wellbeing,My daily expenses,My daily expenses,Managing my personal commitments,My daily expenses
151,Managing my family responsibilities,My on-the-job learning opportunities,Managing my family responsibilities,Managing my personal commitments,Managing my family responsibilities,My daily expenses,Managing my personal commitments,My mental wellbeing,My daily expenses,My job satisfaction,Managing my personal commitments,My daily expenses
152,Managing my family responsibilities,My on-the-job learning opportunities,Managing my family responsibilities,Managing my personal commitments,Managing my family responsibilities,My daily expenses,Managing my personal commitments,My mental wellbeing,My daily expenses,My job satisfaction,Managing my personal commitments,My daily expenses
153,Managing my family responsibilities,My on-the-job learning opportunities,Managing my family responsibilities,Managing my personal commitments,Managing my family responsibilities,My daily expenses,Managing my personal commitments,My mental wellbeing,My daily expenses,My job satisfaction,Managing my personal commitments,My daily expenses
154,Managing my family responsibilities,My on-the-job learning opportunities,Managing my family responsibilities,Managing my personal commitments,Managing my family responsibilities,My daily expenses,Managing my personal commitments,My mental wellbeing,My daily expenses,My job satisfaction,Managing my personal commitments,My daily expenses
155,Managing my family responsibilities,My on-the-job learning opportunities,Managing my family responsibilities,Managing my personal commitments,Managing my family responsibilities,My daily expenses,Managing my personal commitments,My mental wellbeing,My daily expenses,My job satisfaction,Managing my personal commitments,My daily expenses
156,Managing my family responsibilities,My on-the-job learning opportunities,Managing my family responsibilities,Managing my personal commitments,Managing my family responsibilities,My daily expenses,Managing my personal commitments,My mental wellbeing,My daily expenses,My job satisfaction,Managing my personal commitments,My daily expenses
157,Managing my family responsibilities,My on-the-job learning opportunities,Managing my family responsibilities,Managing my personal commitments,Managing my family responsibilities,My daily expenses,Managing my personal commitments,My mental wellbeing,My daily expenses,My job satisfaction,Managing my personal commitments,My daily expenses
158,Managing my family responsibilities,My on-the-job learning opportunities,Managing my family responsibilities,Managing my personal commitments,Managing my family responsibilities,My daily expenses,Managing my personal commitments,My mental wellbeing,My daily expenses,My job satisfaction,Managing my personal commitments,My daily expenses
159,Managing my family responsibilities,My on-the-job learning opportunities,Managing my family responsibilities,Managing my personal commitments,Managing my family responsibilities,My daily expenses,Managing my personal commitments,My mental wellbeing,My daily expenses,My job satisfaction,Managing my personal commitments,My daily expenses
160,Managing my family responsibilities,My on-the-job learning opportunities,Managing my family responsibilities,Managing my personal commitments,Managing my family responsibilities,My daily expenses,Managing my personal commitments,My mental wellbeing,My daily expenses,My job satisfaction,Managing my personal commitments,My daily expenses
161,Managing my family responsibilities,My on-the-job learning opportunities,Managing my family responsibilities,Managing my personal commitments,Managing my family responsibilities,My daily expenses,Managing my personal commitments,My mental wellbeing,My daily expenses,My job satisfaction,Managing my personal commitments,My daily expenses
162,Managing my family responsibilities,My on-the-job learning opportunities,Managing my family responsibilities,Managing my personal commitments,Managing my family responsibilities,My daily expenses,Managing my personal commitments,My mental wellbeing,My daily expenses,My job satisfaction,Managing my personal commitments,My daily expenses
163,Managing my family responsibilities,My on-the-job learning opportunities,Managing my family responsibilities,Managing my personal commitments,Managing my family responsibilities,My daily expenses,Managing my personal commitments,My mental wellbeing,My daily expenses,My job satisfaction,Managing my personal commitments,My daily expenses
164,Managing my family responsibilities,My on-the-job learning opportunities,Managing my family responsibilities,Managing my personal commitments,Managing my family responsibilities,My daily expenses,Managing my personal commitments,My mental wellbeing,My daily expenses,My job satisfaction,Managing my personal commitments,My daily expenses
165,Managing my family responsibilities,My on-the-job learning opportunities,Managing my family responsibilities,Managing my personal commitments,Managing my family responsibilities,My daily expenses,Managing my personal commitments,My mental wellbeing,My daily expenses,My job satisfaction,Managing my personal commitments,My daily expenses
166,Managing my family responsibilities,My on-the-job learning opportunities,Managing my family responsibilities,Managing my personal commitments,Managing my family responsibilities,My daily expenses,Managing my personal commitments,My mental wellbeing,My daily expenses,My job satisfaction,Managing my personal commitments,My daily expenses
167,Managing my family responsibilities,My on-the-job learning opportunities,Managing my family responsibilities,Managing my personal commitments,Managing my family responsibilities,My daily expenses,Managing my personal commitments,My mental wellbeing,My daily expenses,My job satisfaction,Managing my personal commitments,My daily expenses
168,Managing my family responsibilities,My on-the-job learning opportunities,Managing my family responsibilities,Managing my personal commitments,Managing my family responsibilities,My daily expenses,Managing my personal commitments,My mental wellbeing,My daily expenses,My job satisfaction,Managing my personal commitments,My daily expenses
169,Managing my family responsibilities,My on-the-job learning opportunities,Managing my family responsibilities,Managing my personal commitments,Managing my family responsibilities,My daily expenses,Managing my personal commitments,My mental wellbeing,My daily expenses,My job satisfaction,Managing my personal commitments,My daily expenses
170,Managing my family responsibilities,My on-the-job learning opportunities,Managing my family responsibilities,Managing my personal commitments,Managing my family responsibilities,My daily expenses,Managing my personal commitments,My mental wellbeing,My daily expenses,My job satisfaction,Managing my personal commitments,My daily expenses
171,Managing my family responsibilities,My on-the-job learning opportunities,Managing my family responsibilities,Managing my personal commitments,Managing my family responsibilities,My daily expenses,Managing my personal commitments,My mental wellbeing,My daily expenses,My job satisfaction,Managing my personal commitments,My daily expenses
172,Managing my family responsibilities,My on-the-job learning opportunities,Managing my family responsibilities,Managing my personal commitments,Managing my family responsibilities,My daily expenses,Managing my personal commitments,My mental wellbeing,My daily expenses,My job satisfaction,Managing my personal commitments,My daily expenses
173,Managing my family responsibilities,My on-the-job learning opportunities,Managing my family responsibilities,Managing my personal commitments,Managing my family responsibilities,My daily expenses,Managing my personal commitments,My mental wellbeing,My daily expenses,My job satisfaction,Managing my personal commitments,My daily expenses
174,Managing my family responsibilities,My on-the-job learning opportunities,Managing my family responsibilities,Managing my personal commitments,Managing my family responsibilities,My daily expenses,Managing my personal commitments,My mental wellbeing,My daily expenses,My job satisfaction,Managing my personal commitments,My daily expenses
175,Managing my family responsibilities,My on-the-job learning opportunities,Managing my family responsibilities,Managing my personal commitments,Managing my family responsibilities,My daily expenses,Managing my personal commitments,My mental wellbeing,My daily expenses,My job satisfaction,Managing my personal commitments,My daily expenses
176,Managing my family responsibilities,My on-the-job learning opportunities,Managing my family responsibilities,Managing my personal commitments,Managing my family responsibilities,My daily expenses,Managing my personal commitments,My mental wellbeing,My daily expenses,My job satisfaction,Managing my personal commitments,My daily expenses
177,Managing my family responsibilities,My on-the-job learning opportunities,Managing my family responsibilities,Managing my personal commitments,Managing my family responsibilities,My daily expenses,Managing my personal commitments,My mental wellbeing,My daily expenses,My job satisfaction,Managing my personal commitments,My daily expenses
178,Managing my family responsibilities,My on-the-job learning opportunities,Managing my family responsibilities,Managing my personal commitments,Managing my family responsibilities,My daily expenses,Managing my personal commitments,My mental wellbeing,My daily expenses,My job satisfaction,Managing my personal commitments,My daily expenses
179,Managing my family responsibilities,My on-the-job learning opportunities,Managing my family responsibilities,Managing my personal commitments,Managing my family responsibilities,My daily expenses,Managing my personal commitments,My mental wellbeing,My daily expenses,My job satisfaction,Managing my personal commitments,My daily expenses
180,Managing my family responsibilities,My on-the-job learning opportunities,Managing my family responsibilities,Managing my personal commitments,Managing my family responsibilities,My daily expenses,Managing my personal commitments,My mental wellbeing,My daily expenses,My job satisfaction,Managing my personal commitments,My daily expenses
181,Managing my family responsibilities,My on-the-job learning opportunities,Managing my family responsibilities,Managing my personal commitments,Managing my family responsibilities,My daily expenses,Managing my personal commitments,My mental wellbeing,My daily expenses,My job satisfaction,Managing my personal commitments,My daily expenses
182,Managing my family responsibilities,My on-the-job learning opportunities,Managing my family responsibilities,Managing my personal commitments,Managing my family responsibilities,My daily expenses,Managing my personal commitments,My mental wellbeing,My daily expenses,My job satisfaction,Managing my personal commitments,My daily expenses
183,Managing my family responsibilities,My on-the-job learning opportunities,Managing my family responsibilities,Managing my personal commitments,Managing my family responsibilities,My daily expenses,Managing my personal commitments,My mental wellbeing,My daily expenses,My job satisfaction,Managing my personal commitments,My daily expenses
184,Managing my family responsibilities,My on-the-job learning opportunities,Managing my family responsibilities,Managing my personal commitments,Managing my family responsibilities,My daily expenses,Managing my personal commitments,My mental wellbeing,My daily expenses,My job satisfaction,Managing my personal commitments,My daily expenses
185,Managing my family responsibilities,My on-the-job learning opportunities,Managing my family responsibilities,Managing my personal commitments,Managing my family responsibilities,My daily expenses,Managing my personal commitments,My mental wellbeing,My daily expenses,My job satisfaction,Managing my personal commitments,My daily expenses
186,Managing my family responsibilities,My on-the-job learning opportunities,Managing my family responsibilities,Managing my personal commitments,Managing my family responsibilities,My daily expenses,Managing my personal commitments,My mental wellbeing,My daily expenses,My job satisfaction,Managing my personal commitments,My daily expenses
187,Managing my family responsibilities,My on-the-job learning opportunities,Managing my family responsibilities,Managing my personal commitments,Managing my family responsibilities,My daily expenses,Managing my personal commitments,My mental wellbeing,My daily expenses,My job satisfaction,Managing my personal commitments,My daily expenses
188,My on-the-job learning opportunities,My on-the-job learning opportunities,Managing my family responsibilities,Managing my personal commitments,Managing my family responsibilities,My daily expenses,Managing my personal commitments,My mental wellbeing,My daily expenses,My job satisfaction,Managing my personal commitments,My daily expenses
189,My on-the-job learning opportunities,My on-the-job learning opportunities,Managing my family responsibilities,Managing my personal commitments,Managing my family responsibilities,My daily expenses,Managing my personal commitments,My mental wellbeing,My daily expenses,My job satisfaction,Managing my personal commitments,My daily expenses
190,My on-the-job learning opportunities,My on-the-job learning opportunities,Managing my family responsibilities,Managing my personal commitments,Managing my family responsibilities,My daily expenses,Managing my personal commitments,My mental wellbeing,My daily expenses,My job satisfaction,Managing my personal commitments,My daily expenses
191,My on-the-job learning opportunities,My on-the-job learning opportunities,Managing my family responsibilities,Managing my personal commitments,Managing my family responsibilities,My daily expenses,Managing my personal commitments,My mental wellbeing,My daily expenses,My job satisfaction,Managing my personal commitments,My daily expenses
192,My on-the-job learning opportunities,My on-the-job learning opportunities,Managing my family responsibilities,Managing my personal commitments,Managing my family responsibilities,My daily expenses,Managing my personal commitments,My mental wellbeing,My daily expenses,My job satisfaction,Managing my personal commitments,My daily expenses
193,My on-the-job learning opportunities,My on-the-job learning opportunities,Managing my family responsibilities,Managing my personal commitments,Managing my family responsibilities,My daily expenses,Managing my personal commitments,My mental wellbeing,My daily expenses,My job satisfaction,Managing my personal commitments,My daily expenses
194,My on-the-job learning opportunities,My on-the-job learning opportunities,Managing my family responsibilities,Managing my personal commitments,Managing my family responsibilities,My daily expenses,Managing my personal commitments,My mental wellbeing,My daily expenses,My job satisfaction,Managing my personal commitments,My daily expenses
195,My on-the-job learning opportunities,My on-the-job learning opportunities,Managing my family responsibilities,Managing my personal commitments,Managing my family responsibilities,My daily expenses,Managing my personal commitments,My mental wellbeing,My daily expenses,My job satisfaction,Managing my personal commitments,My daily expenses
196,My on-the-job learning opportunities,My on-the-job learning opportunities,Managing my family responsibilities,Managing my personal commitments,Managing my family responsibilities,My daily expenses,Managing my personal commitments,My mental wellbeing,My daily expenses,My job satisfaction,Managing my personal commitments,My daily expenses
197,My on-the-job learning opportunities,My on-the-job learning opportunities,Managing my family responsibilities,Managing my personal commitments,Managing my family responsibilities,My daily expenses,Managing my personal commitments,My mental wellbeing,My daily expenses,My job satisfaction,Managing my personal commitments,My daily expenses
198,My on-the-job learning opportunities,My on-the-job learning opportunities,Managing my family responsibilities,Managing my personal commitments,Managing my family responsibilities,My daily expenses,Managing my personal commitments,My mental wellbeing,My daily expenses,My job satisfaction,Managing my personal commitments,My daily expenses
199,My on-the-job learning opportunities,My on-the-job learning opportunities,Managing my family responsibilities,Managing my personal commitments,Managing my family responsibilities,My daily expenses,Managing my personal commitments,My mental wellbeing,My daily expenses,My job satisfaction,Managing my personal commitments,My daily expenses
200,My on-the-job learning opportunities,My on-the-job learning opportunities,Managing my family responsibilities,Managing my personal commitments,Managing my family responsibilities,My daily expenses,Managing my personal commitments,My mental wellbeing,My daily expenses,My job satisfaction,Managing my personal commitments,My daily expenses
201,My on-the-job learning opportunities,My on-the-job learning opportunities,Managing my family responsibilities,Managing my personal commitments,Managing my family responsibilities,My daily expenses,Managing my personal commitments,My mental wellbeing,My daily expenses,My job satisfaction,Managing my personal commitments,My daily expenses
202,My on-the-job learning opportunities,My on-the-job learning opportunities,Managing my family responsibilities,Managing my personal commitments,Managing my family responsibilities,My daily expenses,Managing my personal commitments,My mental wellbeing,My daily expenses,My job satisfaction,Managing my personal commitments,My daily expenses
203,My on-the-job learning opportunities,My on-the-job learning opportunities,Managing my family responsibilities,Managing my personal commitments,Managing my family responsibilities,My daily expenses,Managing my personal commitments,My mental wellbeing,My daily expenses,My job satisfaction,Managing my personal commitments,My daily expenses
204,My on-the-job learning opportunities,My on-the-job learning opportunities,Managing my family responsibilities,Managing my personal commitments,Managing my family responsibilities,My daily expenses,Managing my personal commitments,My mental wellbeing,My daily expenses,My job satisfaction,Managing my personal commitments,My daily expenses
205,My on-the-job learning opportunities,My on-the-job learning opportunities,Managing my family responsibilities,Managing my personal commitments,Managing my family responsibilities,My daily expenses,Managing my personal commitments,My mental wellbeing,My daily expenses,My job satisfaction,Managing my personal commitments,My daily expenses
206,My on-the-job learning opportunities,My on-the-job learning opportunities,Managing my family responsibilities,Managing my personal commitments,Managing my family responsibilities,My daily expenses,Managing my personal commitments,My mental wellbeing,My daily expenses,My job satisfaction,Managing my personal commitments,My daily expenses
207,My on-the-job learning opportunities,My on-the-job learning opportunities,Managing my family responsibilities,Managing my personal commitments,Managing my family responsibilities,My daily expenses,Managing my personal commitments,My mental wellbeing,My daily expenses,My job satisfaction,Managing my personal commitments,My daily expenses
208,My on-the-job learning opportunities,My on-the-job learning opportunities,Managing my family responsibilities,Managing my personal commitments,Managing my family responsibilities,My daily expenses,Managing my personal commitments,My mental wellbeing,My daily expenses,My job satisfaction,Managing my personal commitments,My daily expenses
209,My on-the-job learning opportunities,My on-the-job learning opportunities,Managing my family responsibilities,Managing my personal commitments,Managing my family responsibilities,My daily expenses,Managing my personal commitments,My mental wellbeing,My daily expenses,My job satisfaction,Managing my personal commitments,My daily expenses
210,My on-the-job learning opportunities,My on-the-job learning opportunities,Managing my family responsibilities,Managing my personal commitments,Managing my family responsibilities,My daily expenses,Managing my personal commitments,My mental wellbeing,My daily expenses,My job satisfaction,Managing my personal commitments,My daily expenses
211,My on-the-job learning opportunities,My on-the-job learning opportunities,Managing my family responsibilities,Managing my personal commitments,Managing my family responsibilities,My daily expenses,Managing my personal commitments,My mental wellbeing,My daily expenses,My job satisfaction,Managing my personal commitments,My daily expenses
212,My on-the-job learning opportunities,My on-the-job learning opportunities,Managing my family responsibilities,Managing my personal commitments,Managing my family responsibilities,My daily expenses,Managing my personal commitments,My mental wellbeing,My daily expenses,My job satisfaction,Managing my personal commitments,My daily expenses
213,My on-the-job learning opportunities,My on-the-job learning opportunities,Managing my family responsibilities,Managing my personal commitments,Managing my family responsibilities,My daily expenses,Managing my personal commitments,My mental wellbeing,My daily expenses,My job satisfaction,Managing my personal commitments,My daily expenses
214,My on-the-job learning opportunities,My on-the-job learning opportunities,Managing my family responsibilities,Managing my personal commitments,Managing my family responsibilities,My daily expenses,Managing my personal commitments,My mental wellbeing,My daily expenses,My job satisfaction,Managing my personal commitments,My daily expenses
215,My on-the-job learning opportunities,My on-the-job learning opportunities,Managing my family responsibilities,Managing my personal commitments,Managing my family responsibilities,My daily expenses,Managing my personal commitments,My mental wellbeing,My daily expenses,My job satisfaction,Managing my personal commitments,My daily expenses
216,My on-the-job learning opportunities,My on-the-job learning opportunities,Managing my family responsibilities,Managing my personal commitments,Managing my family responsibilities,My daily expenses,Managing my personal commitments,My mental wellbeing,My daily expenses,My job satisfaction,Managing my personal commitments,My daily expenses
217,My on-the-job learning opportunities,My on-the-job learning opportunities,Managing my family responsibilities,Managing my personal commitments,Managing my family responsibilities,My daily expenses,Managing my personal commitments,My mental wellbeing,My daily expenses,My job satisfaction,Managing my personal commitments,My daily expenses
218,My on-the-job learning opportunities,My on-the-job learning opportunities,Managing my family responsibilities,Managing my personal commitments,Managing my family responsibilities,My daily expenses,Managing my personal commitments,My mental wellbeing,My daily expenses,My job satisfaction,Managing my personal commitments,My daily expenses
219,My on-the-job learning opportunities,My on-the-job learning opportunities,Managing my family responsibilities,Managing my personal commitments,Managing my family responsibilities,My daily expenses,Managing my personal commitments,My mental wellbeing,My daily expenses,My job satisfaction,Managing my personal commitments,My daily expenses
220,My on-the-job learning opportunities,My on-the-job learning opportunities,Managing my family responsibilities,Managing my personal commitments,Managing my family responsibilities,My daily expenses,Managing my personal commitments,My mental wellbeing,My daily expenses,My job satisfaction,Managing my personal commitments,My daily expenses
221,My on-the-job learning opportunities,My on-the-job learning opportunities,Managing my family responsibilities,Managing my personal commitments,Managing my family responsibilities,My daily expenses,Managing my personal commitments,My mental wellbeing,My daily expenses,My job satisfaction,Managing my personal commitments,My daily expenses
222,My on-the-job learning opportunities,My on-the-job learning opportunities,Managing my family responsibilities,Managing my personal commitments,Managing my family responsibilities,My daily expenses,Managing my personal commitments,My mental wellbeing,My daily expenses,My job satisfaction,Managing my personal commitments,My daily expenses
223,My on-the-job learning opportunities,My on-the-job learning opportunities,Managing my family responsibilities,Managing my personal commitments,Managing my family responsibilities,My daily expenses,Managing my personal commitments,My mental wellbeing,My daily expenses,My job satisfaction,Managing my personal commitments,My daily expenses
224,My on-the-job learning opportunities,My on-the-job learning opportunities,Managing my family responsibilities,Managing my personal commitments,Managing my family responsibilities,My daily expenses,Managing my personal commitments,My mental wellbeing,My daily expenses,My job satisfaction,Managing my personal commitments,My daily expenses
225,My on-the-job learning opportunities,My on-the-job learning opportunities,Managing my family responsibilities,Managing my personal commitments,Managing my family responsibilities,My daily expenses,Managing my personal commitments,My mental wellbeing,My daily expenses,My job satisfaction,Managing my personal commitments,My daily expenses
226,My on-the-job learning opportunities,My on-the-job learning opportunities,Managing my family responsibilities,Managing my personal commitments,Managing my family responsibilities,My daily expenses,Managing my personal commitments,My mental wellbeing,My daily expenses,My job satisfaction,Managing my personal commitments,My daily expenses
227,My on-the-job learning opportunities,My on-the-job learning opportunities,Managing my family responsibilities,My mental wellbeing,Managing my family responsibilities,My daily expenses,Managing my personal commitments,My mental wellbeing,My daily expenses,My job satisfaction,Managing my personal commitments,My daily expenses
228,My on-the-job learning opportunities,My on-the-job learning opportunities,Managing my family responsibilities,My mental wellbeing,Managing my family responsibilities,My daily expenses,Managing my personal commitments,My mental wellbeing,My daily expenses,My job satisfaction,Managing my personal commitments,My daily expenses
229,My on-the-job learning opportunities,My on-the-job learning opportunities,Managing my family responsibilities,My mental wellbeing,Managing my family responsibilities,My daily expenses,Managing my personal commitments,My mental wellbeing,My daily expenses,My job satisfaction,Managing my personal commitments,My daily expenses
230,My on-the-job learning opportunities,My on-the-job learning opportunities,Managing my family responsibilities,My mental wellbeing,Managing my family responsibilities,My daily expenses,Managing my personal commitments,My mental wellbeing,My daily expenses,My job satisfaction,Managing my personal commitments,My daily expenses
231,My on-the-job learning opportunities,My on-the-job learning opportunities,Managing my family responsibilities,My mental wellbeing,Managing my family responsibilities,My daily expenses,Managing my personal commitments,My mental wellbeing,My daily expenses,My job satisfaction,Managing my personal commitments,My daily expenses
232,My on-the-job learning opportunities,My on-the-job learning opportunities,Managing my family responsibilities,My mental wellbeing,Managing my family responsibilities,My daily expenses,Managing my personal commitments,My mental wellbeing,My daily expenses,My job satisfaction,Managing my personal commitments,My daily expenses
233,My on-the-job learning opportunities,My on-the-job learning opportunities,Managing my family responsibilities,My mental wellbeing,Managing my family responsibilities,My daily expenses,Managing my personal commitments,My mental wellbeing,My daily expenses,My job satisfaction,Managing my personal commitments,My daily expenses
234,My on-the-job learning opportunities,My on-the-job learning opportunities,Managing my family responsibilities,My mental wellbeing,Managing my family responsibilities,My daily expenses,Managing my personal commitments,My mental wellbeing,My daily expenses,My job satisfaction,Managing my personal commitments,My daily expenses
235,My on-the-job learning opportunities,My on-the-job learning opportunities,Managing my family responsibilities,My mental wellbeing,Managing my family responsibilities,My daily expenses,Managing my personal commitments,My mental wellbeing,My daily expenses,My job satisfaction,Managing my personal commitments,My daily expenses
236,My on-the-job learning opportunities,My on-the-job learning opportunities,Managing my family responsibilities,My mental wellbeing,Managing my family responsibilities,My daily expenses,Managing my personal commitments,My mental wellbeing,My daily expenses,My job satisfaction,Managing my personal commitments,My daily expenses
237,My on-the-job learning opportunities,My on-the-job learning opportunities,Managing my family responsibilities,My mental wellbeing,Managing my family responsibilities,My daily expenses,Managing my personal commitments,My mental wellbeing,My daily expenses,My job satisfaction,Managing my personal commitments,My daily expenses
238,My on-the-job learning opportunities,My on-the-job learning opportunities,Managing my family responsibilities,My mental wellbeing,Managing my family responsibilities,My daily expenses,Managing my personal commitments,My mental wellbeing,My daily expenses,My job satisfaction,Managing my personal commitments,My daily expenses
239,My on-the-job learning opportunities,My on-the-job learning opportunities,Managing my family responsibilities,My mental wellbeing,Managing my family responsibilities,My daily expenses,Managing my personal commitments,My mental wellbeing,My daily expenses,My job satisfaction,Managing my personal commitments,My daily expenses
240,My on-the-job learning opportunities,My on-the-job learning opportunities,Managing my family responsibilities,My mental wellbeing,Managing my family responsibilities,My daily expenses,Managing my personal commitments,My mental wellbeing,My daily expenses,My job satisfaction,Managing my personal commitments,My daily expenses
241,My on-the-job learning opportunities,My on-the-job learning opportunities,Managing my family responsibilities,My mental wellbeing,Managing my family responsibilities,My daily expenses,Managing my personal commitments,My mental wellbeing,My daily expenses,My job satisfaction,Managing my personal commitments,My daily expenses
242,My on-the-job learning opportunities,My on-the-job learning opportunities,Managing my family responsibilities,My mental wellbeing,Managing my family responsibilities,My daily expenses,Managing my personal commitments,My mental wellbeing,My daily expenses,My job satisfaction,Managing my personal commitments,My daily expenses
243,My on-the-job learning opportunities,My on-the-job learning opportunities,Managing my family responsibilities,My mental wellbeing,Managing my family responsibilities,My daily expenses,Managing my personal commitments,My mental wellbeing,My daily expenses,My job satisfaction,Managing my personal commitments,My daily expenses
244,My on-the-job learning opportunities,My on-the-job learning opportunities,Managing my family responsibilities,My mental wellbeing,Managing my family responsibilities,My daily expenses,Managing my personal commitments,My mental wellbeing,My daily expenses,My job satisfaction,Managing my personal commitments,My daily expenses
245,My on-the-job learning opportunities,My on-the-job learning opportunities,Managing my family responsibilities,My mental wellbeing,Managing my family responsibilities,My daily expenses,Managing my personal commitments,My mental wellbeing,My daily expenses,My job satisfaction,Managing my personal commitments,My daily expenses
246,My on-the-job learning opportunities,My on-the-job learning opportunities,Managing my family responsibilities,My mental wellbeing,Managing my family responsibilities,My daily expenses,Managing my personal commitments,My mental wellbeing,My daily expenses,My job satisfaction,Managing my personal commitments,My daily expenses
247,My on-the-job learning opportunities,My on-the-job learning opportunities,Managing my family responsibilities,My mental wellbeing,Managing my family responsibilities,My daily expenses,Managing my personal commitments,My mental wellbeing,My daily expenses,My job satisfaction,Managing my personal commitments,My daily expenses
248,My on-the-job learning opportunities,My on-the-job learning opportunities,Managing my family responsibilities,My mental wellbeing,Managing my family responsibilities,My daily expenses,Managing my personal commitments,My mental wellbeing,My daily expenses,My job satisfaction,Managing my personal commitments,My daily expenses
249,My on-the-job learning opportunities,My on-the-job learning opportunities,Managing my family responsibilities,My mental wellbeing,Managing my family responsibilities,My daily expenses,Managing my personal commitments,My mental wellbeing,My daily expenses,My job satisfaction,Managing my personal commitments,My daily expenses
250,My on-the-job learning opportunities,My on-the-job learning opportunities,Managing my family responsibilities,My mental wellbeing,Managing my family responsibilities,My daily expenses,Managing my personal commitments,My mental wellbeing,My daily expenses,My job satisfaction,Managing my personal commitments,My daily expenses
251,My on-the-job learning opportunities,My on-the-job learning opportunities,Managing my family responsibilities,My mental wellbeing,Managing my family responsibilities,My daily expenses,Managing my personal commitments,My mental wellbeing,My daily expenses,My job satisfaction,Managing my personal commitments,My daily expenses
252,My on-the-job learning opportunities,My on-the-job learning opportunities,Managing my family responsibilities,My mental wellbeing,Managing my family responsibilities,My daily expenses,Managing my personal commitments,My mental wellbeing,My daily expenses,My job satisfaction,Managing my personal commitments,My daily expenses
253,My on-the-job learning opportunities,My on-the-job learning opportunities,Managing my family responsibilities,My mental wellbeing,Managing my family responsibilities,My daily expenses,Managing my personal commitments,My mental wellbeing,My daily expenses,My job satisfaction,Managing my personal commitments,My daily expenses
254,My on-the-job learning opportunities,My on-the-job learning opportunities,Managing my family responsibilities,My mental wellbeing,Managing my family responsibilities,My daily expenses,Managing my personal commitments,My mental wellbeing,My daily expenses,My job satisfaction,Managing my personal commitments,My daily expenses
255,My on-the-job learning opportunities,My on-the-job learning opportunities,Managing my family responsibilities,My mental wellbeing,Managing my family responsibilities,My daily expenses,Managing my personal commitments,My mental wellbeing,My daily expenses,My job satisfaction,Managing my personal commitments,My daily expenses
256,My on-the-job learning opportunities,My on-the-job learning opportunities,Managing my family responsibilities,My mental wellbeing,Managing my family responsibilities,My daily expenses,Managing my personal commitments,My mental wellbeing,My daily expenses,My job satisfaction,Managing my personal commitments,My daily expenses
257,My on-the-job learning opportunities,My on-the-job learning opportunities,Managing my family responsibilities,My mental wellbeing,Managing my family responsibilities,My daily expenses,Managing my personal commitments,My mental wellbeing,My daily expenses,My job satisfaction,Managing my personal commitments,My daily expenses
258,My on-the-job learning opportunities,My on-the-job learning opportunities,Managing my family responsibilities,My mental wellbeing,Managing my family responsibilities,My daily expenses,Managing my personal commitments,My mental wellbeing,My daily expenses,My job satisfaction,Managing my personal commitments,My daily expenses
259,My on-the-job learning opportunities,My on-the-job learning opportunities,Managing my family responsibilities,My mental wellbeing,Managing my family responsibilities,My daily expenses,Managing my personal commitments,My mental wellbeing,My daily expenses,My job satisfaction,Managing my personal commitments,My daily expenses
260,My on-the-job learning opportunities,My on-the-job learning opportunities,Managing my family responsibilities,My mental wellbeing,Managing my family responsibilities,My daily expenses,Managing my personal commitments,My mental wellbeing,My daily expenses,My job satisfaction,Managing my personal commitments,My daily expenses
261,My on-the-job learning opportunities,My on-the-job learning opportunities,Managing my family responsibilities,My mental wellbeing,Managing my family responsibilities,My daily expenses,Managing my personal commitments,My mental wellbeing,My daily expenses,My job satisfaction,Managing my personal commitments,My daily expenses
262,My on-the-job learning opportunities,My on-the-job learning opportunities,Managing my family responsibilities,My mental wellbeing,Managing my family responsibilities,My daily expenses,Managing my personal commitments,My mental wellbeing,My daily expenses,My job satisfaction,Managing my personal commitments,My daily expenses
263,My on-the-job learning opportunities,My on-the-job learning opportunities,Managing my family responsibilities,My mental wellbeing,Managing my family responsibilities,My daily expenses,Managing my personal commitments,My mental wellbeing,My daily expenses,My job satisfaction,Managing my personal commitments,My daily expenses
264,My on-the-job learning opportunities,My on-the-job learning opportunities,Managing my family responsibilities,My mental wellbeing,Managing my family responsibilities,My daily expenses,Managing my personal commitments,My mental wellbeing,My daily expenses,My job satisfaction,Managing my personal commitments,My daily expenses
265,My on-the-job learning opportunities,My on-the-job learning opportunities,Managing my family responsibilities,My mental wellbeing,Managing my family responsibilities,My daily expenses,Managing my personal commitments,My mental wellbeing,My daily expenses,My job satisfaction,Managing my personal commitments,My daily expenses
266,My on-the-job learning opportunities,My on-the-job learning opportunities,Managing my family responsibilities,My mental wellbeing,Managing my family responsibilities,My daily expenses,Managing my personal commitments,My mental wellbeing,My daily expenses,My job satisfaction,Managing my personal commitments,My daily expenses
267,My on-the-job learning opportunities,My on-the-job learning opportunities,Managing my family responsibilities,My mental wellbeing,Managing my family responsibilities,My daily expenses,Managing my personal commitments,My mental wellbeing,My daily expenses,My job satisfaction,Managing my personal commitments,My daily expenses
268,My on-the-job learning opportunities,My on-the-job learning opportunities,Managing my family responsibilities,My mental wellbeing,Managing my family responsibilities,My daily expenses,Managing my personal commitments,My mental wellbeing,My daily expenses,My job satisfaction,Managing my personal commitments,My daily expenses
269,My on-the-job learning opportunities,My on-the-job learning opportunities,Managing my family responsibilities,My mental wellbeing,Managing my family responsibilities,My daily expenses,Managing my personal commitments,My mental wellbeing,My daily expenses,My job satisfaction,Managing my personal commitments,My daily expenses
270,My on-the-job learning opportunities,My on-the-job learning opportunities,Managing my family responsibilities,My mental wellbeing,Managing my family responsibilities,My daily expenses,Managing my personal commitments,My mental wellbeing,My daily expenses,My job satisfaction,Managing my personal commitments,My daily expenses
271,My on-the-job learning opportunities,My on-the-job learning opportunities,Managing my family responsibilities,My mental wellbeing,Managing my family responsibilities,My daily expenses,Managing my personal commitments,My mental wellbeing,My daily expenses,My job satisfaction,Managing my personal commitments,My daily expenses
272,My working relationships,My on-the-job learning opportunities,Managing my family responsibilities,My mental wellbeing,Managing my family responsibilities,My daily expenses,Managing my personal commitments,My mental wellbeing,My daily expenses,My job satisfaction,Managing my personal commitments,My daily expenses
273,My working relationships,My on-the-job learning opportunities,Managing my personal commitments,My mental wellbeing,Managing my family responsibilities,My daily expenses,Managing my personal commitments,My mental wellbeing,My daily expenses,My job satisfaction,Managing my personal commitments,My daily expenses
274,My working relationships,My on-the-job learning opportunities,Managing my personal commitments,My mental wellbeing,Managing my family responsibilities,My daily expenses,Managing my personal commitments,My mental wellbeing,My daily expenses,My job satisfaction,Managing my personal commitments,My daily expenses
275,My working relationships,My on-the-job learning opportunities,Managing my personal commitments,My mental wellbeing,My daily expenses,My daily expenses,Managing my personal commitments,My mental wellbeing,My daily expenses,My job satisfaction,Managing my personal commitments,My daily expenses
276,My working relationships,My on-the-job learning opportunities,Managing my personal commitments,My mental wellbeing,My daily expenses,My daily expenses,Managing my personal commitments,My mental wellbeing,My daily expenses,My job satisfaction,Managing my personal commitments,My daily expenses
277,My working relationships,My on-the-job learning opportunities,Managing my personal commitments,My mental wellbeing,My daily expenses,My daily expenses,Managing my personal commitments,My mental wellbeing,My daily expenses,My job satisfaction,Managing my personal commitments,My daily expenses
278,My working relationships,My on-the-job learning opportunities,Managing my personal commitments,My mental wellbeing,My daily expenses,My daily expenses,Managing my personal commitments,My mental wellbeing,My daily expenses,My job satisfaction,Managing my personal commitments,My daily expenses
279,My working relationships,My on-the-job learning opportunities,Managing my personal commitments,My mental wellbeing,My daily expenses,My daily expenses,Managing my personal commitments,My mental wellbeing,My daily expenses,My job satisfaction,Managing my personal commitments,My daily expenses
280,My working relationships,My on-the-job learning opportunities,Managing my personal commitments,My mental wellbeing,My daily expenses,My daily expenses,Managing my personal commitments,My mental wellbeing,My daily expenses,My job satisfaction,Managing my personal commitments,My daily expenses
281,My working relationships,My on-the-job learning opportunities,Managing my personal commitments,My mental wellbeing,My daily expenses,My daily expenses,Managing my personal commitments,My mental wellbeing,My daily expenses,My job satisfaction,Managing my personal commitments,My daily expenses
282,My working relationships,My on-the-job learning opportunities,Managing my personal commitments,My mental wellbeing,My daily expenses,My daily expenses,Managing my personal commitments,My mental wellbeing,My daily expenses,My job satisfaction,Managing my personal commitments,My daily expenses
283,My working relationships,My on-the-job learning opportunities,Managing my personal commitments,My mental wellbeing,My daily expenses,My daily expenses,Managing my personal commitments,My mental wellbeing,My daily expenses,My job satisfaction,Managing my personal commitments,My daily expenses
284,My working relationships,My on-the-job learning opportunities,Managing my personal commitments,My mental wellbeing,My daily expenses,My daily expenses,Managing my personal commitments,My mental wellbeing,My daily expenses,My job satisfaction,Managing my personal commitments,My daily expenses
285,My working relationships,My on-the-job learning opportunities,Managing my personal commitments,My mental wellbeing,My daily expenses,My daily expenses,Managing my personal commitments,My mental wellbeing,My daily expenses,My job satisfaction,Managing my personal commitments,My daily expenses
286,My working relationships,My on-the-job learning opportunities,Managing my personal commitments,My mental wellbeing,My daily expenses,My daily expenses,Managing my personal commitments,My mental wellbeing,My daily expenses,My job satisfaction,Managing my personal commitments,My job satisfaction
287,My working relationships,My on-the-job learning opportunities,Managing my personal commitments,My mental wellbeing,My daily expenses,My daily expenses,Managing my personal commitments,My mental wellbeing,My daily expenses,My job satisfaction,Managing my personal commitments,My job satisfaction
288,My working relationships,My on-the-job learning opportunities,Managing my personal commitments,My mental wellbeing,My daily expenses,My daily expenses,Managing my personal commitments,My mental wellbeing,My daily expenses,My job satisfaction,Managing my personal commitments,My job satisfaction
289,My working relationships,My on-the-job learning opportunities,Managing my personal commitments,My mental wellbeing,My daily expenses,My daily expenses,Managing my personal commitments,My mental wellbeing,My daily expenses,My job satisfaction,Managing my personal commitments,My job satisfaction
290,My working relationships,My on-the-job learning opportunities,Managing my personal commitments,My mental wellbeing,My daily expenses,My daily expenses,Managing my personal commitments,My mental wellbeing,My daily expenses,My job satisfaction,Managing my personal commitments,My job satisfaction
291,My working relationships,My on-the-job learning opportunities,Managing my personal commitments,My mental wellbeing,My daily expenses,My daily expenses,Managing my personal commitments,My mental wellbeing,My daily expenses,My job satisfaction,Managing my personal commitments,My job satisfaction
292,My working relationships,My on-the-job learning opportunities,Managing my personal commitments,My mental wellbeing,My daily expenses,My daily expenses,Managing my personal commitments,My mental wellbeing,My daily expenses,My job satisfaction,Managing my personal commitments,My job satisfaction
293,My working relationships,My on-the-job learning opportunities,Managing my personal commitments,My mental wellbeing,My daily expenses,My daily expenses,Managing my personal commitments,My mental wellbeing,My daily expenses,My job satisfaction,Managing my personal commitments,My job satisfaction
294,My working relationships,My on-the-job learning opportunities,Managing my personal commitments,My mental wellbeing,My daily expenses,My daily expenses,Managing my personal commitments,My mental wellbeing,My daily expenses,My job satisfaction,Managing my personal commitments,My job satisfaction
295,My working relationships,My on-the-job learning opportunities,Managing my personal commitments,My mental wellbeing,My daily expenses,My daily expenses,Managing my personal commitments,My mental wellbeing,My daily expenses,My job satisfaction,Managing my personal commitments,My job satisfaction
296,My working relationships,My on-the-job learning opportunities,Managing my personal commitments,My mental wellbeing,My daily expenses,My daily expenses,Managing my personal commitments,My mental wellbeing,My daily expenses,My job satisfaction,Managing my personal commitments,My job satisfaction
297,My working relationships,My on-the-job learning opportunities,Managing my personal commitments,My mental wellbeing,My daily expenses,My daily expenses,Managing my personal commitments,My mental wellbeing,My daily expenses,My job satisfaction,Managing my personal commitments,My job satisfaction
298,My working relationships,My on-the-job learning opportunities,Managing my personal commitments,My mental wellbeing,My daily expenses,My daily expenses,Managing my personal commitments,My mental wellbeing,My daily expenses,My job satisfaction,Managing my personal commitments,My job satisfaction
299,My working relationships,My on-the-job learning opportunities,Managing my personal commitments,My mental wellbeing,My daily expenses,My daily expenses,Managing my personal commitments,My mental wellbeing,My daily expenses,My job satisfaction,Managing my personal commitments,My job satisfaction
300,My working relationships,My on-the-job learning opportunities,Managing my personal commitments,My mental wellbeing,My daily expenses,My daily expenses,Managing my personal commitments,My mental wellbeing,My daily expenses,My job satisfaction,Managing my personal commitments,My job satisfaction
301,My working relationships,My on-the-job learning opportunities,Managing my personal commitments,My mental wellbeing,My daily expenses,My daily expenses,Managing my personal commitments,My mental wellbeing,My daily expenses,My job satisfaction,Managing my personal commitments,My job satisfaction
302,My working relationships,My on-the-job learning opportunities,Managing my personal commitments,My mental wellbeing,My daily expenses,My job satisfaction,Managing my personal commitments,My mental wellbeing,My daily expenses,My job satisfaction,Managing my personal commitments,My job satisfaction
303,My working relationships,My on-the-job learning opportunities,Managing my personal commitments,My mental wellbeing,My daily expenses,My job satisfaction,Managing my personal commitments,My mental wellbeing,My daily expenses,My job satisfaction,Managing my personal commitments,My job satisfaction
304,My working relationships,My on-the-job learning opportunities,Managing my personal commitments,My mental wellbeing,My daily expenses,My job satisfaction,Managing my personal commitments,My mental wellbeing,My daily expenses,My job satisfaction,Managing my personal commitments,My job satisfaction
305,My working relationships,My on-the-job learning opportunities,Managing my personal commitments,My mental wellbeing,My daily expenses,My job satisfaction,Managing my personal commitments,My mental wellbeing,My daily expenses,My job satisfaction,Managing my personal commitments,My job satisfaction
306,My working relationships,My on-the-job learning opportunities,Managing my personal commitments,My mental wellbeing,My daily expenses,My job satisfaction,Managing my personal commitments,My mental wellbeing,My daily expenses,My job satisfaction,Managing my personal commitments,My job satisfaction
307,My working relationships,My on-the-job learning opportunities,Managing my personal commitments,My mental wellbeing,My daily expenses,My job satisfaction,Managing my personal commitments,My mental wellbeing,My daily expenses,My job satisfaction,Managing my personal commitments,My job satisfaction
308,My working relationships,My on-the-job learning opportunities,Managing my personal commitments,My mental wellbeing,My daily expenses,My job satisfaction,Managing my personal commitments,My mental wellbeing,My daily expenses,My job satisfaction,Managing my personal commitments,My job satisfaction
309,My working relationships,My on-the-job learning opportunities,Managing my personal commitments,My mental wellbeing,My daily expenses,My job satisfaction,Managing my personal commitments,My mental wellbeing,My daily expenses,My job satisfaction,Managing my personal commitments,My job satisfaction
310,My working relationships,My on-the-job learning opportunities,Managing my personal commitments,My mental wellbeing,My daily expenses,My job satisfaction,Managing my personal commitments,My mental wellbeing,My daily expenses,My job satisfaction,Managing my personal commitments,My job satisfaction
311,My working relationships,My on-the-job learning opportunities,Managing my personal commitments,My mental wellbeing,My daily expenses,My job satisfaction,Managing my personal commitments,My mental wellbeing,My job satisfaction,My job satisfaction,Managing my personal commitments,My job satisfaction
312,My working relationships,My on-the-job learning opportunities,Managing my personal commitments,My mental wellbeing,My daily expenses,My job satisfaction,Managing my personal commitments,My mental wellbeing,My job satisfaction,My job satisfaction,Managing my personal commitments,My job satisfaction
313,My working relationships,My on-the-job learning opportunities,Managing my personal commitments,My mental wellbeing,My daily expenses,My job satisfaction,Managing my personal commitments,My mental wellbeing,My job satisfaction,My job satisfaction,Managing my personal commitments,My job satisfaction
314,My working relationships,My on-the-job learning opportunities,Managing my personal commitments,My mental wellbeing,My daily expenses,My job satisfaction,Managing my personal commitments,My mental wellbeing,My job satisfaction,My job satisfaction,Managing my personal commitments,My job satisfaction
315,My working relationships,My on-the-job learning opportunities,Managing my personal commitments,My mental wellbeing,My daily expenses,My job satisfaction,Managing my personal commitments,My mental wellbeing,My job satisfaction,My job satisfaction,Managing my personal commitments,My job satisfaction
316,My working relationships,My on-the-job learning opportunities,Managing my personal commitments,My mental wellbeing,My daily expenses,My job satisfaction,Managing my personal commitments,My mental wellbeing,My job satisfaction,My job satisfaction,Managing my personal commitments,My job satisfaction
317,My working relationships,My on-the-job learning opportunities,Managing my personal commitments,My mental wellbeing,My daily expenses,My job satisfaction,Managing my personal commitments,My mental wellbeing,My job satisfaction,My job satisfaction,Managing my personal commitments,My job satisfaction
318,My working relationships,My on-the-job learning opportunities,Managing my personal commitments,My mental wellbeing,My daily expenses,My job satisfaction,Managing my personal commitments,My mental wellbeing,My job satisfaction,My job satisfaction,Managing my personal commitments,My job satisfaction
319,My working relationships,My on-the-job learning opportunities,Managing my personal commitments,My mental wellbeing,My daily expenses,My job satisfaction,Managing my personal commitments,My mental wellbeing,My job satisfaction,My job satisfaction,Managing my personal commitments,My job satisfaction
320,My working relationships,My on-the-job learning opportunities,Managing my personal commitments,My mental wellbeing,My daily expenses,My job satisfaction,Managing my personal commitments,My mental wellbeing,My job satisfaction,My job satisfaction,Managing my personal commitments,My job satisfaction
321,My working relationships,My on-the-job learning opportunities,Managing my personal commitments,My mental wellbeing,My daily expenses,My job satisfaction,Managing my personal commitments,My mental wellbeing,My job satisfaction,My job satisfaction,Managing my personal commitments,My job satisfaction
322,My working relationships,My on-the-job learning opportunities,Managing my personal commitments,My mental wellbeing,My daily expenses,My job satisfaction,Managing my personal commitments,My mental wellbeing,My job satisfaction,My job satisfaction,Managing my personal commitments,My job satisfaction
323,My working relationships,My on-the-job learning opportunities,Managing my personal commitments,My mental wellbeing,My daily expenses,My job satisfaction,Managing my personal commitments,My mental wellbeing,My job satisfaction,My job satisfaction,Managing my personal commitments,My job satisfaction
324,My working relationships,My on-the-job learning opportunities,Managing my personal commitments,My mental wellbeing,My daily expenses,My job satisfaction,Managing my personal commitments,My mental wellbeing,My job satisfaction,My job satisfaction,Managing my personal commitments,My job satisfaction
325,My working relationships,My on-the-job learning opportunities,Managing my personal commitments,My mental wellbeing,My daily expenses,My job satisfaction,Managing my personal commitments,My mental wellbeing,My job satisfaction,My job satisfaction,Managing my personal commitments,My job satisfaction
326,My working relationships,My on-the-job learning opportunities,Managing my personal commitments,My mental wellbeing,My daily expenses,My job satisfaction,Managing my personal commitments,My on-the-job learning opportunities,My job satisfaction,My job satisfaction,Managing my personal commitments,My job satisfaction
327,My working relationships,My on-the-job learning opportunities,Managing my personal commitments,My mental wellbeing,My daily expenses,My job satisfaction,Managing my personal commitments,My on-the-job learning opportunities,My job satisfaction,My job satisfaction,Managing my personal commitments,My job satisfaction
328,My working relationships,My on-the-job learning opportunities,Managing my personal commitments,My mental wellbeing,My daily expenses,My job satisfaction,Managing my personal commitments,My on-the-job learning opportunities,My job satisfaction,My job satisfaction,Managing my personal commitments,My job satisfaction
329,My working relationships,My on-the-job learning opportunities,Managing my personal commitments,My mental wellbeing,My daily expenses,My job satisfaction,Managing my personal commitments,My on-the-job learning opportunities,My job satisfaction,My job satisfaction,Managing my personal commitments,My job satisfaction
330,My working relationships,My on-the-job learning opportunities,Managing my personal commitments,My mental wellbeing,My daily expenses,My job satisfaction,Managing my personal commitments,My on-the-job learning opportunities,My job satisfaction,My job satisfaction,Managing my personal commitments,My job satisfaction
331,My working relationships,My on-the-job learning opportunities,Managing my personal commitments,My mental wellbeing,My daily expenses,My job satisfaction,Managing my personal commitments,My on-the-job learning opportunities,My job satisfaction,My job satisfaction,Managing my personal commitments,My job satisfaction
332,My working relationships,My on-the-job learning opportunities,Managing my personal commitments,My mental wellbeing,My daily expenses,My job satisfaction,Managing my personal commitments,My on-the-job learning opportunities,My job satisfaction,My job satisfaction,Managing my personal commitments,My job satisfaction
333,My working relationships,My on-the-job learning opportunities,Managing my personal commitments,My mental wellbeing,My daily expenses,My job satisfaction,My mental wellbeing,My on-the-job learning opportunities,My job satisfaction,My job satisfaction,Managing my personal commitments,My job satisfaction
334,My working relationships,My on-the-job learning opportunities,Managing my personal commitments,My mental wellbeing,My daily expenses,My job satisfaction,My mental wellbeing,My on-the-job learning opportunities,My job satisfaction,My job satisfaction,Managing my personal commitments,My job satisfaction
335,My working relationships,My on-the-job learning opportunities,Managing my personal commitments,My mental wellbeing,My daily expenses,My job satisfaction,My mental wellbeing,My on-the-job learning opportunities,My job satisfaction,My job satisfaction,Managing my personal commitments,My job satisfaction
336,My working relationships,My on-the-job learning opportunities,Managing my personal commitments,My mental wellbeing,My daily expenses,My job satisfaction,My mental wellbeing,My on-the-job learning opportunities,My job satisfaction,My job satisfaction,Managing my personal commitments,My job satisfaction
337,My working relationships,My on-the-job learning opportunities,Managing my personal commitments,My mental wellbeing,My daily expenses,My job satisfaction,My mental wellbeing,My on-the-job learning opportunities,My job satisfaction,My job satisfaction,Managing my personal commitments,My job satisfaction
338,My working relationships,My on-the-job learning opportunities,Managing my personal commitments,My mental wellbeing,My daily expenses,My job satisfaction,My mental wellbeing,My on-the-job learning opportunities,My job satisfaction,My job satisfaction,Managing my personal commitments,My job satisfaction
339,My working relationships,My on-the-job learning opportunities,Managing my personal commitments,My mental wellbeing,My daily expenses,My job satisfaction,My mental wellbeing,My on-the-job learning opportunities,My job satisfaction,My job satisfaction,Managing my personal commitments,My job satisfaction
340,My working relationships,My on-the-job learning opportunities,Managing my personal commitments,My mental wellbeing,My daily expenses,My job satisfaction,My mental wellbeing,My on-the-job learning opportunities,My job satisfaction,My job satisfaction,Managing my personal commitments,My job satisfaction
341,My working relationships,My on-the-job learning opportunities,Managing my personal commitments,My mental wellbeing,My daily expenses,My job satisfaction,My mental wellbeing,My on-the-job learning opportunities,My job satisfaction,My job satisfaction,Managing my personal commitments,My job satisfaction
342,My working relationships,My on-the-job learning opportunities,Managing my personal commitments,My mental wellbeing,My daily expenses,My job satisfaction,My mental wellbeing,My on-the-job learning opportunities,My job satisfaction,My job satisfaction,Managing my personal commitments,My job satisfaction
343,My working relationships,My on-the-job learning opportunities,Managing my personal commitments,My mental wellbeing,My daily expenses,My job satisfaction,My mental wellbeing,My on-the-job learning opportunities,My job satisfaction,My job satisfaction,Managing my personal commitments,My job satisfaction
344,My working relationships,My on-the-job learning opportunities,Managing my personal commitments,My mental wellbeing,My daily expenses,My job satisfaction,My mental wellbeing,My on-the-job learning opportunities,My job satisfaction,My job satisfaction,Managing my personal commitments,My job satisfaction
345,My working relationships,My on-the-job learning opportunities,Managing my personal commitments,My mental wellbeing,My daily expenses,My job satisfaction,My mental wellbeing,My on-the-job learning opportunities,My job satisfaction,My job satisfaction,Managing my personal commitments,My job satisfaction
346,My working relationships,My on-the-job learning opportunities,Managing my personal commitments,My mental wellbeing,My daily expenses,My job satisfaction,My mental wellbeing,My on-the-job learning opportunities,My job satisfaction,My job satisfaction,Managing my personal commitments,My job satisfaction
347,My working relationships,My on-the-job learning opportunities,Managing my personal commitments,My mental wellbeing,My daily expenses,My job satisfaction,My mental wellbeing,My on-the-job learning opportunities,My job satisfaction,My job satisfaction,Managing my personal commitments,My job satisfaction
348,My working relationships,My on-the-job learning opportunities,Managing my personal commitments,My mental wellbeing,My daily expenses,My job satisfaction,My mental wellbeing,My on-the-job learning opportunities,My job satisfaction,My job satisfaction,Managing my personal commitments,My job satisfaction
349,My working relationships,My on-the-job learning opportunities,Managing my personal commitments,My mental wellbeing,My daily expenses,My job satisfaction,My mental wellbeing,My on-the-job learning opportunities,My job satisfaction,My on-the-job learning opportunities,Managing my personal commitments,My job satisfaction
350,My working relationships,My on-the-job learning opportunities,Managing my personal commitments,My mental wellbeing,My daily expenses,My job satisfaction,My mental wellbeing,My on-the-job learning opportunities,My job satisfaction,My on-the-job learning opportunities,Managing my personal commitments,My job satisfaction
351,My working relationships,My on-the-job learning opportunities,Managing my personal commitments,My mental wellbeing,My daily expenses,My job satisfaction,My mental wellbeing,My on-the-job learning opportunities,My job satisfaction,My on-the-job learning opportunities,Managing my personal commitments,My job satisfaction
352,My working relationships,My on-the-job learning opportunities,Managing my personal commitments,My mental wellbeing,My daily expenses,My job satisfaction,My mental wellbeing,My on-the-job learning opportunities,My job satisfaction,My on-the-job learning opportunities,Managing my personal commitments,My job satisfaction
353,My working relationships,My on-the-job learning opportunities,Managing my personal commitments,My mental wellbeing,My daily expenses,My job satisfaction,My mental wellbeing,My on-the-job learning opportunities,My job satisfaction,My on-the-job learning opportunities,Managing my personal commitments,My job satisfaction
354,My working relationships,My on-the-job learning opportunities,Managing my personal commitments,My mental wellbeing,My daily expenses,My job satisfaction,My mental wellbeing,My on-the-job learning opportunities,My job satisfaction,My on-the-job learning opportunities,Managing my personal commitments,My job satisfaction
355,My working relationships,My on-the-job learning opportunities,Managing my personal commitments,My mental wellbeing,My daily expenses,My job satisfaction,My mental wellbeing,My on-the-job learning opportunities,My job satisfaction,My on-the-job learning opportunities,Managing my personal commitments,My job satisfaction
356,My working relationships,My on-the-job learning opportunities,Managing my personal commitments,My mental wellbeing,My daily expenses,My job satisfaction,My mental wellbeing,My on-the-job learning opportunities,My job satisfaction,My on-the-job learning opportunities,Managing my personal commitments,My job satisfaction
357,My working relationships,My on-the-job learning opportunities,Managing my personal commitments,My mental wellbeing,My daily expenses,My job satisfaction,My mental wellbeing,My on-the-job learning opportunities,My job satisfaction,My on-the-job learning opportunities,Managing my personal commitments,My job satisfaction
358,My working relationships,My on-the-job learning opportunities,Managing my personal commitments,My mental wellbeing,My daily expenses,My job satisfaction,My mental wellbeing,My on-the-job learning opportunities,My job satisfaction,My on-the-job learning opportunities,Managing my personal commitments,My job satisfaction
359,My working relationships,My on-the-job learning opportunities,Managing my personal commitments,My mental wellbeing,My daily expenses,My job satisfaction,My mental wellbeing,My on-the-job learning opportunities,My job satisfaction,My on-the-job learning opportunities,Managing my personal commitments,My job satisfaction
360,My working relationships,My on-the-job learning opportunities,Managing my personal commitments,My mental wellbeing,My daily expenses,My job satisfaction,My mental wellbeing,My on-the-job learning opportunities,My job satisfaction,My on-the-job learning opportunities,Managing my personal commitments,My job satisfaction
361,My working relationships,My on-the-job learning opportunities,Managing my personal commitments,My mental wellbeing,My daily expenses,My job satisfaction,My mental wellbeing,My on-the-job learning opportunities,My job satisfaction,My on-the-job learning opportunities,Managing my personal commitments,My job satisfaction
362,My working relationships,My on-the-job learning opportunities,Managing my personal commitments,My mental wellbeing,My daily expenses,My job satisfaction,My mental wellbeing,My on-the-job learning opportunities,My job satisfaction,My on-the-job learning opportunities,Managing my personal commitments,My job satisfaction
363,My working relationships,My on-the-job learning opportunities,Managing my personal commitments,My mental wellbeing,My daily expenses,My job satisfaction,My mental wellbeing,My on-the-job learning opportunities,My job satisfaction,My on-the-job learning opportunities,Managing my personal commitments,My job satisfaction
364,My work-life balance,My on-the-job learning opportunities,Managing my personal commitments,My mental wellbeing,My daily expenses,My job satisfaction,My mental wellbeing,My on-the-job learning opportunities,My job satisfaction,My on-the-job learning opportunities,Managing my personal commitments,My job satisfaction
365,My work-life balance,My on-the-job learning opportunities,Managing my personal commitments,My mental wellbeing,My daily expenses,My job satisfaction,My mental wellbeing,My on-the-job learning opportunities,My job satisfaction,My on-the-job learning opportunities,Managing my personal commitments,My job satisfaction
366,My work-life balance,My on-the-job learning opportunities,Managing my personal commitments,My mental wellbeing,My daily expenses,My job satisfaction,My mental wellbeing,My on-the-job learning opportunities,My job satisfaction,My on-the-job learning opportunities,Managing my personal commitments,My job satisfaction
367,My work-life balance,My on-the-job learning opportunities,Managing my personal commitments,My mental wellbeing,My daily expenses,My job satisfaction,My mental wellbeing,My on-the-job learning opportunities,My job satisfaction,My on-the-job learning opportunities,Managing my personal commitments,My job satisfaction
368,My work-life balance,My on-the-job learning opportunities,Managing my personal commitments,My mental wellbeing,My daily expenses,My job satisfaction,My mental wellbeing,My on-the-job learning opportunities,My job satisfaction,My on-the-job learning opportunities,Managing my personal commitments,My job satisfaction
369,My work-life balance,My on-the-job learning opportunities,Managing my personal commitments,My mental wellbeing,My daily expenses,My job satisfaction,My mental wellbeing,My on-the-job learning opportunities,My job satisfaction,My on-the-job learning opportunities,Managing my personal commitments,My job satisfaction
370,My work-life balance,My on-the-job learning opportunities,Managing my personal commitments,My mental wellbeing,My daily expenses,My job satisfaction,My mental wellbeing,My on-the-job learning opportunities,My job satisfaction,My on-the-job learning opportunities,Managing my personal commitments,My job satisfaction
371,My work-life balance,My on-the-job learning opportunities,Managing my personal commitments,My mental wellbeing,My daily expenses,My job satisfaction,My mental wellbeing,My on-the-job learning opportunities,My job satisfaction,My on-the-job learning opportunities,Managing my personal commitments,My job satisfaction
372,My work-life balance,My on-the-job learning opportunities,Managing my personal commitments,My mental wellbeing,My daily expenses,My job satisfaction,My mental wellbeing,My on-the-job learning opportunities,My job satisfaction,My on-the-job learning opportunities,Managing my personal commitments,My job satisfaction
373,My work-life balance,My on-the-job learning opportunities,Managing my personal commitments,My mental wellbeing,My daily expenses,My job satisfaction,My mental wellbeing,My on-the-job learning opportunities,My job satisfaction,My on-the-job learning opportunities,Managing my personal commitments,My job satisfaction
374,My work-life balance,My on-the-job learning opportunities,Managing my personal commitments,My mental wellbeing,My daily expenses,My job satisfaction,My mental wellbeing,My on-the-job learning opportunities,My job satisfaction,My on-the-job learning opportunities,Managing my personal commitments,My job satisfaction
375,My work-life balance,My on-the-job learning opportunities,Managing my personal commitments,My mental wellbeing,My daily expenses,My job satisfaction,My mental wellbeing,My on-the-job learning opportunities,My job satisfaction,My on-the-job learning opportunities,Managing my personal commitments,My job satisfaction
376,My work-life balance,My on-the-job learning opportunities,Managing my personal commitments,My mental wellbeing,My daily expenses,My job satisfaction,My mental wellbeing,My on-the-job learning opportunities,My job satisfaction,My on-the-job learning opportunities,Managing my personal commitments,My job satisfaction
377,My work-life balance,My on-the-job learning opportunities,Managing my personal commitments,My mental wellbeing,My daily expenses,My job satisfaction,My mental wellbeing,My on-the-job learning opportunities,My job satisfaction,My on-the-job learning opportunities,Managing my personal commitments,My job satisfaction
378,My work-life balance,My on-the-job learning opportunities,Managing my personal commitments,My mental wellbeing,My daily expenses,My job satisfaction,My mental wellbeing,My on-the-job learning opportunities,My job satisfaction,My on-the-job learning opportunities,Managing my personal commitments,My job satisfaction
379,My work-life balance,My on-the-job learning opportunities,Managing my personal commitments,My mental wellbeing,My daily expenses,My job satisfaction,My mental wellbeing,My on-the-job learning opportunities,My job satisfaction,My on-the-job learning opportunities,Managing my personal commitments,My job satisfaction
380,My work-life balance,My on-the-job learning opportunities,Managing my personal commitments,My mental wellbeing,My daily expenses,My job satisfaction,My mental wellbeing,My on-the-job learning opportunities,My job satisfaction,My on-the-job learning opportunities,Managing my personal commitments,My job satisfaction
381,My work-life balance,My on-the-job learning opportunities,Managing my personal commitments,My mental wellbeing,My daily expenses,My job satisfaction,My mental wellbeing,My on-the-job learning opportunities,My job satisfaction,My on-the-job learning opportunities,Managing my personal commitments,My job satisfaction
382,My work-life balance,My on-the-job learning opportunities,Managing my personal commitments,My mental wellbeing,My daily expenses,My job satisfaction,My mental wellbeing,My on-the-job learning opportunities,My job satisfaction,My on-the-job learning opportunities,Managing my personal commitments,My job satisfaction
383,My work-life balance,My on-the-job learning opportunities,Managing my personal commitments,My mental wellbeing,My daily expenses,My job satisfaction,My mental wellbeing,My on-the-job learning opportunities,My job satisfaction,My on-the-job learning opportunities,Managing my personal commitments,My job satisfaction
384,My work-life balance,My on-the-job learning opportunities,Managing my personal commitments,My mental wellbeing,My daily expenses,My job satisfaction,My mental wellbeing,My on-the-job learning opportunities,My job satisfaction,My on-the-job learning opportunities,Managing my personal commitments,My job satisfaction
385,My work-life balance,My on-the-job learning opportunities,Managing my personal commitments,My mental wellbeing,My daily expenses,My job satisfaction,My mental wellbeing,My on-the-job learning opportunities,My job satisfaction,My on-the-job learning opportunities,Managing my personal commitments,My job satisfaction
386,My work-life balance,My on-the-job learning opportunities,Managing my personal commitments,My mental wellbeing,My daily expenses,My job satisfaction,My mental wellbeing,My on-the-job learning opportunities,My job satisfaction,My on-the-job learning opportunities,Managing my personal commitments,My job satisfaction
387,My work-life balance,My on-the-job learning opportunities,Managing my personal commitments,My mental wellbeing,My daily expenses,My job satisfaction,My mental wellbeing,My on-the-job learning opportunities,My job satisfaction,My on-the-job learning opportunities,Managing my personal commitments,My job satisfaction
388,My work-life balance,My on-the-job learning opportunities,Managing my personal commitments,My mental wellbeing,My daily expenses,My job satisfaction,My mental wellbeing,My on-the-job learning opportunities,My job satisfaction,My on-the-job learning opportunities,Managing my personal commitments,My job satisfaction
389,My work-life balance,My on-the-job learning opportunities,Managing my personal commitments,My mental wellbeing,My daily expenses,My job satisfaction,My mental wellbeing,My on-the-job learning opportunities,My job satisfaction,My on-the-job learning opportunities,Managing my personal commitments,My job satisfaction
390,My work-life balance,My on-the-job learning opportunities,Managing my personal commitments,My mental wellbeing,My daily expenses,My job satisfaction,My mental wellbeing,My on-the-job learning opportunities,My job satisfaction,My on-the-job learning opportunities,Managing my personal commitments,My job satisfaction
391,My work-life balance,My on-the-job learning opportunities,Managing my personal commitments,My mental wellbeing,My daily expenses,My job satisfaction,My mental wellbeing,My on-the-job learning opportunities,My job satisfaction,My on-the-job learning opportunities,Managing my personal commitments,My job satisfaction
392,My work-life balance,My on-the-job learning opportunities,Managing my personal commitments,My mental wellbeing,My daily expenses,My job satisfaction,My mental wellbeing,My on-the-job learning opportunities,My job satisfaction,My on-the-job learning opportunities,Managing my personal commitments,My job satisfaction
393,My work-life balance,My on-the-job learning opportunities,Managing my personal commitments,My mental wellbeing,My daily expenses,My job satisfaction,My mental wellbeing,My on-the-job learning opportunities,My job satisfaction,My on-the-job learning opportunities,Managing my personal commitments,My job satisfaction
394,My work-life balance,My on-the-job learning opportunities,Managing my personal commitments,My mental wellbeing,My daily expenses,My job satisfaction,My mental wellbeing,My on-the-job learning opportunities,My job satisfaction,My on-the-job learning opportunities,Managing my personal commitments,My job satisfaction
395,My work-life balance,My on-the-job learning opportunities,Managing my personal commitments,My mental wellbeing,My daily expenses,My job satisfaction,My mental wellbeing,My on-the-job learning opportunities,My job satisfaction,My on-the-job learning opportunities,Managing my personal commitments,My job satisfaction
396,My work-life balance,My on-the-job learning opportunities,Managing my personal commitments,My mental wellbeing,My daily expenses,My job satisfaction,My mental wellbeing,My on-the-job learning opportunities,My job satisfaction,My on-the-job learning opportunities,Managing my personal commitments,My job satisfaction
397,My work-life balance,My on-the-job learning opportunities,Managing my personal commitments,My mental wellbeing,My daily expenses,My job satisfaction,My mental wellbeing,My on-the-job learning opportunities,My job satisfaction,My on-the-job learning opportunities,Managing my personal commitments,My job satisfaction
398,My work-life balance,My on-the-job learning opportunities,Managing my personal commitments,My mental wellbeing,My daily expenses,My job satisfaction,My mental wellbeing,My on-the-job learning opportunities,My job satisfaction,My on-the-job learning opportunities,Managing my personal commitments,My job satisfaction
399,My work-life balance,My on-the-job learning opportunities,Managing my personal commitments,My mental wellbeing,My daily expenses,My job satisfaction,My mental wellbeing,My on-the-job learning opportunities,My job satisfaction,My on-the-job learning opportunities,Managing my personal commitments,My job satisfaction
400,My work-life balance,My on-the-job learning opportunities,Managing my personal commitments,My mental wellbeing,My daily expenses,My job satisfaction,My mental wellbeing,My on-the-job learning opportunities,My job satisfaction,My on-the-job learning opportunities,Managing my personal commitments,My job satisfaction
401,My work-life balance,My on-the-job learning opportunities,Managing my personal commitments,My mental wellbeing,My daily expenses,My job satisfaction,My mental wellbeing,My on-the-job learning opportunities,My job satisfaction,My on-the-job learning opportunities,Managing my personal commitments,My job satisfaction
402,My work-life balance,My on-the-job learning opportunities,Managing my personal commitments,My mental wellbeing,My daily expenses,My job satisfaction,My mental wellbeing,My on-the-job learning opportunities,My job satisfaction,My on-the-job learning opportunities,Managing my personal commitments,My job satisfaction
403,My work-life balance,My on-the-job learning opportunities,Managing my personal commitments,My mental wellbeing,My daily expenses,My job satisfaction,My mental wellbeing,My on-the-job learning opportunities,My job satisfaction,My on-the-job learning opportunities,Managing my personal commitments,My job satisfaction
404,My work-life balance,My on-the-job learning opportunities,Managing my personal commitments,My mental wellbeing,My daily expenses,My job satisfaction,My mental wellbeing,My on-the-job learning opportunities,My job satisfaction,My on-the-job learning opportunities,Managing my personal commitments,My job satisfaction
405,My work-life balance,My on-the-job learning opportunities,Managing my personal commitments,My mental wellbeing,My daily expenses,My job satisfaction,My mental wellbeing,My on-the-job learning opportunities,My job satisfaction,My on-the-job learning opportunities,Managing my personal commitments,My job satisfaction
406,My work-life balance,My on-the-job learning opportunities,Managing my personal commitments,My mental wellbeing,My daily expenses,My job satisfaction,My mental wellbeing,My on-the-job learning opportunities,My job satisfaction,My on-the-job learning opportunities,Managing my personal commitments,My job satisfaction
407,My work-life balance,My on-the-job learning opportunities,Managing my personal commitments,My mental wellbeing,My daily expenses,My job satisfaction,My mental wellbeing,My on-the-job learning opportunities,My job satisfaction,My on-the-job learning opportunities,Managing my personal commitments,My job satisfaction
408,My work-life balance,My on-the-job learning opportunities,Managing my personal commitments,My mental wellbeing,My daily expenses,My job satisfaction,My mental wellbeing,My on-the-job learning opportunities,My job satisfaction,My on-the-job learning opportunities,Managing my personal commitments,My job satisfaction
409,My work-life balance,My on-the-job learning opportunities,Managing my personal commitments,My mental wellbeing,My daily expenses,My job satisfaction,My mental wellbeing,My on-the-job learning opportunities,My job satisfaction,My on-the-job learning opportunities,Managing my personal commitments,My job satisfaction
410,My work-life balance,My on-the-job learning opportunities,Managing my personal commitments,My mental wellbeing,My daily expenses,My job satisfaction,My mental wellbeing,My on-the-job learning opportunities,My job satisfaction,My on-the-job learning opportunities,Managing my personal commitments,My job satisfaction
411,My work-life balance,My on-the-job learning opportunities,Managing my personal commitments,My mental wellbeing,My daily expenses,My job satisfaction,My mental wellbeing,My on-the-job learning opportunities,My job satisfaction,My on-the-job learning opportunities,Managing my personal commitments,My job satisfaction
412,My work-life balance,My on-the-job learning opportunities,Managing my personal commitments,My mental wellbeing,My daily expenses,My job satisfaction,My mental wellbeing,My on-the-job learning opportunities,My job satisfaction,My on-the-job learning opportunities,Managing my personal commitments,My job satisfaction
413,My work-life balance,My on-the-job learning opportunities,Managing my personal commitments,My mental wellbeing,My daily expenses,My job satisfaction,My mental wellbeing,My on-the-job learning opportunities,My job satisfaction,My on-the-job learning opportunities,Managing my personal commitments,My job satisfaction
414,My work-life balance,My on-the-job learning opportunities,Managing my personal commitments,My mental wellbeing,My daily expenses,My job satisfaction,My mental wellbeing,My on-the-job learning opportunities,My job satisfaction,My on-the-job learning opportunities,Managing my personal commitments,My job satisfaction
415,My work-life balance,My on-the-job learning opportunities,Managing my personal commitments,My mental wellbeing,My daily expenses,My job satisfaction,My mental wellbeing,My on-the-job learning opportunities,My job satisfaction,My on-the-job learning opportunities,Managing my personal commitments,My job satisfaction
416,My work-life balance,My on-the-job learning opportunities,Managing my personal commitments,My mental wellbeing,My daily expenses,My job satisfaction,My mental wellbeing,My on-the-job learning opportunities,My job satisfaction,My on-the-job learning opportunities,Managing my personal commitments,My job satisfaction
417,My work-life balance,My on-the-job learning opportunities,Managing my personal commitments,My mental wellbeing,My daily expenses,My job satisfaction,My mental wellbeing,My on-the-job learning opportunities,My job satisfaction,My on-the-job learning opportunities,Managing my personal commitments,My job satisfaction
418,My work-life balance,My on-the-job learning opportunities,Managing my personal commitments,My mental wellbeing,My daily expenses,My job satisfaction,My mental wellbeing,My on-the-job learning opportunities,My job satisfaction,My on-the-job learning opportunities,Managing my personal commitments,My job satisfaction
419,My work-life balance,My on-the-job learning opportunities,Managing my personal commitments,My mental wellbeing,My daily expenses,My job satisfaction,My mental wellbeing,My on-the-job learning opportunities,My job satisfaction,My on-the-job learning opportunities,Managing my personal commitments,My job satisfaction
420,My work-life balance,My on-the-job learning opportunities,Managing my personal commitments,My mental wellbeing,My daily expenses,My job satisfaction,My mental wellbeing,My on-the-job learning opportunities,My job satisfaction,My on-the-job learning opportunities,Managing my personal commitments,My job satisfaction
421,My work-life balance,My working relationships,Managing my personal commitments,My mental wellbeing,My daily expenses,My job satisfaction,My mental wellbeing,My on-the-job learning opportunities,My job satisfaction,My on-the-job learning opportunities,Managing my personal commitments,My job satisfaction
422,My work-life balance,My working relationships,Managing my personal commitments,My mental wellbeing,My daily expenses,My job satisfaction,My mental wellbeing,My on-the-job learning opportunities,My job satisfaction,My on-the-job learning opportunities,Managing my personal commitments,My job satisfaction
423,My work-life balance,My working relationships,Managing my personal commitments,My mental wellbeing,My daily expenses,My job satisfaction,My mental wellbeing,My on-the-job learning opportunities,My job satisfaction,My on-the-job learning opportunities,Managing my personal commitments,My job satisfaction
424,My work-life balance,My working relationships,Managing my personal commitments,My mental wellbeing,My daily expenses,My job satisfaction,My mental wellbeing,My on-the-job learning opportunities,My job satisfaction,My on-the-job learning opportunities,Managing my personal commitments,My job satisfaction
425,My work-life balance,My working relationships,Managing my personal commitments,My mental wellbeing,My daily expenses,My job satisfaction,My mental wellbeing,My on-the-job learning opportunities,My job satisfaction,My on-the-job learning opportunities,Managing my personal commitments,My job satisfaction
426,My work-life balance,My working relationships,Managing my personal commitments,My mental wellbeing,My daily expenses,My job satisfaction,My mental wellbeing,My on-the-job learning opportunities,My job satisfaction,My on-the-job learning opportunities,Managing my personal commitments,My job satisfaction
427,My work-life balance,My working relationships,Managing my personal commitments,My mental wellbeing,My daily expenses,My job satisfaction,My mental wellbeing,My on-the-job learning opportunities,My job satisfaction,My on-the-job learning opportunities,Managing my personal commitments,My job satisfaction
428,My work-life balance,My working relationships,Managing my personal commitments,My mental wellbeing,My daily expenses,My job satisfaction,My mental wellbeing,My on-the-job learning opportunities,My job satisfaction,My on-the-job learning opportunities,Managing my personal commitments,My job satisfaction
429,My work-life balance,My working relationships,Managing my personal commitments,My mental wellbeing,My daily expenses,My job satisfaction,My mental wellbeing,My on-the-job learning opportunities,My job satisfaction,My on-the-job learning opportunities,Managing my personal commitments,My job satisfaction
430,My work-life balance,My working relationships,Managing my personal commitments,My mental wellbeing,My daily expenses,My job satisfaction,My mental wellbeing,My on-the-job learning opportunities,My job satisfaction,My on-the-job learning opportunities,Managing my personal commitments,My job satisfaction
431,My work-life balance,My working relationships,Managing my personal commitments,My mental wellbeing,My daily expenses,My job satisfaction,My mental wellbeing,My on-the-job learning opportunities,My job satisfaction,My on-the-job learning opportunities,Managing my personal commitments,My job satisfaction
432,My work-life balance,My working relationships,Managing my personal commitments,My mental wellbeing,My daily expenses,My job satisfaction,My mental wellbeing,My on-the-job learning opportunities,My job satisfaction,My on-the-job learning opportunities,Managing my personal commitments,My job satisfaction
433,My work-life balance,My working relationships,Managing my personal commitments,My mental wellbeing,My daily expenses,My job satisfaction,My mental wellbeing,My on-the-job learning opportunities,My job satisfaction,My on-the-job learning opportunities,Managing my personal commitments,My job satisfaction
434,My work-life balance,My working relationships,Managing my personal commitments,My mental wellbeing,My daily expenses,My job satisfaction,My mental wellbeing,My on-the-job learning opportunities,My job satisfaction,My on-the-job learning opportunities,Managing my personal commitments,My job satisfaction
435,My work-life balance,My working relationships,Managing my personal commitments,My mental wellbeing,My daily expenses,My job satisfaction,My mental wellbeing,My on-the-job learning opportunities,My job satisfaction,My on-the-job learning opportunities,Managing my personal commitments,My job satisfaction
436,My work-life balance,My working relationships,Managing my personal commitments,My mental wellbeing,My daily expenses,My job satisfaction,My mental wellbeing,My on-the-job learning opportunities,My job satisfaction,My on-the-job learning opportunities,Managing my personal commitments,My job satisfaction
437,My work-life balance,My working relationships,Managing my personal commitments,My mental wellbeing,My daily expenses,My job satisfaction,My mental wellbeing,My on-the-job learning opportunities,My job satisfaction,My on-the-job learning opportunities,Managing my personal commitments,My job satisfaction
438,My work-life balance,My working relationships,Managing my personal commitments,My mental wellbeing,My daily expenses,My job satisfaction,My mental wellbeing,My on-the-job learning opportunities,My job satisfaction,My on-the-job learning opportunities,Managing my personal commitments,My job satisfaction
439,My work-life balance,My working relationships,Managing my personal commitments,My mental wellbeing,My daily expenses,My job satisfaction,My mental wellbeing,My on-the-job learning opportunities,My job satisfaction,My on-the-job learning opportunities,Managing my personal commitments,My job satisfaction
440,My work-life balance,My working relationships,Managing my personal commitments,My mental wellbeing,My daily expenses,My job satisfaction,My mental wellbeing,My on-the-job learning opportunities,My job satisfaction,My on-the-job learning opportunities,Managing my personal commitments,My job satisfaction
441,My work-life balance,My working relationships,Managing my personal commitments,My mental wellbeing,My daily expenses,My job satisfaction,My mental wellbeing,My on-the-job learning opportunities,My job satisfaction,My on-the-job learning opportunities,Managing my personal commitments,My job satisfaction
442,My work-life balance,My working relationships,Managing my personal commitments,My mental wellbeing,My daily expenses,My job satisfaction,My mental wellbeing,My on-the-job learning opportunities,My job satisfaction,My on-the-job learning opportunities,Managing my personal commitments,My job satisfaction
443,My work-life balance,My working relationships,Managing my personal commitments,My mental wellbeing,My daily expenses,My job satisfaction,My mental wellbeing,My on-the-job learning opportunities,My job satisfaction,My on-the-job learning opportunities,Managing my personal commitments,My job satisfaction
444,My work-life balance,My working relationships,Managing my personal commitments,My mental wellbeing,My daily expenses,My job satisfaction,My mental wellbeing,My on-the-job learning opportunities,My job satisfaction,My on-the-job learning opportunities,Managing my personal commitments,My job satisfaction
445,My work-life balance,My working relationships,Managing my personal commitments,My mental wellbeing,My daily expenses,My job satisfaction,My mental wellbeing,My on-the-job learning opportunities,My job satisfaction,My on-the-job learning opportunities,Managing my personal commitments,My job satisfaction
446,My work-life balance,My working relationships,Managing my personal commitments,My mental wellbeing,My daily expenses,My job satisfaction,My mental wellbeing,My on-the-job learning opportunities,My job satisfaction,My on-the-job learning opportunities,Managing my personal commitments,My job satisfaction
447,My work-life balance,My working relationships,Managing my personal commitments,My mental wellbeing,My daily expenses,My job satisfaction,My mental wellbeing,My on-the-job learning opportunities,My job satisfaction,My on-the-job learning opportunities,Managing my personal commitments,My job satisfaction
448,My work-life balance,My working relationships,Managing my personal commitments,My mental wellbeing,My daily expenses,My job satisfaction,My mental wellbeing,My on-the-job learning opportunities,My job satisfaction,My on-the-job learning opportunities,Managing my personal commitments,My job satisfaction
449,My work-life balance,My working relationships,Managing my personal commitments,My mental wellbeing,My daily expenses,My job satisfaction,My mental wellbeing,My on-the-job learning opportunities,My job satisfaction,My on-the-job learning opportunities,Managing my personal commitments,My job satisfaction
450,My work-life balance,My working relationships,Managing my personal commitments,My mental wellbeing,My daily expenses,My job satisfaction,My mental wellbeing,My on-the-job learning opportunities,My job satisfaction,My on-the-job learning opportunities,Managing my personal commitments,My job satisfaction
451,My work-life balance,My working relationships,Managing my personal commitments,My mental wellbeing,My daily expenses,My job satisfaction,My mental wellbeing,My on-the-job learning opportunities,My job satisfaction,My on-the-job learning opportunities,Managing my personal commitments,My job satisfaction
452,My work-life balance,My working relationships,Managing my personal commitments,My mental wellbeing,My daily expenses,My job satisfaction,My mental wellbeing,My on-the-job learning opportunities,My job satisfaction,My on-the-job learning opportunities,Managing my personal commitments,My job satisfaction
453,My work-life balance,My working relationships,Managing my personal commitments,My mental wellbeing,My daily expenses,My job satisfaction,My mental wellbeing,My on-the-job learning opportunities,My job satisfaction,My on-the-job learning opportunities,Managing my personal commitments,My job satisfaction
454,My work-life balance,My working relationships,Managing my personal commitments,My mental wellbeing,My daily expenses,My job satisfaction,My mental wellbeing,My on-the-job learning opportunities,My job satisfaction,My on-the-job learning opportunities,Managing my personal commitments,My job satisfaction
455,My work-life balance,My working relationships,Managing my personal commitments,My mental wellbeing,My daily expenses,My job satisfaction,My mental wellbeing,My on-the-job learning opportunities,My job satisfaction,My on-the-job learning opportunities,My daily expenses,My job satisfaction
456,My work-life balance,My working relationships,Managing my personal commitments,My mental wellbeing,My daily expenses,My job satisfaction,My mental wellbeing,My on-the-job learning opportunities,My job satisfaction,My on-the-job learning opportunities,My daily expenses,My job satisfaction
457,My work-life balance,My working relationships,Managing my personal commitments,My mental wellbeing,My daily expenses,My job satisfaction,My mental wellbeing,My on-the-job learning opportunities,My job satisfaction,My on-the-job learning opportunities,My daily expenses,My job satisfaction
458,My work-life balance,My working relationships,Managing my personal commitments,My mental wellbeing,My daily expenses,My job satisfaction,My mental wellbeing,My on-the-job learning opportunities,My job satisfaction,My on-the-job learning opportunities,My daily expenses,My job satisfaction
459,My work-life balance,My working relationships,Managing my personal commitments,My mental wellbeing,My daily expenses,My job satisfaction,My mental wellbeing,My on-the-job learning opportunities,My job satisfaction,My on-the-job learning opportunities,My daily expenses,My job satisfaction
460,My work-life balance,My working relationships,Managing my personal commitments,My mental wellbeing,My daily expenses,My job satisfaction,My mental wellbeing,My on-the-job learning opportunities,My job satisfaction,My on-the-job learning opportunities,My daily expenses,My job satisfaction
461,My work-life balance,My working relationships,Managing my personal commitments,My mental wellbeing,My daily expenses,My job satisfaction,My mental wellbeing,My on-the-job learning opportunities,My job satisfaction,My on-the-job learning opportunities,My daily expenses,My job satisfaction
462,My work-life balance,My working relationships,Managing my personal commitments,My mental wellbeing,My daily expenses,My job satisfaction,My mental wellbeing,My on-the-job learning opportunities,My job satisfaction,My on-the-job learning opportunities,My daily expenses,My job satisfaction
463,My work-life balance,My working relationships,Managing my personal commitments,My mental wellbeing,My daily expenses,My job satisfaction,My mental wellbeing,My on-the-job learning opportunities,My job satisfaction,My on-the-job learning opportunities,My daily expenses,My job satisfaction
464,My work-life balance,My working relationships,Managing my personal commitments,My mental wellbeing,My daily expenses,My job satisfaction,My mental wellbeing,My on-the-job learning opportunities,My job satisfaction,My on-the-job learning opportunities,My daily expenses,My job satisfaction
465,My work-life balance,My working relationships,Managing my personal commitments,My mental wellbeing,My daily expenses,My job satisfaction,My mental wellbeing,My on-the-job learning opportunities,My job satisfaction,My on-the-job learning opportunities,My daily expenses,My job satisfaction
466,My work-life balance,My working relationships,Managing my personal commitments,My opportunities to socialise,My daily expenses,My job satisfaction,My mental wellbeing,My on-the-job learning opportunities,My job satisfaction,My on-the-job learning opportunities,My daily expenses,My job satisfaction
467,My work-life balance,My working relationships,Managing my personal commitments,My opportunities to socialise,My daily expenses,My job satisfaction,My mental wellbeing,My on-the-job learning opportunities,My job satisfaction,My on-the-job learning opportunities,My daily expenses,My mental wellbeing
468,My work-life balance,My working relationships,Managing my personal commitments,My opportunities to socialise,My daily expenses,My job satisfaction,My mental wellbeing,My on-the-job learning opportunities,My job satisfaction,My on-the-job learning opportunities,My daily expenses,My mental wellbeing
469,My work-life balance,My working relationships,Managing my personal commitments,My opportunities to socialise,My daily expenses,My job satisfaction,My mental wellbeing,My on-the-job learning opportunities,My job satisfaction,My on-the-job learning opportunities,My daily expenses,My mental wellbeing
470,My work-life balance,My working relationships,Managing my personal commitments,My opportunities to socialise,My daily expenses,My job satisfaction,My mental wellbeing,My on-the-job learning opportunities,My job satisfaction,My on-the-job learning opportunities,My daily expenses,My mental wellbeing
471,My work-life balance,My working relationships,Managing my personal commitments,My opportunities to socialise,My daily expenses,My job satisfaction,My mental wellbeing,My on-the-job learning opportunities,My job satisfaction,My on-the-job learning opportunities,My daily expenses,My mental wellbeing
472,My work-life balance,My working relationships,Managing my personal commitments,My opportunities to socialise,My daily expenses,My job satisfaction,My mental wellbeing,My on-the-job learning opportunities,My job satisfaction,My on-the-job learning opportunities,My daily expenses,My mental wellbeing
473,My work-life balance,My working relationships,Managing my personal commitments,My opportunities to socialise,My daily expenses,My job satisfaction,My mental wellbeing,My on-the-job learning opportunities,My job satisfaction,My on-the-job learning opportunities,My daily expenses,My mental wellbeing
474,My work-life balance,My working relationships,Managing my personal commitments,My opportunities to socialise,My daily expenses,My job satisfaction,My mental wellbeing,My on-the-job learning opportunities,My job satisfaction,My on-the-job learning opportunities,My daily expenses,My mental wellbeing
475,My work-life balance,My working relationships,Managing my personal commitments,My opportunities to socialise,My daily expenses,My job satisfaction,My mental wellbeing,My on-the-job learning opportunities,My job satisfaction,My on-the-job learning opportunities,My daily expenses,My mental wellbeing
476,My work-life balance,My working relationships,Managing my personal commitments,My opportunities to socialise,My daily expenses,My job satisfaction,My mental wellbeing,My on-the-job learning opportunities,My job satisfaction,My on-the-job learning opportunities,My daily expenses,My mental wellbeing
477,My work-life balance,My working relationships,Managing my personal commitments,My opportunities to socialise,My daily expenses,My job satisfaction,My on-the-job learning opportunities,My on-the-job learning opportunities,My job satisfaction,My on-the-job learning opportunities,My daily expenses,My mental wellbeing
478,My work-life balance,My working relationships,Managing my personal commitments,My opportunities to socialise,My daily expenses,My job satisfaction,My on-the-job learning opportunities,My on-the-job learning opportunities,My job satisfaction,My on-the-job learning opportunities,My daily expenses,My mental wellbeing
479,My work-life balance,My working relationships,Managing my personal commitments,My opportunities to socialise,My daily expenses,My job satisfaction,My on-the-job learning opportunities,My on-the-job learning opportunities,My job satisfaction,My on-the-job learning opportunities,My daily expenses,My mental wellbeing
480,My work-life balance,My working relationships,Managing my personal commitments,My opportunities to socialise,My daily expenses,My job satisfaction,My on-the-job learning opportunities,My on-the-job learning opportunities,My job satisfaction,My on-the-job learning opportunities,My daily expenses,My mental wellbeing
481,My work-life balance,My working relationships,Managing my personal commitments,My opportunities to socialise,My daily expenses,My job satisfaction,My on-the-job learning opportunities,My on-the-job learning opportunities,My job satisfaction,My on-the-job learning opportunities,My daily expenses,My mental wellbeing
482,My work-life balance,My working relationships,Managing my personal commitments,My opportunities to socialise,My daily expenses,My job satisfaction,My on-the-job learning opportunities,My on-the-job learning opportunities,My job satisfaction,My on-the-job learning opportunities,My daily expenses,My mental wellbeing
483,My work-life balance,My working relationships,Managing my personal commitments,My opportunities to socialise,My daily expenses,My job satisfaction,My on-the-job learning opportunities,My on-the-job learning opportunities,My job satisfaction,My on-the-job learning opportunities,My daily expenses,My mental wellbeing
484,My work-life balance,My working relationships,Managing my personal commitments,My opportunities to socialise,My daily expenses,My job satisfaction,My on-the-job learning opportunities,My on-the-job learning opportunities,My job satisfaction,My on-the-job learning opportunities,My daily expenses,My mental wellbeing
485,My work-life balance,My working relationships,Managing my personal commitments,My opportunities to socialise,My daily expenses,My job satisfaction,My on-the-job learning opportunities,My on-the-job learning opportunities,My job satisfaction,My on-the-job learning opportunities,My daily expenses,My mental wellbeing
486,My work-life balance,My working relationships,Managing my personal commitments,My opportunities to socialise,My daily expenses,My job satisfaction,My on-the-job learning opportunities,My on-the-job learning opportunities,My job satisfaction,My on-the-job learning opportunities,My daily expenses,My mental wellbeing
487,My work-life balance,My working relationships,Managing my personal commitments,My opportunities to socialise,My daily expenses,My job satisfaction,My on-the-job learning opportunities,My on-the-job learning opportunities,My job satisfaction,My on-the-job learning opportunities,My daily expenses,My mental wellbeing
488,My work-life balance,My working relationships,Managing my personal commitments,My opportunities to socialise,My daily expenses,My job satisfaction,My on-the-job learning opportunities,My on-the-job learning opportunities,My job satisfaction,My on-the-job learning opportunities,My daily expenses,My mental wellbeing
489,My work-life balance,My working relationships,Managing my personal commitments,My opportunities to socialise,My daily expenses,My job satisfaction,My on-the-job learning opportunities,My on-the-job learning opportunities,My job satisfaction,My on-the-job learning opportunities,My daily expenses,My mental wellbeing
490,My work-life balance,My working relationships,Managing my personal commitments,My opportunities to socialise,My daily expenses,My job satisfaction,My on-the-job learning opportunities,My on-the-job learning opportunities,My job satisfaction,My on-the-job learning opportunities,My daily expenses,My mental wellbeing
491,My work-life balance,My working relationships,Managing my personal commitments,My opportunities to socialise,My daily expenses,My job satisfaction,My on-the-job learning opportunities,My on-the-job learning opportunities,My job satisfaction,My on-the-job learning opportunities,My daily expenses,My mental wellbeing
492,My work-life balance,My working relationships,Managing my personal commitments,My opportunities to socialise,My daily expenses,My job satisfaction,My on-the-job learning opportunities,My on-the-job learning opportunities,My on-the-job learning opportunities,My on-the-job learning opportunities,My daily expenses,My mental wellbeing
493,My work-life balance,My working relationships,Managing my personal commitments,My opportunities to socialise,My daily expenses,My job satisfaction,My on-the-job learning opportunities,My on-the-job learning opportunities,My on-the-job learning opportunities,My on-the-job learning opportunities,My daily expenses,My mental wellbeing
494,My work-life balance,My working relationships,Managing my personal commitments,My opportunities to socialise,My daily expenses,My job satisfaction,My on-the-job learning opportunities,My on-the-job learning opportunities,My on-the-job learning opportunities,My on-the-job learning opportunities,My daily expenses,My mental wellbeing
495,My work-life balance,My working relationships,Managing my personal commitments,My opportunities to socialise,My daily expenses,My job satisfaction,My on-the-job learning opportunities,My on-the-job learning opportunities,My on-the-job learning opportunities,My on-the-job learning opportunities,My daily expenses,My mental wellbeing
496,My work-life balance,My working relationships,Managing my personal commitments,My opportunities to socialise,My daily expenses,My job satisfaction,My on-the-job learning opportunities,My on-the-job learning opportunities,My on-the-job learning opportunities,My on-the-job learning opportunities,My daily expenses,My mental wellbeing
497,My work-life balance,My working relationships,Managing my personal commitments,My opportunities to socialise,My daily expenses,My job satisfaction,My on-the-job learning opportunities,My on-the-job learning opportunities,My on-the-job learning opportunities,My on-the-job learning opportunities,My daily expenses,My mental wellbeing
498,My work-life balance,My working relationships,Managing my personal commitments,My opportunities to socialise,My daily expenses,My job satisfaction,My on-the-job learning opportunities,My on-the-job learning opportunities,My on-the-job learning opportunities,My on-the-job learning opportunities,My daily expenses,My mental wellbeing
499,My work-life balance,My working relationships,Managing my personal commitments,My opportunities to socialise,My daily expenses,My job satisfaction,My on-the-job learning opportunities,My on-the-job learning opportunities,My on-the-job learning opportunities,My on-the-job learning opportunities,My daily expenses,My mental wellbeing
500,My work-life balance,My working relationships,Managing my personal commitments,My opportunities to socialise,My daily expenses,My job satisfaction,My on-the-job learning opportunities,My on-the-job learning opportunities,My on-the-job learning opportunities,My on-the-job learning opportunities,My daily expenses,My mental wellbeing
501,My work-life balance,My working relationships,Managing my personal commitments,My opportunities to socialise,My daily expenses,My job satisfaction,My on-the-job learning opportunities,My on-the-job learning opportunities,My on-the-job learning opportunities,My on-the-job learning opportunities,My daily expenses,My mental wellbeing
502,My work-life balance,My working relationships,Managing my personal commitments,My opportunities to socialise,My daily expenses,My job satisfaction,My on-the-job learning opportunities,My on-the-job learning opportunities,My on-the-job learning opportunities,My on-the-job learning opportunities,My daily expenses,My mental wellbeing
503,My work-life balance,My working relationships,Managing my personal commitments,My opportunities to socialise,My daily expenses,My job satisfaction,My on-the-job learning opportunities,My on-the-job learning opportunities,My on-the-job learning opportunities,My on-the-job learning opportunities,My daily expenses,My mental wellbeing
504,My work-life balance,My working relationships,Managing my personal commitments,My opportunities to socialise,My daily expenses,My job satisfaction,My on-the-job learning opportunities,My on-the-job learning opportunities,My on-the-job learning opportunities,My on-the-job learning opportunities,My daily expenses,My mental wellbeing
505,My work-life balance,My working relationships,Managing my personal commitments,My opportunities to socialise,My daily expenses,My job satisfaction,My on-the-job learning opportunities,My on-the-job learning opportunities,My on-the-job learning opportunities,My on-the-job learning opportunities,My daily expenses,My mental wellbeing
506,My work-life balance,My working relationships,Managing my personal commitments,My opportunities to socialise,My daily expenses,My job satisfaction,My on-the-job learning opportunities,My on-the-job learning opportunities,My on-the-job learning opportunities,My on-the-job learning opportunities,My daily expenses,My mental wellbeing
507,My work-life balance,My working relationships,Managing my personal commitments,My opportunities to socialise,My daily expenses,My job satisfaction,My on-the-job learning opportunities,My on-the-job learning opportunities,My on-the-job learning opportunities,My on-the-job learning opportunities,My daily expenses,My mental wellbeing
508,My work-life balance,My working relationships,Managing my personal commitments,My opportunities to socialise,My daily expenses,My job satisfaction,My on-the-job learning opportunities,My on-the-job learning opportunities,My on-the-job learning opportunities,My on-the-job learning opportunities,My daily expenses,My mental wellbeing
509,My work-life balance,My working relationships,Managing my personal commitments,My opportunities to socialise,My daily expenses,My personal relationships,My on-the-job learning opportunities,My on-the-job learning opportunities,My on-the-job learning opportunities,My on-the-job learning opportunities,My daily expenses,My mental wellbeing
510,My work-life balance,My working relationships,Managing my personal commitments,My opportunities to socialise,My daily expenses,My personal relationships,My on-the-job learning opportunities,My on-the-job learning opportunities,My on-the-job learning opportunities,My on-the-job learning opportunities,My daily expenses,My mental wellbeing
511,My work-life balance,My working relationships,Managing my personal commitments,My opportunities to socialise,My daily expenses,My personal relationships,My on-the-job learning opportunities,My on-the-job learning opportunities,My on-the-job learning opportunities,My on-the-job learning opportunities,My daily expenses,My mental wellbeing
512,My work-life balance,My working relationships,Managing my personal commitments,My opportunities to socialise,My daily expenses,My personal relationships,My on-the-job learning opportunities,My on-the-job learning opportunities,My on-the-job learning opportunities,My on-the-job learning opportunities,My daily expenses,My mental wellbeing
513,My work-life balance,My working relationships,Managing my personal commitments,My opportunities to socialise,My daily expenses,My personal relationships,My on-the-job learning opportunities,My on-the-job learning opportunities,My on-the-job learning opportunities,My on-the-job learning opportunities,My daily expenses,My mental wellbeing
514,My work-life balance,My working relationships,Managing my personal commitments,My opportunities to socialise,My daily expenses,My personal relationships,My on-the-job learning opportunities,My on-the-job learning opportunities,My on-the-job learning opportunities,My on-the-job learning opportunities,My daily expenses,My mental wellbeing
515,My work-life balance,My working relationships,Managing my personal commitments,My opportunities to socialise,My daily expenses,My personal relationships,My on-the-job learning opportunities,My on-the-job learning opportunities,My on-the-job learning opportunities,My on-the-job learning opportunities,My daily expenses,My mental wellbeing
516,My work-life balance,My working relationships,Managing my personal commitments,My opportunities to socialise,My daily expenses,My personal relationships,My on-the-job learning opportunities,My on-the-job learning opportunities,My on-the-job learning opportunities,My on-the-job learning opportunities,My daily expenses,My mental wellbeing
517,My work-life balance,My working relationships,Managing my personal commitments,My opportunities to socialise,My daily expenses,My personal relationships,My on-the-job learning opportunities,My on-the-job learning opportunities,My on-the-job learning opportunities,My on-the-job learning opportunities,My daily expenses,My mental wellbeing
518,My work-life balance,My working relationships,Managing my personal commitments,My opportunities to socialise,My daily expenses,My personal relationships,My on-the-job learning opportunities,My on-the-job learning opportunities,My on-the-job learning opportunities,My on-the-job learning opportunities,My daily expenses,My mental wellbeing
519,My work-life balance,My working relationships,Managing my personal commitments,My opportunities to socialise,My daily expenses,My personal relationships,My on-the-job learning opportunities,My on-the-job learning opportunities,My on-the-job learning opportunities,My on-the-job learning opportunities,My daily expenses,My mental wellbeing
520,My work-life balance,My working relationships,Managing my personal commitments,My opportunities to socialise,My daily expenses,My personal relationships,My on-the-job learning opportunities,My on-the-job learning opportunities,My on-the-job learning opportunities,My on-the-job learning opportunities,My daily expenses,My mental wellbeing
521,My work-life balance,My working relationships,Managing my personal commitments,My opportunities to socialise,My daily expenses,My personal relationships,My on-the-job learning opportunities,My on-the-job learning opportunities,My on-the-job learning opportunities,My on-the-job learning opportunities,My daily expenses,My mental wellbeing
522,My work-life balance,My working relationships,Managing my personal commitments,My opportunities to socialise,My daily expenses,My personal relationships,My on-the-job learning opportunities,My on-the-job learning opportunities,My on-the-job learning opportunities,My on-the-job learning opportunities,My daily expenses,My mental wellbeing
523,My work-life balance,My working relationships,Managing my personal commitments,My opportunities to socialise,My daily expenses,My personal relationships,My on-the-job learning opportunities,My on-the-job learning opportunities,My on-the-job learning opportunities,My on-the-job learning opportunities,My daily expenses,My mental wellbeing
524,My work-life balance,My working relationships,Managing my personal commitments,My opportunities to socialise,My daily expenses,My personal relationships,My on-the-job learning opportunities,My on-the-job learning opportunities,My on-the-job learning opportunities,My on-the-job learning opportunities,My daily expenses,My mental wellbeing
525,My work-life balance,My working relationships,Managing my personal commitments,My opportunities to socialise,My daily expenses,My personal relationships,My on-the-job learning opportunities,My on-the-job learning opportunities,My on-the-job learning opportunities,My on-the-job learning opportunities,My daily expenses,My mental wellbeing
526,My work-life balance,My working relationships,Managing my personal commitments,My opportunities to socialise,My daily expenses,My personal relationships,My on-the-job learning opportunities,My on-the-job learning opportunities,My on-the-job learning opportunities,My on-the-job learning opportunities,My daily expenses,My mental wellbeing
527,My work-life balance,My working relationships,Managing my personal commitments,My opportunities to socialise,My daily expenses,My personal relationships,My on-the-job learning opportunities,My on-the-job learning opportunities,My on-the-job learning opportunities,My on-the-job learning opportunities,My daily expenses,My mental wellbeing
528,My work-life balance,My working relationships,Managing my personal commitments,My opportunities to socialise,My daily expenses,My personal relationships,My on-the-job learning opportunities,My on-the-job learning opportunities,My on-the-job learning opportunities,My on-the-job learning opportunities,My daily expenses,My mental wellbeing
529,My work-life balance,My working relationships,Managing my personal commitments,My opportunities to socialise,My daily expenses,My personal relationships,My on-the-job learning opportunities,My on-the-job learning opportunities,My on-the-job learning opportunities,My on-the-job learning opportunities,My daily expenses,My mental wellbeing
530,My work-life balance,My working relationships,Managing my personal commitments,My opportunities to socialise,My daily expenses,My personal relationships,My on-the-job learning opportunities,My on-the-job learning opportunities,My on-the-job learning opportunities,My on-the-job learning opportunities,My daily expenses,My mental wellbeing
531,My work-life balance,My working relationships,Managing my personal commitments,My opportunities to socialise,My daily expenses,My personal relationships,My on-the-job learning opportunities,My on-the-job learning opportunities,My on-the-job learning opportunities,My on-the-job learning opportunities,My daily expenses,My mental wellbeing
532,My work-life balance,My working relationships,Managing my personal commitments,My opportunities to socialise,My daily expenses,My personal relationships,My on-the-job learning opportunities,My on-the-job learning opportunities,My on-the-job learning opportunities,My on-the-job learning opportunities,My daily expenses,My mental wellbeing
533,My work-life balance,My working relationships,Managing my personal commitments,My opportunities to socialise,My daily expenses,My personal relationships,My on-the-job learning opportunities,My on-the-job learning opportunities,My on-the-job learning opportunities,My on-the-job learning opportunities,My daily expenses,My mental wellbeing
534,My work-life balance,My working relationships,Managing my personal commitments,My opportunities to socialise,My daily expenses,My personal relationships,My on-the-job learning opportunities,My on-the-job learning opportunities,My on-the-job learning opportunities,My on-the-job learning opportunities,My daily expenses,My mental wellbeing
535,My work-life balance,My working relationships,Managing my personal commitments,My opportunities to socialise,My daily expenses,My personal relationships,My on-the-job learning opportunities,My on-the-job learning opportunities,My on-the-job learning opportunities,My on-the-job learning opportunities,My daily expenses,My mental wellbeing
536,My work-life balance,My working relationships,Managing my personal commitments,My opportunities to socialise,My daily expenses,My personal relationships,My on-the-job learning opportunities,My on-the-job learning opportunities,My on-the-job learning opportunities,My on-the-job learning opportunities,My daily expenses,My mental wellbeing
537,My work-life balance,My working relationships,Managing my personal commitments,My opportunities to socialise,My daily expenses,My personal relationships,My on-the-job learning opportunities,My on-the-job learning opportunities,My on-the-job learning opportunities,My on-the-job learning opportunities,My daily expenses,My mental wellbeing
538,My work-life balance,My working relationships,Managing my personal commitments,My opportunities to socialise,My daily expenses,My personal relationships,My on-the-job learning opportunities,My on-the-job learning opportunities,My on-the-job learning opportunities,My on-the-job learning opportunities,My daily expenses,My mental wellbeing
539,My work-life balance,My working relationships,Managing my personal commitments,My opportunities to socialise,My daily expenses,My personal relationships,My on-the-job learning opportunities,My on-the-job learning opportunities,My on-the-job learning opportunities,My on-the-job learning opportunities,My daily expenses,My mental wellbeing
540,My work-life balance,My working relationships,Managing my personal commitments,My opportunities to socialise,My daily expenses,My personal relationships,My on-the-job learning opportunities,My on-the-job learning opportunities,My on-the-job learning opportunities,My on-the-job learning opportunities,My daily expenses,My mental wellbeing
541,My work-life balance,My working relationships,Managing my personal commitments,My opportunities to socialise,My daily expenses,My personal relationships,My on-the-job learning opportunities,My on-the-job learning opportunities,My on-the-job learning opportunities,My on-the-job learning opportunities,My daily expenses,My mental wellbeing
542,My work-life balance,My working relationships,Managing my personal commitments,My opportunities to socialise,My daily expenses,My personal relationships,My on-the-job learning opportunities,My on-the-job learning opportunities,My on-the-job learning opportunities,My on-the-job learning opportunities,My daily expenses,My mental wellbeing
543,My work-life balance,My working relationships,Managing my personal commitments,My opportunities to socialise,My daily expenses,My personal relationships,My on-the-job learning opportunities,My on-the-job learning opportunities,My on-the-job learning opportunities,My on-the-job learning opportunities,My daily expenses,My mental wellbeing
544,My work-life balance,My working relationships,Managing my personal commitments,My opportunities to socialise,My daily expenses,My personal relationships,My on-the-job learning opportunities,My on-the-job learning opportunities,My on-the-job learning opportunities,My on-the-job learning opportunities,My daily expenses,My mental wellbeing
545,My work-life balance,My working relationships,Managing my personal commitments,My opportunities to socialise,My daily expenses,My personal relationships,My on-the-job learning opportunities,My on-the-job learning opportunities,My on-the-job learning opportunities,My on-the-job learning opportunities,My daily expenses,My mental wellbeing
546,My work-life balance,My working relationships,Managing my personal commitments,My opportunities to socialise,My daily expenses,My personal relationships,My on-the-job learning opportunities,My on-the-job learning opportunities,My on-the-job learning opportunities,My on-the-job learning opportunities,My daily expenses,My mental wellbeing
547,My work-life balance,My working relationships,Managing my personal commitments,My opportunities to socialise,My daily expenses,My personal relationships,My on-the-job learning opportunities,My on-the-job learning opportunities,My on-the-job learning opportunities,My on-the-job learning opportunities,My daily expenses,My mental wellbeing
548,My work-life balance,My working relationships,Managing my personal commitments,My opportunities to socialise,My daily expenses,My personal relationships,My on-the-job learning opportunities,My on-the-job learning opportunities,My on-the-job learning opportunities,My on-the-job learning opportunities,My daily expenses,My mental wellbeing
549,My work-life balance,My working relationships,Managing my personal commitments,My opportunities to socialise,My daily expenses,My personal relationships,My on-the-job learning opportunities,My on-the-job learning opportunities,My on-the-job learning opportunities,My on-the-job learning opportunities,My daily expenses,My mental wellbeing
550,My work-life balance,My working relationships,Managing my personal commitments,My opportunities to socialise,My daily expenses,My personal relationships,My on-the-job learning opportunities,My on-the-job learning opportunities,My on-the-job learning opportunities,My on-the-job learning opportunities,My daily expenses,My mental wellbeing
551,My work-life balance,My working relationships,Managing my personal commitments,My opportunities to socialise,My daily expenses,My personal relationships,My on-the-job learning opportunities,My on-the-job learning opportunities,My on-the-job learning opportunities,My on-the-job learning opportunities,My daily expenses,My mental wellbeing
552,My work-life balance,My working relationships,Managing my personal commitments,My opportunities to socialise,My daily expenses,My personal relationships,My on-the-job learning opportunities,My on-the-job learning opportunities,My on-the-job learning opportunities,My on-the-job learning opportunities,My daily expenses,My mental wellbeing
553,My work-life balance,My working relationships,Managing my personal commitments,My opportunities to socialise,My daily expenses,My personal relationships,My on-the-job learning opportunities,My on-the-job learning opportunities,My on-the-job learning opportunities,My on-the-job learning opportunities,My daily expenses,My mental wellbeing
554,My work-life balance,My working relationships,Managing my personal commitments,My opportunities to socialise,My daily expenses,My personal relationships,My on-the-job learning opportunities,My on-the-job learning opportunities,My on-the-job learning opportunities,My on-the-job learning opportunities,My daily expenses,My mental wellbeing
555,My work-life balance,My working relationships,Managing my personal commitments,My opportunities to socialise,My daily expenses,My personal relationships,My on-the-job learning opportunities,My on-the-job learning opportunities,My on-the-job learning opportunities,My on-the-job learning opportunities,My daily expenses,My mental wellbeing
556,My work-life balance,My working relationships,Managing my personal commitments,My opportunities to socialise,My daily expenses,My personal relationships,My on-the-job learning opportunities,My on-the-job learning opportunities,My on-the-job learning opportunities,My on-the-job learning opportunities,My daily expenses,My mental wellbeing
557,My work-life balance,My working relationships,Managing my personal commitments,My opportunities to socialise,My daily expenses,My personal relationships,My on-the-job learning opportunities,My on-the-job learning opportunities,My on-the-job learning opportunities,My on-the-job learning opportunities,My daily expenses,My mental wellbeing
558,My work-life balance,My working relationships,Managing my personal commitments,My opportunities to socialise,My daily expenses,My personal relationships,My on-the-job learning opportunities,My on-the-job learning opportunities,My on-the-job learning opportunities,My on-the-job learning opportunities,My daily expenses,My mental wellbeing
559,My work-life balance,My working relationships,Managing my personal commitments,My opportunities to socialise,My daily expenses,My personal relationships,My on-the-job learning opportunities,My on-the-job learning opportunities,My on-the-job learning opportunities,My on-the-job learning opportunities,My daily expenses,My mental wellbeing
560,My work-life balance,My working relationships,Managing my personal commitments,My opportunities to socialise,My daily expenses,My personal relationships,My on-the-job learning opportunities,My on-the-job learning opportunities,My on-the-job learning opportunities,My on-the-job learning opportunities,My daily expenses,My mental wellbeing
561,My work-life balance,My working relationships,Managing my personal commitments,My opportunities to socialise,My daily expenses,My personal relationships,My on-the-job learning opportunities,My on-the-job learning opportunities,My on-the-job learning opportunities,My on-the-job learning opportunities,My daily expenses,My mental wellbeing
562,My work-life balance,My working relationships,Managing my personal commitments,My opportunities to socialise,My daily expenses,My personal relationships,My on-the-job learning opportunities,My on-the-job learning opportunities,My on-the-job learning opportunities,My on-the-job learning opportunities,My daily expenses,My mental wellbeing
563,My work-life balance,My working relationships,Managing my personal commitments,My opportunities to socialise,My daily expenses,My personal relationships,My on-the-job learning opportunities,My on-the-job learning opportunities,My on-the-job learning opportunities,My on-the-job learning opportunities,My daily expenses,My mental wellbeing
564,My work-life balance,My working relationships,Managing my personal commitments,My opportunities to socialise,My daily expenses,My personal relationships,My on-the-job learning opportunities,My on-the-job learning opportunities,My on-the-job learning opportunities,My on-the-job learning opportunities,My daily expenses,My mental wellbeing
565,My work-life balance,My working relationships,Managing my personal commitments,My opportunities to socialise,My daily expenses,My personal relationships,My on-the-job learning opportunities,My on-the-job learning opportunities,My on-the-job learning opportunities,My on-the-job learning opportunities,My daily expenses,My mental wellbeing
566,My work-life balance,My working relationships,Managing my personal commitments,My opportunities to socialise,My daily expenses,My personal relationships,My on-the-job learning opportunities,My on-the-job learning opportunities,My on-the-job learning opportunities,My on-the-job learning opportunities,My daily expenses,My mental wellbeing
567,My work-life balance,My working relationships,Managing my personal commitments,My opportunities to socialise,My daily expenses,My personal relationships,My on-the-job learning opportunities,My on-the-job learning opportunities,My personal relationships,My on-the-job learning opportunities,My daily expenses,My mental wellbeing
568,My work-life balance,My working relationships,Managing my personal commitments,My opportunities to socialise,My job satisfaction,My personal relationships,My on-the-job learning opportunities,My on-the-job learning opportunities,My personal relationships,My on-the-job learning opportunities,My daily expenses,My mental wellbeing
569,My work-life balance,My working relationships,My mental wellbeing,My opportunities to socialise,My job satisfaction,My personal relationships,My on-the-job learning opportunities,My on-the-job learning opportunities,My personal relationships,My on-the-job learning opportunities,My daily expenses,My mental wellbeing
570,My work-life balance,My working relationships,My mental wellbeing,My opportunities to socialise,My job satisfaction,My personal relationships,My on-the-job learning opportunities,My on-the-job learning opportunities,My personal relationships,My on-the-job learning opportunities,My daily expenses,My mental wellbeing
571,My work-life balance,My working relationships,My mental wellbeing,My opportunities to socialise,My job satisfaction,My personal relationships,My on-the-job learning opportunities,My on-the-job learning opportunities,My personal relationships,My on-the-job learning opportunities,My daily expenses,My mental wellbeing
572,My work-life balance,My working relationships,My mental wellbeing,My opportunities to socialise,My job satisfaction,My personal relationships,My on-the-job learning opportunities,My on-the-job learning opportunities,My personal relationships,My on-the-job learning opportunities,My daily expenses,My mental wellbeing
573,My work-life balance,My working relationships,My mental wellbeing,My opportunities to socialise,My job satisfaction,My personal relationships,My on-the-job learning opportunities,My on-the-job learning opportunities,My personal relationships,My on-the-job learning opportunities,My daily expenses,My mental wellbeing
574,My work-life balance,My working relationships,My mental wellbeing,My opportunities to socialise,My job satisfaction,My personal relationships,My on-the-job learning opportunities,My on-the-job learning opportunities,My personal relationships,My on-the-job learning opportunities,My daily expenses,My mental wellbeing
575,My work-life balance,My working relationships,My mental wellbeing,My opportunities to socialise,My job satisfaction,My personal relationships,My on-the-job learning opportunities,My on-the-job learning opportunities,My personal relationships,My on-the-job learning opportunities,My daily expenses,My mental wellbeing
576,My work-life balance,My working relationships,My mental wellbeing,My opportunities to socialise,My job satisfaction,My personal relationships,My on-the-job learning opportunities,My on-the-job learning opportunities,My personal relationships,My on-the-job learning opportunities,My daily expenses,My mental wellbeing
577,My work-life balance,My working relationships,My mental wellbeing,My opportunities to socialise,My job satisfaction,My personal relationships,My on-the-job learning opportunities,My on-the-job learning opportunities,My personal relationships,My on-the-job learning opportunities,My daily expenses,My mental wellbeing
578,My work-life balance,My working relationships,My mental wellbeing,My opportunities to socialise,My job satisfaction,My personal relationships,My on-the-job learning opportunities,My on-the-job learning opportunities,My personal relationships,My on-the-job learning opportunities,My daily expenses,My mental wellbeing
579,My work-life balance,My working relationships,My mental wellbeing,My opportunities to socialise,My job satisfaction,My personal relationships,My on-the-job learning opportunities,My on-the-job learning opportunities,My personal relationships,My on-the-job learning opportunities,My daily expenses,My mental wellbeing
580,My work-life balance,My working relationships,My mental wellbeing,My opportunities to socialise,My job satisfaction,My personal relationships,My on-the-job learning opportunities,My on-the-job learning opportunities,My personal relationships,My on-the-job learning opportunities,My daily expenses,My mental wellbeing
581,My work-life balance,My working relationships,My mental wellbeing,My opportunities to socialise,My job satisfaction,My personal relationships,My on-the-job learning opportunities,My on-the-job learning opportunities,My personal relationships,My on-the-job learning opportunities,My daily expenses,My mental wellbeing
582,My work-life balance,My working relationships,My mental wellbeing,My opportunities to socialise,My job satisfaction,My personal relationships,My on-the-job learning opportunities,My on-the-job learning opportunities,My personal relationships,My on-the-job learning opportunities,My daily expenses,My mental wellbeing
583,My work-life balance,My working relationships,My mental wellbeing,My opportunities to socialise,My job satisfaction,My personal relationships,My on-the-job learning opportunities,My on-the-job learning opportunities,My personal relationships,My on-the-job learning opportunities,My daily expenses,My mental wellbeing
584,My work-life balance,My working relationships,My mental wellbeing,My opportunities to socialise,My job satisfaction,My personal relationships,My on-the-job learning opportunities,My on-the-job learning opportunities,My personal relationships,My on-the-job learning opportunities,My daily expenses,My mental wellbeing
585,My work-life balance,My working relationships,My mental wellbeing,My opportunities to socialise,My job satisfaction,My personal relationships,My on-the-job learning opportunities,My on-the-job learning opportunities,My personal relationships,My on-the-job learning opportunities,My daily expenses,My mental wellbeing
586,My work-life balance,My working relationships,My mental wellbeing,My opportunities to socialise,My job satisfaction,My personal relationships,My opportunities to socialise,My on-the-job learning opportunities,My personal relationships,My on-the-job learning opportunities,My daily expenses,My mental wellbeing
587,My work-life balance,My working relationships,My mental wellbeing,My opportunities to socialise,My job satisfaction,My personal relationships,My opportunities to socialise,My on-the-job learning opportunities,My personal relationships,My on-the-job learning opportunities,My daily expenses,My mental wellbeing
588,My work-life balance,My working relationships,My mental wellbeing,My opportunities to socialise,My job satisfaction,My personal relationships,My opportunities to socialise,My on-the-job learning opportunities,My personal relationships,My on-the-job learning opportunities,My daily expenses,My mental wellbeing
589,My work-life balance,My working relationships,My mental wellbeing,My opportunities to socialise,My job satisfaction,My personal relationships,My opportunities to socialise,My on-the-job learning opportunities,My personal relationships,My on-the-job learning opportunities,My daily expenses,My mental wellbeing
590,My work-life balance,My working relationships,My mental wellbeing,My opportunities to socialise,My job satisfaction,My personal relationships,My opportunities to socialise,My on-the-job learning opportunities,My personal relationships,My on-the-job learning opportunities,My daily expenses,My mental wellbeing
591,My work-life balance,My working relationships,My mental wellbeing,My opportunities to socialise,My job satisfaction,My personal relationships,My opportunities to socialise,My on-the-job learning opportunities,My personal relationships,My on-the-job learning opportunities,My daily expenses,My mental wellbeing
592,My work-life balance,My working relationships,My mental wellbeing,My opportunities to socialise,My job satisfaction,My personal relationships,My opportunities to socialise,My on-the-job learning opportunities,My personal relationships,My on-the-job learning opportunities,My daily expenses,My mental wellbeing
593,My work-life balance,My working relationships,My mental wellbeing,My opportunities to socialise,My job satisfaction,My personal relationships,My opportunities to socialise,My on-the-job learning opportunities,My personal relationships,My on-the-job learning opportunities,My daily expenses,My mental wellbeing
594,My work-life balance,My working relationships,My mental wellbeing,My opportunities to socialise,My job satisfaction,My personal relationships,My opportunities to socialise,My on-the-job learning opportunities,My personal relationships,My on-the-job learning opportunities,My daily expenses,My mental wellbeing
595,My work-life balance,My working relationships,My mental wellbeing,My opportunities to socialise,My job satisfaction,My personal relationships,My opportunities to socialise,My on-the-job learning opportunities,My personal relationships,My on-the-job learning opportunities,My daily expenses,My mental wellbeing
596,My work-life balance,My working relationships,My mental wellbeing,My opportunities to socialise,My job satisfaction,My personal relationships,My opportunities to socialise,My on-the-job learning opportunities,My personal relationships,My on-the-job learning opportunities,My daily expenses,My mental wellbeing
597,My work-life balance,My working relationships,My mental wellbeing,My opportunities to socialise,My job satisfaction,My personal relationships,My opportunities to socialise,My on-the-job learning opportunities,My personal relationships,My on-the-job learning opportunities,My daily expenses,My mental wellbeing
598,My work-life balance,My working relationships,My mental wellbeing,My opportunities to socialise,My job satisfaction,My personal relationships,My opportunities to socialise,My on-the-job learning opportunities,My personal relationships,My on-the-job learning opportunities,My daily expenses,My mental wellbeing
599,My work-life balance,My working relationships,My mental wellbeing,My opportunities to socialise,My job satisfaction,My personal relationships,My opportunities to socialise,My on-the-job learning opportunities,My personal relationships,My on-the-job learning opportunities,My daily expenses,My mental wellbeing
600,My work-life balance,My working relationships,My mental wellbeing,My opportunities to socialise,My job satisfaction,My personal relationships,My opportunities to socialise,My on-the-job learning opportunities,My personal relationships,My on-the-job learning opportunities,My daily expenses,My mental wellbeing
601,My work-life balance,My working relationships,My mental wellbeing,My opportunities to socialise,My job satisfaction,My personal relationships,My opportunities to socialise,My on-the-job learning opportunities,My personal relationships,My on-the-job learning opportunities,My daily expenses,My mental wellbeing
602,My work-life balance,My working relationships,My mental wellbeing,My opportunities to socialise,My job satisfaction,My personal relationships,My opportunities to socialise,My on-the-job learning opportunities,My personal relationships,My on-the-job learning opportunities,My daily expenses,My mental wellbeing
603,My work-life balance,My working relationships,My mental wellbeing,My opportunities to socialise,My job satisfaction,My personal relationships,My opportunities to socialise,My on-the-job learning opportunities,My personal relationships,My on-the-job learning opportunities,My daily expenses,My mental wellbeing
604,My work-life balance,My working relationships,My mental wellbeing,My opportunities to socialise,My job satisfaction,My personal relationships,My opportunities to socialise,My on-the-job learning opportunities,My personal relationships,My on-the-job learning opportunities,My daily expenses,My mental wellbeing
605,My work-life balance,My working relationships,My mental wellbeing,My opportunities to socialise,My job satisfaction,My personal relationships,My opportunities to socialise,My on-the-job learning opportunities,My personal relationships,My on-the-job learning opportunities,My daily expenses,My mental wellbeing
606,My work-life balance,My working relationships,My mental wellbeing,My opportunities to socialise,My job satisfaction,My personal relationships,My opportunities to socialise,My on-the-job learning opportunities,My personal relationships,My on-the-job learning opportunities,My daily expenses,My mental wellbeing
607,My work-life balance,My working relationships,My mental wellbeing,My opportunities to socialise,My job satisfaction,My personal relationships,My opportunities to socialise,My on-the-job learning opportunities,My personal relationships,My on-the-job learning opportunities,My daily expenses,My mental wellbeing
608,My work-life balance,My working relationships,My mental wellbeing,My opportunities to socialise,My job satisfaction,My personal relationships,My opportunities to socialise,My on-the-job learning opportunities,My personal relationships,My on-the-job learning opportunities,My daily expenses,My mental wellbeing
609,My work-life balance,My working relationships,My mental wellbeing,My opportunities to socialise,My job satisfaction,My personal relationships,My opportunities to socialise,My on-the-job learning opportunities,My personal relationships,My on-the-job learning opportunities,My daily expenses,My mental wellbeing
610,My work-life balance,My working relationships,My mental wellbeing,My opportunities to socialise,My job satisfaction,My personal relationships,My opportunities to socialise,My on-the-job learning opportunities,My personal relationships,My on-the-job learning opportunities,My daily expenses,My mental wellbeing
611,My work-life balance,My working relationships,My mental wellbeing,My opportunities to socialise,My job satisfaction,My personal relationships,My opportunities to socialise,My on-the-job learning opportunities,My personal relationships,My on-the-job learning opportunities,My daily expenses,My mental wellbeing
612,My work-life balance,My working relationships,My mental wellbeing,My opportunities to socialise,My job satisfaction,My personal relationships,My opportunities to socialise,My on-the-job learning opportunities,My personal relationships,My on-the-job learning opportunities,My daily expenses,My mental wellbeing
613,My work-life balance,My working relationships,My mental wellbeing,My opportunities to socialise,My job satisfaction,My personal relationships,My opportunities to socialise,My on-the-job learning opportunities,My personal relationships,My on-the-job learning opportunities,My daily expenses,My mental wellbeing
614,My work-life balance,My working relationships,My mental wellbeing,My opportunities to socialise,My job satisfaction,My personal relationships,My opportunities to socialise,My on-the-job learning opportunities,My personal relationships,My on-the-job learning opportunities,My daily expenses,My mental wellbeing
615,My work-life balance,My working relationships,My mental wellbeing,My opportunities to socialise,My job satisfaction,My personal relationships,My opportunities to socialise,My on-the-job learning opportunities,My personal relationships,My on-the-job learning opportunities,My daily expenses,My mental wellbeing
616,My work-life balance,My working relationships,My mental wellbeing,My opportunities to socialise,My job satisfaction,My personal relationships,My opportunities to socialise,My on-the-job learning opportunities,My personal relationships,My on-the-job learning opportunities,My daily expenses,My mental wellbeing
617,My work-life balance,My working relationships,My mental wellbeing,My opportunities to socialise,My job satisfaction,My personal relationships,My opportunities to socialise,My on-the-job learning opportunities,My personal relationships,My on-the-job learning opportunities,My daily expenses,My mental wellbeing
618,My work-life balance,My working relationships,My mental wellbeing,My opportunities to socialise,My job satisfaction,My personal relationships,My opportunities to socialise,My on-the-job learning opportunities,My personal relationships,My on-the-job learning opportunities,My daily expenses,My mental wellbeing
619,My work-life balance,My working relationships,My mental wellbeing,My opportunities to socialise,My job satisfaction,My personal relationships,My opportunities to socialise,My on-the-job learning opportunities,My personal relationships,My on-the-job learning opportunities,My daily expenses,My mental wellbeing
620,My work-life balance,My working relationships,My mental wellbeing,My opportunities to socialise,My job satisfaction,My personal relationships,My opportunities to socialise,My on-the-job learning opportunities,My personal relationships,My on-the-job learning opportunities,My daily expenses,My mental wellbeing
621,My work-life balance,My working relationships,My mental wellbeing,My opportunities to socialise,My job satisfaction,My personal relationships,My opportunities to socialise,My on-the-job learning opportunities,My personal relationships,My on-the-job learning opportunities,My daily expenses,My mental wellbeing
622,My work-life balance,My working relationships,My mental wellbeing,My opportunities to socialise,My job satisfaction,My personal relationships,My opportunities to socialise,My on-the-job learning opportunities,My personal relationships,My on-the-job learning opportunities,My daily expenses,My mental wellbeing
623,My work-life balance,My working relationships,My mental wellbeing,My opportunities to socialise,My job satisfaction,My personal relationships,My opportunities to socialise,My opportunities to socialise,My personal relationships,My on-the-job learning opportunities,My daily expenses,My mental wellbeing
624,My work-life balance,My working relationships,My mental wellbeing,My opportunities to socialise,My job satisfaction,My personal relationships,My opportunities to socialise,My opportunities to socialise,My personal relationships,My on-the-job learning opportunities,My daily expenses,My mental wellbeing
625,My work-life balance,My working relationships,My mental wellbeing,My opportunities to socialise,My job satisfaction,My personal relationships,My opportunities to socialise,My opportunities to socialise,My personal relationships,My on-the-job learning opportunities,My daily expenses,My mental wellbeing
626,My work-life balance,My working relationships,My mental wellbeing,My opportunities to socialise,My job satisfaction,My personal relationships,My opportunities to socialise,My opportunities to socialise,My personal relationships,My on-the-job learning opportunities,My daily expenses,My mental wellbeing
627,My work-life balance,My working relationships,My mental wellbeing,My opportunities to socialise,My job satisfaction,My personal relationships,My opportunities to socialise,My opportunities to socialise,My personal relationships,My on-the-job learning opportunities,My daily expenses,My mental wellbeing
628,My work-life balance,My working relationships,My mental wellbeing,My opportunities to socialise,My job satisfaction,My personal relationships,My opportunities to socialise,My opportunities to socialise,My personal relationships,My on-the-job learning opportunities,My daily expenses,My mental wellbeing
629,My work-life balance,My working relationships,My mental wellbeing,My opportunities to socialise,My job satisfaction,My personal relationships,My opportunities to socialise,My opportunities to socialise,My personal relationships,My on-the-job learning opportunities,My daily expenses,My mental wellbeing
630,My work-life balance,My working relationships,My mental wellbeing,My opportunities to socialise,My job satisfaction,My personal relationships,My opportunities to socialise,My opportunities to socialise,My personal relationships,My on-the-job learning opportunities,My daily expenses,My mental wellbeing
631,My work-life balance,My working relationships,My mental wellbeing,My opportunities to socialise,My job satisfaction,My personal relationships,My opportunities to socialise,My opportunities to socialise,My personal relationships,My on-the-job learning opportunities,My daily expenses,My mental wellbeing
632,My work-life balance,My working relationships,My mental wellbeing,My opportunities to socialise,My job satisfaction,My personal relationships,My opportunities to socialise,My opportunities to socialise,My personal relationships,My on-the-job learning opportunities,My daily expenses,My mental wellbeing
633,My work-life balance,My working relationships,My mental wellbeing,My opportunities to socialise,My job satisfaction,My personal relationships,My opportunities to socialise,My opportunities to socialise,My personal relationships,My on-the-job learning opportunities,My daily expenses,My mental wellbeing
634,My work-life balance,My working relationships,My mental wellbeing,My opportunities to socialise,My job satisfaction,My personal relationships,My opportunities to socialise,My opportunities to socialise,My personal relationships,My on-the-job learning opportunities,My daily expenses,My mental wellbeing
635,My work-life balance,My working relationships,My mental wellbeing,My opportunities to socialise,My job satisfaction,My personal relationships,My opportunities to socialise,My opportunities to socialise,My personal relationships,My on-the-job learning opportunities,My daily expenses,My mental wellbeing
636,My work-life balance,My working relationships,My mental wellbeing,My opportunities to socialise,My job satisfaction,My personal relationships,My opportunities to socialise,My opportunities to socialise,My personal relationships,My on-the-job learning opportunities,My daily expenses,My mental wellbeing
637,My work-life balance,My working relationships,My mental wellbeing,My opportunities to socialise,My job satisfaction,My personal relationships,My opportunities to socialise,My opportunities to socialise,My personal relationships,My on-the-job learning opportunities,My daily expenses,My mental wellbeing
638,My work-life balance,My working relationships,My mental wellbeing,My opportunities to socialise,My job satisfaction,My personal relationships,My opportunities to socialise,My opportunities to socialise,My personal relationships,My on-the-job learning opportunities,My daily expenses,My mental wellbeing
639,My work-life balance,My working relationships,My mental wellbeing,My opportunities to socialise,My job satisfaction,My personal relationships,My opportunities to socialise,My opportunities to socialise,My personal relationships,My on-the-job learning opportunities,My daily expenses,My mental wellbeing
640,My work-life balance,My working relationships,My mental wellbeing,My opportunities to socialise,My job satisfaction,My personal relationships,My opportunities to socialise,My opportunities to socialise,My personal relationships,My on-the-job learning opportunities,My daily expenses,My mental wellbeing
641,My work-life balance,My working relationships,My mental wellbeing,My opportunities to socialise,My job satisfaction,My personal relationships,My opportunities to socialise,My opportunities to socialise,My personal relationships,My on-the-job learning opportunities,My daily expenses,My mental wellbeing
642,My work-life balance,My working relationships,My mental wellbeing,My opportunities to socialise,My job satisfaction,My personal relationships,My opportunities to socialise,My opportunities to socialise,My personal relationships,My on-the-job learning opportunities,My daily expenses,My mental wellbeing
643,My work-life balance,My working relationships,My mental wellbeing,My opportunities to socialise,My job satisfaction,My personal relationships,My opportunities to socialise,My opportunities to socialise,My personal relationships,My on-the-job learning opportunities,My daily expenses,My mental wellbeing
644,My work-life balance,My working relationships,My mental wellbeing,My opportunities to socialise,My job satisfaction,My personal relationships,My opportunities to socialise,My opportunities to socialise,My personal relationships,My on-the-job learning opportunities,My daily expenses,My mental wellbeing
645,My work-life balance,My working relationships,My mental wellbeing,My opportunities to socialise,My job satisfaction,My personal relationships,My opportunities to socialise,My opportunities to socialise,My personal relationships,My on-the-job learning opportunities,My daily expenses,My mental wellbeing
646,My work-life balance,My working relationships,My mental wellbeing,My opportunities to socialise,My job satisfaction,My personal relationships,My opportunities to socialise,My opportunities to socialise,My personal relationships,My on-the-job learning opportunities,My daily expenses,My mental wellbeing
647,My work-life balance,My working relationships,My mental wellbeing,My opportunities to socialise,My job satisfaction,My personal relationships,My opportunities to socialise,My opportunities to socialise,My personal relationships,My on-the-job learning opportunities,My daily expenses,My mental wellbeing
648,My work-life balance,My working relationships,My mental wellbeing,My opportunities to socialise,My job satisfaction,My personal relationships,My opportunities to socialise,My opportunities to socialise,My personal relationships,My on-the-job learning opportunities,My daily expenses,My mental wellbeing
649,My work-life balance,My working relationships,My mental wellbeing,My opportunities to socialise,My job satisfaction,My personal relationships,My opportunities to socialise,My opportunities to socialise,My personal relationships,My on-the-job learning opportunities,My daily expenses,My mental wellbeing
650,My work-life balance,My working relationships,My mental wellbeing,My opportunities to socialise,My job satisfaction,My personal relationships,My opportunities to socialise,My opportunities to socialise,My personal relationships,My on-the-job learning opportunities,My daily expenses,My mental wellbeing
651,My work-life balance,My working relationships,My mental wellbeing,My opportunities to socialise,My job satisfaction,My personal relationships,My opportunities to socialise,My opportunities to socialise,My personal relationships,My on-the-job learning opportunities,My daily expenses,My mental wellbeing
652,My work-life balance,My working relationships,My mental wellbeing,My opportunities to socialise,My job satisfaction,My personal relationships,My opportunities to socialise,My opportunities to socialise,My personal relationships,My on-the-job learning opportunities,My daily expenses,My mental wellbeing
653,My work-life balance,My working relationships,My mental wellbeing,My opportunities to socialise,My job satisfaction,My personal relationships,My opportunities to socialise,My opportunities to socialise,My personal relationships,My on-the-job learning opportunities,My daily expenses,My mental wellbeing
654,My work-life balance,My working relationships,My mental wellbeing,My opportunities to socialise,My job satisfaction,My personal relationships,My opportunities to socialise,My opportunities to socialise,My personal relationships,My on-the-job learning opportunities,My daily expenses,My mental wellbeing
655,My work-life balance,My working relationships,My mental wellbeing,My opportunities to socialise,My job satisfaction,My personal relationships,My opportunities to socialise,My opportunities to socialise,My personal relationships,My on-the-job learning opportunities,My daily expenses,My mental wellbeing
656,My work-life balance,My working relationships,My mental wellbeing,My opportunities to socialise,My job satisfaction,My personal relationships,My opportunities to socialise,My opportunities to socialise,My personal relationships,My on-the-job learning opportunities,My daily expenses,My mental wellbeing
657,My work-life balance,My working relationships,My mental wellbeing,My opportunities to socialise,My job satisfaction,My personal relationships,My opportunities to socialise,My opportunities to socialise,My personal relationships,My on-the-job learning opportunities,My daily expenses,My mental wellbeing
658,My work-life balance,My working relationships,My mental wellbeing,My opportunities to socialise,My job satisfaction,My personal relationships,My opportunities to socialise,My opportunities to socialise,My personal relationships,My on-the-job learning opportunities,My daily expenses,My mental wellbeing
659,My work-life balance,My working relationships,My mental wellbeing,My opportunities to socialise,My job satisfaction,My personal relationships,My opportunities to socialise,My opportunities to socialise,My personal relationships,My on-the-job learning opportunities,My daily expenses,My mental wellbeing
660,My work-life balance,My working relationships,My mental wellbeing,My opportunities to socialise,My job satisfaction,My personal relationships,My opportunities to socialise,My opportunities to socialise,My personal relationships,My on-the-job learning opportunities,My daily expenses,My mental wellbeing
661,My work-life balance,My working relationships,My mental wellbeing,My opportunities to socialise,My job satisfaction,My personal relationships,My opportunities to socialise,My opportunities to socialise,My personal relationships,My on-the-job learning opportunities,My daily expenses,My mental wellbeing
662,My work-life balance,My working relationships,My mental wellbeing,My opportunities to socialise,My job satisfaction,My personal relationships,My opportunities to socialise,My opportunities to socialise,My personal relationships,My on-the-job learning opportunities,My daily expenses,My mental wellbeing
663,My work-life balance,My working relationships,My mental wellbeing,My opportunities to socialise,My job satisfaction,My personal relationships,My opportunities to socialise,My opportunities to socialise,My personal relationships,My on-the-job learning opportunities,My daily expenses,My mental wellbeing
664,My work-life balance,My working relationships,My mental wellbeing,My opportunities to socialise,My job satisfaction,My personal relationships,My opportunities to socialise,My opportunities to socialise,My personal relationships,My on-the-job learning opportunities,My daily expenses,My mental wellbeing
665,My work-life balance,My working relationships,My mental wellbeing,My opportunities to socialise,My job satisfaction,My personal relationships,My opportunities to socialise,My opportunities to socialise,My personal relationships,My on-the-job learning opportunities,My daily expenses,My mental wellbeing
666,My work-life balance,My working relationships,My mental wellbeing,My opportunities to socialise,My job satisfaction,My personal relationships,My opportunities to socialise,My opportunities to socialise,My personal relationships,My on-the-job learning opportunities,My daily expenses,My mental wellbeing
667,My work-life balance,My working relationships,My mental wellbeing,My opportunities to socialise,My job satisfaction,My personal relationships,My opportunities to socialise,My opportunities to socialise,My personal relationships,My on-the-job learning opportunities,My daily expenses,My mental wellbeing
668,My work-life balance,My working relationships,My mental wellbeing,My opportunities to socialise,My job satisfaction,My working relationships,My work-life balance,My opportunities to socialise,My personal relationships,My on-the-job learning opportunities,My daily expenses,My mental wellbeing
669,My work-life balance,My working relationships,My mental wellbeing,My opportunities to socialise,My job satisfaction,My working relationships,My work-life balance,My opportunities to socialise,My personal relationships,My on-the-job learning opportunities,My daily expenses,My mental wellbeing
670,My work-life balance,My working relationships,My mental wellbeing,My opportunities to socialise,My job satisfaction,My working relationships,My work-life balance,My opportunities to socialise,My personal relationships,My on-the-job learning opportunities,My daily expenses,My mental wellbeing
671,My work-life balance,My working relationships,My mental wellbeing,My opportunities to socialise,My job satisfaction,My working relationships,My work-life balance,My opportunities to socialise,My personal relationships,My on-the-job learning opportunities,My daily expenses,My mental wellbeing
672,My work-life balance,My working relationships,My mental wellbeing,My opportunities to socialise,My job satisfaction,My working relationships,My work-life balance,My opportunities to socialise,My personal relationships,My on-the-job learning opportunities,My daily expenses,My mental wellbeing
673,My work-life balance,My working relationships,My mental wellbeing,My opportunities to socialise,My job satisfaction,My working relationships,My work-life balance,My opportunities to socialise,My personal relationships,My on-the-job learning opportunities,My daily expenses,My mental wellbeing
674,My work-life balance,My working relationships,My mental wellbeing,My opportunities to socialise,My job satisfaction,My working relationships,My work-life balance,My opportunities to socialise,My personal relationships,My on-the-job learning opportunities,My daily expenses,My mental wellbeing
675,My work-life balance,My working relationships,My mental wellbeing,My opportunities to socialise,My job satisfaction,My working relationships,My work-life balance,My opportunities to socialise,My personal relationships,My on-the-job learning opportunities,My daily expenses,My mental wellbeing
676,My work-life balance,My working relationships,My mental wellbeing,My opportunities to socialise,My job satisfaction,My working relationships,My work-life balance,My opportunities to socialise,My personal relationships,My on-the-job learning opportunities,My daily expenses,My mental wellbeing
677,My work-life balance,My working relationships,My mental wellbeing,My opportunities to socialise,My job satisfaction,My working relationships,My work-life balance,My opportunities to socialise,My personal relationships,My on-the-job learning opportunities,My daily expenses,My mental wellbeing
678,My work-life balance,My working relationships,My mental wellbeing,My opportunities to socialise,My job satisfaction,My working relationships,My work-life balance,My opportunities to socialise,My personal relationships,My on-the-job learning opportunities,My daily expenses,My mental wellbeing
679,My work-life balance,My working relationships,My mental wellbeing,My opportunities to socialise,My job satisfaction,My working relationships,My work-life balance,My opportunities to socialise,My personal relationships,My on-the-job learning opportunities,My daily expenses,My mental wellbeing
680,My work-life balance,My working relationships,My mental wellbeing,My opportunities to socialise,My job satisfaction,My working relationships,My work-life balance,My opportunities to socialise,My personal relationships,My on-the-job learning opportunities,My daily expenses,My mental wellbeing
681,My work-life balance,My working relationships,My mental wellbeing,My opportunities to socialise,My job satisfaction,My working relationships,My work-life balance,My opportunities to socialise,My personal relationships,My on-the-job learning opportunities,My daily expenses,My mental wellbeing
682,My work-life balance,My working relationships,My mental wellbeing,My opportunities to socialise,My job satisfaction,My working relationships,My work-life balance,My opportunities to socialise,My personal relationships,My on-the-job learning opportunities,My daily expenses,My mental wellbeing
683,My work-life balance,My working relationships,My mental wellbeing,My opportunities to socialise,My job satisfaction,My working relationships,My work-life balance,My opportunities to socialise,My personal relationships,My on-the-job learning opportunities,My daily expenses,My mental wellbeing
684,My work-life balance,My working relationships,My mental wellbeing,My opportunities to socialise,My job satisfaction,My working relationships,My work-life balance,My opportunities to socialise,My personal relationships,My on-the-job learning opportunities,My daily expenses,My mental wellbeing
685,My work-life balance,My working relationships,My mental wellbeing,My opportunities to socialise,My job satisfaction,My working relationships,My work-life balance,My opportunities to socialise,My personal relationships,My on-the-job learning opportunities,My daily expenses,My mental wellbeing
686,My work-life balance,My working relationships,My mental wellbeing,My opportunities to socialise,My job satisfaction,My working relationships,My work-life balance,My opportunities to socialise,My personal relationships,My on-the-job learning opportunities,My daily expenses,My mental wellbeing
687,My work-life balance,My working relationships,My mental wellbeing,My opportunities to socialise,My job satisfaction,My working relationships,My work-life balance,My opportunities to socialise,My personal relationships,My on-the-job learning opportunities,My daily expenses,My mental wellbeing
688,My work-life balance,My working relationships,My mental wellbeing,My opportunities to socialise,My job satisfaction,My working relationships,My work-life balance,My opportunities to socialise,My personal relationships,My on-the-job learning opportunities,My daily expenses,My mental wellbeing
689,My work-life balance,My working relationships,My mental wellbeing,My opportunities to socialise,My job satisfaction,My working relationships,My work-life balance,My opportunities to socialise,My personal relationships,My on-the-job learning opportunities,My daily expenses,My mental wellbeing
690,My work-life balance,My working relationships,My mental wellbeing,My opportunities to socialise,My job satisfaction,My working relationships,My work-life balance,My opportunities to socialise,My personal relationships,My on-the-job learning opportunities,My daily expenses,My mental wellbeing
691,My work-life balance,My working relationships,My mental wellbeing,My opportunities to socialise,My job satisfaction,My working relationships,My work-life balance,My opportunities to socialise,My personal relationships,My on-the-job learning opportunities,My daily expenses,My mental wellbeing
692,My work-life balance,My working relationships,My mental wellbeing,My opportunities to socialise,My job satisfaction,My working relationships,My work-life balance,My opportunities to socialise,My personal relationships,My on-the-job learning opportunities,My daily expenses,My mental wellbeing
693,My work-life balance,My working relationships,My mental wellbeing,My opportunities to socialise,My job satisfaction,My working relationships,My work-life balance,My opportunities to socialise,My personal relationships,My on-the-job learning opportunities,My daily expenses,My mental wellbeing
694,My work-life balance,My working relationships,My mental wellbeing,My opportunities to socialise,My job satisfaction,My working relationships,My work-life balance,My opportunities to socialise,My personal relationships,My on-the-job learning opportunities,My daily expenses,My mental wellbeing
695,My work-life balance,My working relationships,My mental wellbeing,My opportunities to socialise,My job satisfaction,My working relationships,My work-life balance,My opportunities to socialise,My personal relationships,My on-the-job learning opportunities,My daily expenses,My mental wellbeing
696,My work-life balance,My working relationships,My mental wellbeing,My opportunities to socialise,My job satisfaction,My working relationships,My work-life balance,My opportunities to socialise,My personal relationships,My on-the-job learning opportunities,My daily expenses,My mental wellbeing
697,My work-life balance,My working relationships,My mental wellbeing,My opportunities to socialise,My job satisfaction,My working relationships,My work-life balance,My opportunities to socialise,My personal relationships,My on-the-job learning opportunities,My daily expenses,My mental wellbeing
698,My work-life balance,My working relationships,My mental wellbeing,My opportunities to socialise,My job satisfaction,My working relationships,My work-life balance,My opportunities to socialise,My personal relationships,My on-the-job learning opportunities,My daily expenses,My mental wellbeing
699,My work-life balance,My working relationships,My mental wellbeing,My opportunities to socialise,My job satisfaction,My working relationships,My work-life balance,My opportunities to socialise,My personal relationships,My on-the-job learning opportunities,My daily expenses,My mental wellbeing
700,My work-life balance,My working relationships,My mental wellbeing,My opportunities to socialise,My job satisfaction,My working relationships,My work-life balance,My opportunities to socialise,My personal relationships,My on-the-job learning opportunities,My daily expenses,My mental wellbeing
701,My work-life balance,My working relationships,My mental wellbeing,My opportunities to socialise,My job satisfaction,My working relationships,My work-life balance,My opportunities to socialise,My personal relationships,My on-the-job learning opportunities,My daily expenses,My mental wellbeing
702,My work-life balance,My working relationships,My mental wellbeing,My opportunities to socialise,My job satisfaction,My working relationships,My work-life balance,My opportunities to socialise,My personal relationships,My on-the-job learning opportunities,My daily expenses,My mental wellbeing
703,My work-life balance,My working relationships,My mental wellbeing,My opportunities to socialise,My job satisfaction,My working relationships,My work-life balance,My opportunities to socialise,My personal relationships,My on-the-job learning opportunities,My daily expenses,My mental wellbeing
704,My work-life balance,My working relationships,My mental wellbeing,My opportunities to socialise,My job satisfaction,My working relationships,My work-life balance,My opportunities to socialise,My personal relationships,My on-the-job learning opportunities,My daily expenses,My mental wellbeing
705,My work-life balance,My working relationships,My mental wellbeing,My opportunities to socialise,My job satisfaction,My working relationships,My work-life balance,My opportunities to socialise,My personal relationships,My on-the-job learning opportunities,My daily expenses,My mental wellbeing
706,My work-life balance,My working relationships,My mental wellbeing,My opportunities to socialise,My job satisfaction,My working relationships,My work-life balance,My opportunities to socialise,My personal relationships,My on-the-job learning opportunities,My daily expenses,My mental wellbeing
707,My work-life balance,My working relationships,My mental wellbeing,My opportunities to socialise,My job satisfaction,My working relationships,My work-life balance,My opportunities to socialise,My personal relationships,My on-the-job learning opportunities,My daily expenses,My mental wellbeing
708,My work-life balance,My working relationships,My mental wellbeing,My opportunities to socialise,My job satisfaction,My working relationships,My work-life balance,My opportunities to socialise,My personal relationships,My on-the-job learning opportunities,My daily expenses,My mental wellbeing
709,My work-life balance,My working relationships,My mental wellbeing,My opportunities to socialise,My job satisfaction,My working relationships,My work-life balance,My opportunities to socialise,My personal relationships,My on-the-job learning opportunities,My daily expenses,My mental wellbeing
710,My work-life balance,My working relationships,My mental wellbeing,My opportunities to socialise,My job satisfaction,My working relationships,My work-life balance,My opportunities to socialise,My personal relationships,My on-the-job learning opportunities,My daily expenses,My mental wellbeing
711,My work-life balance,My working relationships,My mental wellbeing,My opportunities to socialise,My job satisfaction,My working relationships,My work-life balance,My opportunities to socialise,My personal relationships,My on-the-job learning opportunities,My daily expenses,My mental wellbeing
712,My work-life balance,My working relationships,My mental wellbeing,My opportunities to socialise,My job satisfaction,My working relationships,My work-life balance,My opportunities to socialise,My personal relationships,My on-the-job learning opportunities,My daily expenses,My mental wellbeing
713,My work-life balance,My working relationships,My mental wellbeing,My opportunities to socialise,My job satisfaction,My working relationships,My work-life balance,My opportunities to socialise,My personal relationships,My on-the-job learning opportunities,My daily expenses,My mental wellbeing
714,My work-life balance,My working relationships,My mental wellbeing,My opportunities to socialise,My job satisfaction,My working relationships,My work-life balance,My opportunities to socialise,My work-life balance,My on-the-job learning opportunities,My daily expenses,My mental wellbeing
715,My work-life balance,My working relationships,My mental wellbeing,My opportunities to socialise,My job satisfaction,My working relationships,My work-life balance,My opportunities to socialise,My work-life balance,My on-the-job learning opportunities,My daily expenses,My mental wellbeing
716,My work-life balance,My working relationships,My mental wellbeing,My opportunities to socialise,My job satisfaction,My working relationships,My work-life balance,My opportunities to socialise,My work-life balance,My on-the-job learning opportunities,My daily expenses,My mental wellbeing
717,My work-life balance,My working relationships,My mental wellbeing,My opportunities to socialise,My job satisfaction,My working relationships,My work-life balance,My opportunities to socialise,My work-life balance,My on-the-job learning opportunities,My daily expenses,My mental wellbeing
718,My work-life balance,My working relationships,My mental wellbeing,My opportunities to socialise,My job satisfaction,My working relationships,My work-life balance,My opportunities to socialise,My work-life balance,My on-the-job learning opportunities,My daily expenses,My mental wellbeing
719,My work-life balance,My working relationships,My mental wellbeing,My opportunities to socialise,My job satisfaction,My working relationships,My work-life balance,My opportunities to socialise,My work-life balance,My on-the-job learning opportunities,My daily expenses,My mental wellbeing
720,My work-life balance,My working relationships,My mental wellbeing,My opportunities to socialise,My job satisfaction,My working relationships,My work-life balance,My opportunities to socialise,My work-life balance,My on-the-job learning opportunities,My daily expenses,My mental wellbeing
721,My work-life balance,My working relationships,My mental wellbeing,My opportunities to socialise,My job satisfaction,My working relationships,My work-life balance,My opportunities to socialise,My work-life balance,My on-the-job learning opportunities,My daily expenses,My mental wellbeing
722,My work-life balance,My working relationships,My mental wellbeing,My opportunities to socialise,My job satisfaction,My working relationships,My work-life balance,My opportunities to socialise,My work-life balance,My on-the-job learning opportunities,My daily expenses,My mental wellbeing
723,My work-life balance,My working relationships,My mental wellbeing,My opportunities to socialise,My job satisfaction,My working relationships,My work-life balance,My opportunities to socialise,My work-life balance,My on-the-job learning opportunities,My daily expenses,My mental wellbeing
724,My work-life balance,My working relationships,My mental wellbeing,My opportunities to socialise,My job satisfaction,My working relationships,My work-life balance,My opportunities to socialise,My work-life balance,My on-the-job learning opportunities,My daily expenses,My mental wellbeing
725,My work-life balance,My working relationships,My mental wellbeing,My opportunities to socialise,My job satisfaction,My working relationships,My work-life balance,My opportunities to socialise,My work-life balance,My on-the-job learning opportunities,My daily expenses,My mental wellbeing
726,My work-life balance,My working relationships,My mental wellbeing,My opportunities to socialise,My job satisfaction,My working relationships,My work-life balance,My opportunities to socialise,My work-life balance,My on-the-job learning opportunities,My daily expenses,My mental wellbeing
727,My work-life balance,My working relationships,My mental wellbeing,My opportunities to socialise,My job satisfaction,My working relationships,My work-life balance,My opportunities to socialise,My work-life balance,My on-the-job learning opportunities,My daily expenses,My mental wellbeing
728,My work-life balance,My working relationships,My mental wellbeing,My opportunities to socialise,My job satisfaction,My working relationships,My work-life balance,My opportunities to socialise,My work-life balance,My on-the-job learning opportunities,My daily expenses,My mental wellbeing
729,My work-life balance,My working relationships,My mental wellbeing,My opportunities to socialise,My job satisfaction,My working relationships,My work-life balance,My opportunities to socialise,My work-life balance,My on-the-job learning opportunities,My daily expenses,My mental wellbeing
730,My work-life balance,My working relationships,My mental wellbeing,My opportunities to socialise,My job satisfaction,My working relationships,My work-life balance,My opportunities to socialise,My work-life balance,My on-the-job learning opportunities,My daily expenses,My opportunities to socialise
731,My work-life balance,My working relationships,My mental wellbeing,My opportunities to socialise,My job satisfaction,My working relationships,My work-life balance,My opportunities to socialise,My work-life balance,My on-the-job learning opportunities,My daily expenses,My opportunities to socialise
732,My work-life balance,My working relationships,My mental wellbeing,My opportunities to socialise,My job satisfaction,My working relationships,My work-life balance,My opportunities to socialise,My work-life balance,My on-the-job learning opportunities,My daily expenses,My opportunities to socialise
733,My work-life balance,My working relationships,My mental wellbeing,My opportunities to socialise,My job satisfaction,My working relationships,My work-life balance,My opportunities to socialise,My work-life balance,My on-the-job learning opportunities,My daily expenses,My opportunities to socialise
734,My work-life balance,My working relationships,My mental wellbeing,My opportunities to socialise,My job satisfaction,My working relationships,My work-life balance,My opportunities to socialise,My work-life balance,My on-the-job learning opportunities,My daily expenses,My opportunities to socialise
735,My work-life balance,My working relationships,My mental wellbeing,My opportunities to socialise,My job satisfaction,My working relationships,My work-life balance,My opportunities to socialise,My work-life balance,My on-the-job learning opportunities,My daily expenses,My opportunities to socialise
736,My work-life balance,My working relationships,My mental wellbeing,My opportunities to socialise,My job satisfaction,My working relationships,My work-life balance,My opportunities to socialise,My work-life balance,My on-the-job learning opportunities,My daily expenses,My opportunities to socialise
737,My work-life balance,My working relationships,My mental wellbeing,My opportunities to socialise,My job satisfaction,My working relationships,My work-life balance,My opportunities to socialise,My work-life balance,My on-the-job learning opportunities,My daily expenses,My opportunities to socialise
738,My work-life balance,My working relationships,My mental wellbeing,My opportunities to socialise,My job satisfaction,My working relationships,My work-life balance,My opportunities to socialise,My work-life balance,My on-the-job learning opportunities,My daily expenses,My opportunities to socialise
739,My work-life balance,My working relationships,My mental wellbeing,My opportunities to socialise,My job satisfaction,My working relationships,My work-life balance,My opportunities to socialise,My work-life balance,My on-the-job learning opportunities,My daily expenses,My opportunities to socialise
740,My work-life balance,My working relationships,My mental wellbeing,My opportunities to socialise,My job satisfaction,My working relationships,My work-life balance,My opportunities to socialise,My work-life balance,My on-the-job learning opportunities,My daily expenses,My opportunities to socialise
741,My work-life balance,My working relationships,My mental wellbeing,My opportunities to socialise,My job satisfaction,My working relationships,My work-life balance,My opportunities to socialise,My work-life balance,My on-the-job learning opportunities,My daily expenses,My opportunities to socialise
742,My work-life balance,My working relationships,My mental wellbeing,My opportunities to socialise,My job satisfaction,My working relationships,My work-life balance,My opportunities to socialise,My work-life balance,My on-the-job learning opportunities,My daily expenses,My opportunities to socialise
743,My work-life balance,My working relationships,My mental wellbeing,My opportunities to socialise,My job satisfaction,My working relationships,My work-life balance,My opportunities to socialise,My work-life balance,My on-the-job learning opportunities,My daily expenses,My opportunities to socialise
744,My work-life balance,My working relationships,My mental wellbeing,My opportunities to socialise,My job satisfaction,My working relationships,My work-life balance,My opportunities to socialise,My work-life balance,My on-the-job learning opportunities,My daily expenses,My opportunities to socialise
745,My work-life balance,My working relationships,My mental wellbeing,My opportunities to socialise,My job satisfaction,My working relationships,My work-life balance,My opportunities to socialise,My work-life balance,My on-the-job learning opportunities,My daily expenses,My opportunities to socialise
746,My work-life balance,My working relationships,My mental wellbeing,My opportunities to socialise,My job satisfaction,My working relationships,My work-life balance,My opportunities to socialise,My work-life balance,My on-the-job learning opportunities,My daily expenses,My opportunities to socialise
747,My work-life balance,My working relationships,My mental wellbeing,My opportunities to socialise,My job satisfaction,My working relationships,My work-life balance,My opportunities to socialise,My work-life balance,My on-the-job learning opportunities,My daily expenses,My opportunities to socialise
748,My work-life balance,My working relationships,My mental wellbeing,My opportunities to socialise,My job satisfaction,My working relationships,My work-life balance,My opportunities to socialise,My work-life balance,My on-the-job learning opportunities,My daily expenses,My opportunities to socialise
749,My work-life balance,My working relationships,My mental wellbeing,My opportunities to socialise,My job satisfaction,My working relationships,My work-life balance,My opportunities to socialise,My work-life balance,My on-the-job learning opportunities,My daily expenses,My opportunities to socialise
750,My work-life balance,My working relationships,My mental wellbeing,My opportunities to socialise,My job satisfaction,My working relationships,My work-life balance,My opportunities to socialise,My work-life balance,My on-the-job learning opportunities,My daily expenses,My opportunities to socialise
751,My work-life balance,My working relationships,My mental wellbeing,My opportunities to socialise,My job satisfaction,My working relationships,My work-life balance,My opportunities to socialise,My work-life balance,My on-the-job learning opportunities,My daily expenses,My opportunities to socialise
752,My work-life balance,My working relationships,My mental wellbeing,My opportunities to socialise,My job satisfaction,My working relationships,My work-life balance,My opportunities to socialise,My work-life balance,My on-the-job learning opportunities,My daily expenses,My opportunities to socialise
753,My work-life balance,My working relationships,My mental wellbeing,My opportunities to socialise,My job satisfaction,My working relationships,My work-life balance,My opportunities to socialise,My work-life balance,My on-the-job learning opportunities,My daily expenses,My opportunities to socialise
754,My work-life balance,My working relationships,My mental wellbeing,My opportunities to socialise,My job satisfaction,My working relationships,My work-life balance,My opportunities to socialise,My work-life balance,My on-the-job learning opportunities,My daily expenses,My opportunities to socialise
755,My work-life balance,My working relationships,My mental wellbeing,My opportunities to socialise,My job satisfaction,My working relationships,My work-life balance,My opportunities to socialise,My work-life balance,My on-the-job learning opportunities,My daily expenses,My opportunities to socialise
756,My work-life balance,My working relationships,My mental wellbeing,My opportunities to socialise,My job satisfaction,My working relationships,My work-life balance,My opportunities to socialise,My work-life balance,My on-the-job learning opportunities,My daily expenses,My opportunities to socialise
757,My work-life balance,My working relationships,My mental wellbeing,My opportunities to socialise,My job satisfaction,My working relationships,My work-life balance,My opportunities to socialise,My work-life balance,My on-the-job learning opportunities,My daily expenses,My opportunities to socialise
758,My work-life balance,My working relationships,My mental wellbeing,My opportunities to socialise,My job satisfaction,My working relationships,My work-life balance,My opportunities to socialise,My work-life balance,My on-the-job learning opportunities,My daily expenses,My opportunities to socialise
759,My work-life balance,My working relationships,My mental wellbeing,My opportunities to socialise,My job satisfaction,My working relationships,My work-life balance,My opportunities to socialise,My work-life balance,My on-the-job learning opportunities,My daily expenses,My opportunities to socialise
760,My work-life balance,My working relationships,My mental wellbeing,My opportunities to socialise,My job satisfaction,My working relationships,My work-life balance,My opportunities to socialise,My work-life balance,My on-the-job learning opportunities,My daily expenses,My opportunities to socialise
761,My work-life balance,My working relationships,My mental wellbeing,My opportunities to socialise,My job satisfaction,My working relationships,My work-life balance,My opportunities to socialise,My work-life balance,My on-the-job learning opportunities,My daily expenses,My opportunities to socialise
762,My work-life balance,My working relationships,My mental wellbeing,My opportunities to socialise,My job satisfaction,My working relationships,My work-life balance,My opportunities to socialise,My work-life balance,My on-the-job learning opportunities,My daily expenses,My opportunities to socialise
763,My work-life balance,My working relationships,My mental wellbeing,My opportunities to socialise,My job satisfaction,My working relationships,My work-life balance,My opportunities to socialise,My work-life balance,My on-the-job learning opportunities,My daily expenses,My opportunities to socialise
764,My work-life balance,My working relationships,My mental wellbeing,My opportunities to socialise,My job satisfaction,My working relationships,My work-life balance,My opportunities to socialise,My work-life balance,My on-the-job learning opportunities,My daily expenses,My opportunities to socialise
765,My work-life balance,My working relationships,My mental wellbeing,My opportunities to socialise,My job satisfaction,My working relationships,My work-life balance,My opportunities to socialise,My work-life balance,My on-the-job learning opportunities,My daily expenses,My opportunities to socialise
766,My work-life balance,My working relationships,My mental wellbeing,My opportunities to socialise,My job satisfaction,My working relationships,My work-life balance,My opportunities to socialise,My work-life balance,My on-the-job learning opportunities,My daily expenses,My opportunities to socialise
767,My work-life balance,My working relationships,My mental wellbeing,My opportunities to socialise,My job satisfaction,My working relationships,My work-life balance,My opportunities to socialise,My work-life balance,My on-the-job learning opportunities,My daily expenses,My opportunities to socialise
768,My work-life balance,My working relationships,My mental wellbeing,My opportunities to socialise,My job satisfaction,My working relationships,My work-life balance,My opportunities to socialise,My work-life balance,My on-the-job learning opportunities,My daily expenses,My opportunities to socialise
769,My work-life balance,My working relationships,My mental wellbeing,My opportunities to socialise,My job satisfaction,My working relationships,My work-life balance,My opportunities to socialise,My work-life balance,My on-the-job learning opportunities,My daily expenses,My opportunities to socialise
770,My work-life balance,My working relationships,My mental wellbeing,My opportunities to socialise,My job satisfaction,My working relationships,My work-life balance,My opportunities to socialise,My work-life balance,My on-the-job learning opportunities,My daily expenses,My opportunities to socialise
771,My work-life balance,My working relationships,My mental wellbeing,My opportunities to socialise,My job satisfaction,My working relationships,My work-life balance,My opportunities to socialise,My work-life balance,My on-the-job learning opportunities,My daily expenses,My opportunities to socialise
772,My work-life balance,My working relationships,My mental wellbeing,My opportunities to socialise,My job satisfaction,My working relationships,My work-life balance,My opportunities to socialise,My work-life balance,My on-the-job learning opportunities,My daily expenses,My opportunities to socialise
773,My work-life balance,My working relationships,My mental wellbeing,My opportunities to socialise,My job satisfaction,My working relationships,My work-life balance,My opportunities to socialise,My work-life balance,My on-the-job learning opportunities,My daily expenses,My opportunities to socialise
774,My work-life balance,My working relationships,My mental wellbeing,My opportunities to socialise,My job satisfaction,My working relationships,My work-life balance,My opportunities to socialise,My work-life balance,My on-the-job learning opportunities,My daily expenses,My opportunities to socialise
775,My work-life balance,My working relationships,My mental wellbeing,My opportunities to socialise,My job satisfaction,My working relationships,My work-life balance,My opportunities to socialise,My work-life balance,My on-the-job learning opportunities,My daily expenses,My opportunities to socialise
776,My work-life balance,My working relationships,My mental wellbeing,My opportunities to socialise,My job satisfaction,My working relationships,My work-life balance,My opportunities to socialise,My work-life balance,My on-the-job learning opportunities,My daily expenses,My opportunities to socialise
777,My work-life balance,My working relationships,My mental wellbeing,My opportunities to socialise,My job satisfaction,My working relationships,My work-life balance,My opportunities to socialise,My work-life balance,My on-the-job learning opportunities,My daily expenses,My opportunities to socialise
778,My work-life balance,My working relationships,My mental wellbeing,My opportunities to socialise,My job satisfaction,My working relationships,My work-life balance,My opportunities to socialise,My work-life balance,My on-the-job learning opportunities,My daily expenses,My opportunities to socialise
779,My work-life balance,My working relationships,My mental wellbeing,My opportunities to socialise,My job satisfaction,My working relationships,My work-life balance,My opportunities to socialise,My work-life balance,My on-the-job learning opportunities,My daily expenses,My opportunities to socialise
780,My work-life balance,My working relationships,My mental wellbeing,My opportunities to socialise,My job satisfaction,My working relationships,My work-life balance,My opportunities to socialise,My work-life balance,My on-the-job learning opportunities,My daily expenses,My opportunities to socialise
781,My work-life balance,My working relationships,My mental wellbeing,My opportunities to socialise,My job satisfaction,My working relationships,My work-life balance,My opportunities to socialise,My work-life balance,My on-the-job learning opportunities,My daily expenses,My opportunities to socialise
782,My work-life balance,My working relationships,My mental wellbeing,My opportunities to socialise,My job satisfaction,My working relationships,My work-life balance,My opportunities to socialise,My work-life balance,My on-the-job learning opportunities,My daily expenses,My opportunities to socialise
783,My work-life balance,My working relationships,My mental wellbeing,My opportunities to socialise,My job satisfaction,My working relationships,My work-life balance,My opportunities to socialise,My work-life balance,My on-the-job learning opportunities,My daily expenses,My opportunities to socialise
784,My work-life balance,My working relationships,My opportunities to socialise,My opportunities to socialise,My personal relationships,My working relationships,My work-life balance,My opportunities to socialise,My work-life balance,My on-the-job learning opportunities,My daily expenses,My opportunities to socialise
785,My work-life balance,My working relationships,My opportunities to socialise,My opportunities to socialise,My personal relationships,My working relationships,My work-life balance,My opportunities to socialise,My work-life balance,My on-the-job learning opportunities,My daily expenses,My opportunities to socialise
786,My work-life balance,My working relationships,My opportunities to socialise,My opportunities to socialise,My personal relationships,My working relationships,My work-life balance,My opportunities to socialise,My work-life balance,My on-the-job learning opportunities,My daily expenses,My opportunities to socialise
787,My work-life balance,My working relationships,My opportunities to socialise,My opportunities to socialise,My personal relationships,My working relationships,My work-life balance,My opportunities to socialise,My work-life balance,My on-the-job learning opportunities,My daily expenses,My opportunities to socialise
788,My work-life balance,My working relationships,My opportunities to socialise,My opportunities to socialise,My personal relationships,My working relationships,My work-life balance,My opportunities to socialise,My work-life balance,My on-the-job learning opportunities,My daily expenses,My opportunities to socialise
789,My work-life balance,My working relationships,My opportunities to socialise,My opportunities to socialise,My personal relationships,My working relationships,My work-life balance,My opportunities to socialise,My work-life balance,My on-the-job learning opportunities,My daily expenses,My opportunities to socialise
790,My work-life balance,My working relationships,My opportunities to socialise,My opportunities to socialise,My personal relationships,My working relationships,My work-life balance,My opportunities to socialise,My work-life balance,My on-the-job learning opportunities,My daily expenses,My opportunities to socialise
791,My work-life balance,My working relationships,My opportunities to socialise,My opportunities to socialise,My personal relationships,My working relationships,My work-life balance,My opportunities to socialise,My work-life balance,My on-the-job learning opportunities,My daily expenses,My opportunities to socialise
792,My work-life balance,My working relationships,My opportunities to socialise,My opportunities to socialise,My personal relationships,My working relationships,My work-life balance,My opportunities to socialise,My work-life balance,My on-the-job learning opportunities,My daily expenses,My opportunities to socialise
793,My work-life balance,My working relationships,My opportunities to socialise,My opportunities to socialise,My personal relationships,My working relationships,My work-life balance,My opportunities to socialise,My work-life balance,My on-the-job learning opportunities,My daily expenses,My opportunities to socialise
794,My work-life balance,My working relationships,My opportunities to socialise,My opportunities to socialise,My personal relationships,My working relationships,My work-life balance,My opportunities to socialise,My work-life balance,My on-the-job learning opportunities,My daily expenses,My opportunities to socialise
795,My work-life balance,My working relationships,My opportunities to socialise,My opportunities to socialise,My personal relationships,My working relationships,My work-life balance,My opportunities to socialise,My work-life balance,My on-the-job learning opportunities,My daily expenses,My opportunities to socialise
796,My work-life balance,My working relationships,My opportunities to socialise,My opportunities to socialise,My personal relationships,My working relationships,My work-life balance,My opportunities to socialise,My work-life balance,My on-the-job learning opportunities,My daily expenses,My opportunities to socialise
797,My work-life balance,My working relationships,My opportunities to socialise,My opportunities to socialise,My personal relationships,My working relationships,My work-life balance,My opportunities to socialise,My work-life balance,My on-the-job learning opportunities,My daily expenses,My opportunities to socialise
798,My work-life balance,My working relationships,My opportunities to socialise,My opportunities to socialise,My personal relationships,My working relationships,My work-life balance,My opportunities to socialise,My work-life balance,My on-the-job learning opportunities,My daily expenses,My opportunities to socialise
799,My work-life balance,My working relationships,My opportunities to socialise,My opportunities to socialise,My personal relationships,My working relationships,My work-life balance,My opportunities to socialise,My work-life balance,My on-the-job learning opportunities,My daily expenses,My opportunities to socialise
800,My work-life balance,My working relationships,My opportunities to socialise,My opportunities to socialise,My personal relationships,My working relationships,My work-life balance,My opportunities to socialise,My work-life balance,My on-the-job learning opportunities,My daily expenses,My opportunities to socialise
801,My work-life balance,My working relationships,My opportunities to socialise,My opportunities to socialise,My personal relationships,My working relationships,My work-life balance,My opportunities to socialise,My work-life balance,My on-the-job learning opportunities,My daily expenses,My opportunities to socialise
802,My work-life balance,My working relationships,My opportunities to socialise,My opportunities to socialise,My personal relationships,My working relationships,My work-life balance,My opportunities to socialise,My work-life balance,My on-the-job learning opportunities,My daily expenses,My opportunities to socialise
803,My work-life balance,My working relationships,My opportunities to socialise,My opportunities to socialise,My personal relationships,My working relationships,My work-life balance,My opportunities to socialise,My work-life balance,My on-the-job learning opportunities,My daily expenses,My opportunities to socialise
804,My work-life balance,My working relationships,My opportunities to socialise,My opportunities to socialise,My personal relationships,My working relationships,My work-life balance,My opportunities to socialise,My work-life balance,My on-the-job learning opportunities,My daily expenses,My opportunities to socialise
805,My work-life balance,My working relationships,My opportunities to socialise,My opportunities to socialise,My personal relationships,My working relationships,My work-life balance,My opportunities to socialise,My work-life balance,My on-the-job learning opportunities,My daily expenses,My opportunities to socialise
806,My work-life balance,My working relationships,My opportunities to socialise,My opportunities to socialise,My personal relationships,My working relationships,My work-life balance,My opportunities to socialise,My work-life balance,My on-the-job learning opportunities,My daily expenses,My opportunities to socialise
807,My work-life balance,My working relationships,My opportunities to socialise,My opportunities to socialise,My personal relationships,My working relationships,My work-life balance,My opportunities to socialise,My work-life balance,My on-the-job learning opportunities,My daily expenses,My opportunities to socialise
808,My work-life balance,My working relationships,My opportunities to socialise,My opportunities to socialise,My personal relationships,My working relationships,My work-life balance,My opportunities to socialise,My work-life balance,My on-the-job learning opportunities,My daily expenses,My opportunities to socialise
809,My work-life balance,My working relationships,My opportunities to socialise,My opportunities to socialise,My personal relationships,My working relationships,My work-life balance,My opportunities to socialise,My work-life balance,My on-the-job learning opportunities,My daily expenses,My opportunities to socialise
810,My work-life balance,My working relationships,My opportunities to socialise,My opportunities to socialise,My personal relationships,My working relationships,My work-life balance,My opportunities to socialise,My work-life balance,My on-the-job learning opportunities,My daily expenses,My opportunities to socialise
811,My work-life balance,My working relationships,My opportunities to socialise,My opportunities to socialise,My personal relationships,My working relationships,My work-life balance,My opportunities to socialise,My work-life balance,My on-the-job learning opportunities,My daily expenses,My opportunities to socialise
812,My work-life balance,My working relationships,My opportunities to socialise,My opportunities to socialise,My personal relationships,My working relationships,My work-life balance,My opportunities to socialise,My work-life balance,My on-the-job learning opportunities,My daily expenses,My opportunities to socialise
813,My work-life balance,My working relationships,My opportunities to socialise,My opportunities to socialise,My personal relationships,My working relationships,My work-life balance,My opportunities to socialise,My work-life balance,My on-the-job learning opportunities,My daily expenses,My opportunities to socialise
814,My work-life balance,My working relationships,My opportunities to socialise,My opportunities to socialise,My personal relationships,My working relationships,My work-life balance,My opportunities to socialise,My work-life balance,My on-the-job learning opportunities,My daily expenses,My opportunities to socialise
815,My work-life balance,My working relationships,My opportunities to socialise,My opportunities to socialise,My personal relationships,My working relationships,My work-life balance,My opportunities to socialise,My work-life balance,My on-the-job learning opportunities,My daily expenses,My opportunities to socialise
816,My work-life balance,My working relationships,My opportunities to socialise,My opportunities to socialise,My personal relationships,My working relationships,My work-life balance,My opportunities to socialise,My work-life balance,My on-the-job learning opportunities,My daily expenses,My opportunities to socialise
817,My work-life balance,My working relationships,My opportunities to socialise,My opportunities to socialise,My personal relationships,My working relationships,My work-life balance,My opportunities to socialise,My work-life balance,My on-the-job learning opportunities,My daily expenses,My opportunities to socialise
818,My work-life balance,My working relationships,My opportunities to socialise,My opportunities to socialise,My personal relationships,My working relationships,My work-life balance,My opportunities to socialise,My work-life balance,My on-the-job learning opportunities,My daily expenses,My opportunities to socialise
819,My work-life balance,My working relationships,My opportunities to socialise,My opportunities to socialise,My personal relationships,My working relationships,My work-life balance,My opportunities to socialise,My work-life balance,My on-the-job learning opportunities,My daily expenses,My opportunities to socialise
820,My work-life balance,My working relationships,My opportunities to socialise,My opportunities to socialise,My personal relationships,My working relationships,My work-life balance,My opportunities to socialise,My work-life balance,My on-the-job learning opportunities,My daily expenses,My opportunities to socialise
821,My work-life balance,My working relationships,My opportunities to socialise,My opportunities to socialise,My personal relationships,My working relationships,My work-life balance,My opportunities to socialise,My work-life balance,My on-the-job learning opportunities,My daily expenses,My opportunities to socialise
822,My work-life balance,My working relationships,My opportunities to socialise,My opportunities to socialise,My personal relationships,My working relationships,My work-life balance,My opportunities to socialise,My work-life balance,My on-the-job learning opportunities,My daily expenses,My opportunities to socialise
823,My work-life balance,My working relationships,My opportunities to socialise,My opportunities to socialise,My personal relationships,My working relationships,My work-life balance,My opportunities to socialise,My work-life balance,My on-the-job learning opportunities,My daily expenses,My opportunities to socialise
824,My work-life balance,My working relationships,My opportunities to socialise,My opportunities to socialise,My personal relationships,My working relationships,My work-life balance,My opportunities to socialise,My work-life balance,My personal relationships,My job satisfaction,My opportunities to socialise
825,My work-life balance,My working relationships,My opportunities to socialise,My opportunities to socialise,My personal relationships,My working relationships,My work-life balance,My opportunities to socialise,My work-life balance,My personal relationships,My job satisfaction,My opportunities to socialise
826,My work-life balance,My working relationships,My opportunities to socialise,My opportunities to socialise,My personal relationships,My working relationships,My work-life balance,My opportunities to socialise,My work-life balance,My personal relationships,My job satisfaction,My opportunities to socialise
827,My work-life balance,My working relationships,My opportunities to socialise,My opportunities to socialise,My personal relationships,My working relationships,My work-life balance,My opportunities to socialise,My work-life balance,My personal relationships,My job satisfaction,My opportunities to socialise
828,My work-life balance,My working relationships,My opportunities to socialise,My opportunities to socialise,My personal relationships,My working relationships,My work-life balance,My opportunities to socialise,My work-life balance,My personal relationships,My job satisfaction,My opportunities to socialise
829,My work-life balance,My working relationships,My opportunities to socialise,My opportunities to socialise,My personal relationships,My working relationships,My work-life balance,My opportunities to socialise,My work-life balance,My personal relationships,My job satisfaction,My opportunities to socialise
830,My work-life balance,My working relationships,My opportunities to socialise,My opportunities to socialise,My personal relationships,My working relationships,My work-life balance,My opportunities to socialise,My work-life balance,My personal relationships,My job satisfaction,My opportunities to socialise
831,My work-life balance,My working relationships,My opportunities to socialise,My opportunities to socialise,My personal relationships,My working relationships,My work-life balance,My opportunities to socialise,My work-life balance,My personal relationships,My job satisfaction,My opportunities to socialise
832,My work-life balance,My working relationships,My opportunities to socialise,My opportunities to socialise,My personal relationships,My working relationships,My work-life balance,My opportunities to socialise,My work-life balance,My personal relationships,My job satisfaction,My opportunities to socialise
833,My work-life balance,My working relationships,My opportunities to socialise,My opportunities to socialise,My personal relationships,My working relationships,My work-life balance,My opportunities to socialise,My work-life balance,My personal relationships,My job satisfaction,My opportunities to socialise
834,My work-life balance,My working relationships,My opportunities to socialise,My opportunities to socialise,My personal relationships,My working relationships,My work-life balance,My opportunities to socialise,My work-life balance,My personal relationships,My job satisfaction,My opportunities to socialise
835,My work-life balance,My working relationships,My opportunities to socialise,My opportunities to socialise,My personal relationships,My working relationships,My work-life balance,My opportunities to socialise,My work-life balance,My personal relationships,My job satisfaction,My opportunities to socialise
836,My work-life balance,My working relationships,My opportunities to socialise,My opportunities to socialise,My personal relationships,My working relationships,My work-life balance,My opportunities to socialise,My work-life balance,My personal relationships,My job satisfaction,My opportunities to socialise
837,My work-life balance,My working relationships,My opportunities to socialise,My opportunities to socialise,My personal relationships,My working relationships,My work-life balance,My opportunities to socialise,My work-life balance,My personal relationships,My job satisfaction,My opportunities to socialise
838,My work-life balance,My working relationships,My opportunities to socialise,My opportunities to socialise,My personal relationships,My working relationships,My work-life balance,My opportunities to socialise,My work-life balance,My personal relationships,My job satisfaction,My opportunities to socialise
839,My work-life balance,My working relationships,My opportunities to socialise,My opportunities to socialise,My personal relationships,My working relationships,My work-life balance,My opportunities to socialise,My work-life balance,My personal relationships,My job satisfaction,My opportunities to socialise
840,My work-life balance,My working relationships,My opportunities to socialise,My opportunities to socialise,My personal relationships,My working relationships,My work-life balance,My opportunities to socialise,My work-life balance,My personal relationships,My job satisfaction,My opportunities to socialise
841,My work-life balance,My working relationships,My opportunities to socialise,My opportunities to socialise,My personal relationships,My working relationships,My work-life balance,My opportunities to socialise,My work-life balance,My personal relationships,My job satisfaction,My opportunities to socialise
842,My work-life balance,My working relationships,My opportunities to socialise,My opportunities to socialise,My personal relationships,My working relationships,My work-life balance,My opportunities to socialise,My work-life balance,My personal relationships,My job satisfaction,My opportunities to socialise
843,My work-life balance,My working relationships,My opportunities to socialise,My opportunities to socialise,My personal relationships,My working relationships,My work-life balance,My opportunities to socialise,My work-life balance,My personal relationships,My job satisfaction,My opportunities to socialise
844,My work-life balance,My working relationships,My opportunities to socialise,My opportunities to socialise,My personal relationships,My working relationships,My work-life balance,My opportunities to socialise,My work-life balance,My personal relationships,My job satisfaction,My opportunities to socialise
845,My work-life balance,My working relationships,My opportunities to socialise,My opportunities to socialise,My personal relationships,My working relationships,My work-life balance,My opportunities to socialise,My work-life balance,My personal relationships,My job satisfaction,My opportunities to socialise
846,My work-life balance,My working relationships,My opportunities to socialise,My opportunities to socialise,My personal relationships,My working relationships,My work-life balance,My opportunities to socialise,My work-life balance,My personal relationships,My job satisfaction,My opportunities to socialise
847,My work-life balance,My working relationships,My opportunities to socialise,My opportunities to socialise,My personal relationships,My working relationships,My work-life balance,My opportunities to socialise,My work-life balance,My personal relationships,My job satisfaction,My opportunities to socialise
848,My work-life balance,My working relationships,My opportunities to socialise,My opportunities to socialise,My personal relationships,My working relationships,My work-life balance,My opportunities to socialise,My work-life balance,My personal relationships,My job satisfaction,My opportunities to socialise
849,My work-life balance,My working relationships,My opportunities to socialise,My opportunities to socialise,My personal relationships,My working relationships,My work-life balance,My opportunities to socialise,My work-life balance,My personal relationships,My job satisfaction,My opportunities to socialise
850,My work-life balance,My working relationships,My opportunities to socialise,My opportunities to socialise,My personal relationships,My working relationships,My work-life balance,My opportunities to socialise,My work-life balance,My personal relationships,My job satisfaction,My opportunities to socialise
851,My work-life balance,My working relationships,My opportunities to socialise,My opportunities to socialise,My personal relationships,My working relationships,My work-life balance,My opportunities to socialise,My work-life balance,My personal relationships,My job satisfaction,My opportunities to socialise
852,My work-life balance,My working relationships,My opportunities to socialise,My opportunities to socialise,My personal relationships,My working relationships,My work-life balance,My opportunities to socialise,My work-life balance,My personal relationships,My job satisfaction,My opportunities to socialise
853,My work-life balance,My working relationships,My opportunities to socialise,My opportunities to socialise,My personal relationships,My working relationships,My work-life balance,My opportunities to socialise,My work-life balance,My personal relationships,My job satisfaction,My opportunities to socialise
854,My work-life balance,My working relationships,My opportunities to socialise,My opportunities to socialise,My personal relationships,My working relationships,My work-life balance,My opportunities to socialise,My work-life balance,My personal relationships,My job satisfaction,My opportunities to socialise
855,My work-life balance,My working relationships,My opportunities to socialise,My opportunities to socialise,My personal relationships,My working relationships,My work-life balance,My opportunities to socialise,My work-life balance,My personal relationships,My job satisfaction,My opportunities to socialise
856,My work-life balance,My working relationships,My opportunities to socialise,My opportunities to socialise,My personal relationships,My working relationships,My work-life balance,My opportunities to socialise,My work-life balance,My personal relationships,My job satisfaction,My opportunities to socialise
857,My work-life balance,My working relationships,My opportunities to socialise,My opportunities to socialise,My personal relationships,My working relationships,My work-life balance,My opportunities to socialise,My work-life balance,My personal relationships,My job satisfaction,My opportunities to socialise
858,My work-life balance,My working relationships,My opportunities to socialise,My opportunities to socialise,My personal relationships,My working relationships,My work-life balance,My opportunities to socialise,My work-life balance,My personal relationships,My job satisfaction,My opportunities to socialise
859,My work-life balance,My working relationships,My opportunities to socialise,My opportunities to socialise,My personal relationships,My working relationships,My work-life balance,My opportunities to socialise,My work-life balance,My personal relationships,My job satisfaction,My opportunities to socialise
860,My work-life balance,My working relationships,My opportunities to socialise,My opportunities to socialise,My personal relationships,My working relationships,My work-life balance,My opportunities to socialise,My work-life balance,My personal relationships,My job satisfaction,My opportunities to socialise
861,My work-life balance,My working relationships,My opportunities to socialise,My opportunities to socialise,My personal relationships,My working relationships,My work-life balance,My opportunities to socialise,My work-life balance,My personal relationships,My job satisfaction,My opportunities to socialise
862,My work-life balance,My working relationships,My opportunities to socialise,My opportunities to socialise,My personal relationships,My working relationships,My work-life balance,My opportunities to socialise,My work-life balance,My personal relationships,My job satisfaction,My opportunities to socialise
863,My work-life balance,My working relationships,My opportunities to socialise,My opportunities to socialise,My personal relationships,My working relationships,My work-life balance,My opportunities to socialise,My work-life balance,My personal relationships,My job satisfaction,My opportunities to socialise
864,My work-life balance,My working relationships,My opportunities to socialise,My opportunities to socialise,My personal relationships,My working relationships,My work-life balance,My opportunities to socialise,My work-life balance,My personal relationships,My job satisfaction,My opportunities to socialise
865,My work-life balance,My working relationships,My opportunities to socialise,My opportunities to socialise,My personal relationships,My working relationships,My work-life balance,My opportunities to socialise,My work-life balance,My personal relationships,My job satisfaction,My opportunities to socialise
866,My work-life balance,My working relationships,My opportunities to socialise,My opportunities to socialise,My personal relationships,My working relationships,My work-life balance,My opportunities to socialise,My work-life balance,My personal relationships,My job satisfaction,My opportunities to socialise
867,My work-life balance,My working relationships,My opportunities to socialise,My opportunities to socialise,My personal relationships,My working relationships,My work-life balance,My opportunities to socialise,My work-life balance,My personal relationships,My job satisfaction,My opportunities to socialise
868,My work-life balance,My working relationships,My opportunities to socialise,My opportunities to socialise,My personal relationships,My working relationships,My work-life balance,My opportunities to socialise,My work-life balance,My personal relationships,My job satisfaction,My opportunities to socialise
869,My work-life balance,My working relationships,My opportunities to socialise,My opportunities to socialise,My personal relationships,My working relationships,My work-life balance,My opportunities to socialise,My work-life balance,My personal relationships,My job satisfaction,My opportunities to socialise
870,My work-life balance,My working relationships,My opportunities to socialise,My opportunities to socialise,My personal relationships,My working relationships,My work-life balance,My opportunities to socialise,My work-life balance,My personal relationships,My job satisfaction,My opportunities to socialise
871,My work-life balance,My working relationships,My opportunities to socialise,My opportunities to socialise,My personal relationships,My working relationships,My work-life balance,My opportunities to socialise,My work-life balance,My personal relationships,My job satisfaction,My opportunities to socialise
872,My work-life balance,My working relationships,My opportunities to socialise,My opportunities to socialise,My personal relationships,My working relationships,My work-life balance,My opportunities to socialise,My work-life balance,My personal relationships,My job satisfaction,My opportunities to socialise
873,My work-life balance,My working relationships,My opportunities to socialise,My opportunities to socialise,My personal relationships,My working relationships,My work-life balance,My opportunities to socialise,My work-life balance,My personal relationships,My job satisfaction,My opportunities to socialise
874,My work-life balance,My working relationships,My opportunities to socialise,My opportunities to socialise,My personal relationships,My working relationships,My work-life balance,My opportunities to socialise,My work-life balance,My personal relationships,My job satisfaction,My opportunities to socialise
875,My work-life balance,My working relationships,My opportunities to socialise,My opportunities to socialise,My personal relationships,My working relationships,My work-life balance,My opportunities to socialise,My work-life balance,My personal relationships,My job satisfaction,My opportunities to socialise
876,My work-life balance,My working relationships,My opportunities to socialise,My opportunities to socialise,My personal relationships,My working relationships,My work-life balance,My opportunities to socialise,My work-life balance,My personal relationships,My job satisfaction,My opportunities to socialise
877,My work-life balance,My working relationships,My opportunities to socialise,My opportunities to socialise,My personal relationships,My working relationships,My work-life balance,My opportunities to socialise,My work-life balance,My personal relationships,My job satisfaction,My opportunities to socialise
878,My work-life balance,My working relationships,My opportunities to socialise,My opportunities to socialise,My personal relationships,My working relationships,My work-life balance,My opportunities to socialise,My work-life balance,My personal relationships,My job satisfaction,My opportunities to socialise
879,My work-life balance,My working relationships,My opportunities to socialise,My opportunities to socialise,My personal relationships,My working relationships,My work-life balance,My opportunities to socialise,My work-life balance,My personal relationships,My job satisfaction,My opportunities to socialise
880,My work-life balance,My working relationships,My opportunities to socialise,My opportunities to socialise,My personal relationships,My working relationships,My work-life balance,My opportunities to socialise,My work-life balance,My personal relationships,My job satisfaction,My opportunities to socialise
881,My work-life balance,My working relationships,My opportunities to socialise,My opportunities to socialise,My personal relationships,My working relationships,My work-life balance,My opportunities to socialise,My work-life balance,My personal relationships,My job satisfaction,My opportunities to socialise
882,My work-life balance,My working relationships,My opportunities to socialise,My opportunities to socialise,My personal relationships,My working relationships,My work-life balance,My opportunities to socialise,My work-life balance,My personal relationships,My job satisfaction,My opportunities to socialise
883,My work-life balance,My working relationships,My opportunities to socialise,My opportunities to socialise,My personal relationships,My working relationships,My work-life balance,My opportunities to socialise,My work-life balance,My personal relationships,My job satisfaction,My opportunities to socialise
884,My work-life balance,My working relationships,My opportunities to socialise,My opportunities to socialise,My personal relationships,My working relationships,My work-life balance,My opportunities to socialise,My work-life balance,My personal relationships,My job satisfaction,My opportunities to socialise
885,My work-life balance,My working relationships,My working relationships,My opportunities to socialise,My personal relationships,My working relationships,My work-life balance,My opportunities to socialise,My work-life balance,My personal relationships,My job satisfaction,My opportunities to socialise
886,My work-life balance,My working relationships,My working relationships,My opportunities to socialise,My personal relationships,My working relationships,My work-life balance,My opportunities to socialise,My work-life balance,My personal relationships,My job satisfaction,My opportunities to socialise
887,My work-life balance,My working relationships,My working relationships,My opportunities to socialise,My personal relationships,My working relationships,My work-life balance,My opportunities to socialise,My work-life balance,My personal relationships,My job satisfaction,My opportunities to socialise
888,My work-life balance,My working relationships,My working relationships,My opportunities to socialise,My personal relationships,My working relationships,My work-life balance,My opportunities to socialise,My work-life balance,My personal relationships,My job satisfaction,My opportunities to socialise
889,My work-life balance,My working relationships,My working relationships,My opportunities to socialise,My personal relationships,My working relationships,My work-life balance,My opportunities to socialise,My work-life balance,My personal relationships,My job satisfaction,My opportunities to socialise
890,My work-life balance,My working relationships,My working relationships,My opportunities to socialise,My personal relationships,My working relationships,My work-life balance,My opportunities to socialise,My work-life balance,My personal relationships,My job satisfaction,My opportunities to socialise
891,My work-life balance,My working relationships,My working relationships,My opportunities to socialise,My personal relationships,My working relationships,My work-life balance,My opportunities to socialise,My work-life balance,My personal relationships,My job satisfaction,My opportunities to socialise
892,My work-life balance,My working relationships,My working relationships,My opportunities to socialise,My personal relationships,My working relationships,My work-life balance,My opportunities to socialise,My work-life balance,My personal relationships,My job satisfaction,My opportunities to socialise
893,My work-life balance,My working relationships,My working relationships,My opportunities to socialise,My personal relationships,My working relationships,My work-life balance,My opportunities to socialise,My work-life balance,My personal relationships,My job satisfaction,My opportunities to socialise
894,My work-life balance,My working relationships,My working relationships,My opportunities to socialise,My personal relationships,My working relationships,My work-life balance,My opportunities to socialise,My work-life balance,My personal relationships,My job satisfaction,My opportunities to socialise
895,My work-life balance,My working relationships,My working relationships,My opportunities to socialise,My personal relationships,My working relationships,My work-life balance,My opportunities to socialise,My work-life balance,My personal relationships,My job satisfaction,My opportunities to socialise
896,My work-life balance,My working relationships,My working relationships,My opportunities to socialise,My personal relationships,My working relationships,My work-life balance,My opportunities to socialise,My work-life balance,My personal relationships,My job satisfaction,My opportunities to socialise
897,My work-life balance,My working relationships,My working relationships,My opportunities to socialise,My personal relationships,My working relationships,My work-life balance,My opportunities to socialise,My work-life balance,My personal relationships,My job satisfaction,My opportunities to socialise
898,My work-life balance,My working relationships,My working relationships,My opportunities to socialise,My personal relationships,My working relationships,My work-life balance,My opportunities to socialise,My work-life balance,My personal relationships,My job satisfaction,My opportunities to socialise
899,My work-life balance,My working relationships,My working relationships,My opportunities to socialise,My personal relationships,My working relationships,My work-life balance,My opportunities to socialise,My work-life balance,My personal relationships,My job satisfaction,My opportunities to socialise
900,My work-life balance,My working relationships,My working relationships,My opportunities to socialise,My working relationships,My working relationships,My work-life balance,My opportunities to socialise,My work-life balance,My personal relationships,My job satisfaction,My opportunities to socialise
901,My work-life balance,My working relationships,My working relationships,My opportunities to socialise,My working relationships,My working relationships,My work-life balance,My opportunities to socialise,My work-life balance,My personal relationships,My job satisfaction,My opportunities to socialise
902,My work-life balance,My working relationships,My working relationships,My opportunities to socialise,My working relationships,My working relationships,My work-life balance,My opportunities to socialise,My work-life balance,My personal relationships,My job satisfaction,My opportunities to socialise
903,My work-life balance,My working relationships,My working relationships,My opportunities to socialise,My working relationships,My working relationships,My work-life balance,My opportunities to socialise,My work-life balance,My personal relationships,My job satisfaction,My opportunities to socialise
904,My work-life balance,My working relationships,My working relationships,My opportunities to socialise,My working relationships,My working relationships,My work-life balance,My opportunities to socialise,My work-life balance,My personal relationships,My job satisfaction,My opportunities to socialise
905,My work-life balance,My working relationships,My working relationships,My opportunities to socialise,My working relationships,My working relationships,My work-life balance,My opportunities to socialise,My work-life balance,My personal relationships,My job satisfaction,My opportunities to socialise
906,My work-life balance,My working relationships,My working relationships,My opportunities to socialise,My working relationships,My working relationships,My work-life balance,My opportunities to socialise,My work-life balance,My personal relationships,My job satisfaction,My opportunities to socialise
907,My work-life balance,My working relationships,My working relationships,My opportunities to socialise,My working relationships,My working relationships,My work-life balance,My opportunities to socialise,My work-life balance,My personal relationships,My job satisfaction,My opportunities to socialise
908,My work-life balance,My working relationships,My working relationships,My opportunities to socialise,My working relationships,My working relationships,My work-life balance,My opportunities to socialise,My work-life balance,My personal relationships,My job satisfaction,My opportunities to socialise
909,My work-life balance,My working relationships,My working relationships,My opportunities to socialise,My working relationships,My working relationships,My work-life balance,My opportunities to socialise,My work-life balance,My personal relationships,My job satisfaction,My opportunities to socialise
910,My work-life balance,My working relationships,My working relationships,My opportunities to socialise,My working relationships,My working relationships,My work-life balance,My opportunities to socialise,My work-life balance,My personal relationships,My job satisfaction,My opportunities to socialise
911,My work-life balance,My working relationships,My working relationships,My opportunities to socialise,My working relationships,My working relationships,My work-life balance,My opportunities to socialise,My work-life balance,My personal relationships,My job satisfaction,My opportunities to socialise
912,My work-life balance,My working relationships,My working relationships,My opportunities to socialise,My working relationships,My working relationships,My work-life balance,My opportunities to socialise,My work-life balance,My personal relationships,My job satisfaction,My opportunities to socialise
913,My work-life balance,My working relationships,My working relationships,My opportunities to socialise,My working relationships,My working relationships,My work-life balance,My opportunities to socialise,My work-life balance,My personal relationships,My job satisfaction,My opportunities to socialise
914,My work-life balance,My working relationships,My working relationships,My opportunities to socialise,My working relationships,My working relationships,My work-life balance,My opportunities to socialise,My work-life balance,My personal relationships,My job satisfaction,My opportunities to socialise
915,My work-life balance,My working relationships,My working relationships,My opportunities to socialise,My working relationships,My working relationships,My work-life balance,My opportunities to socialise,My work-life balance,My personal relationships,My job satisfaction,My opportunities to socialise
916,My work-life balance,My working relationships,My working relationships,My opportunities to socialise,My working relationships,My working relationships,My work-life balance,My opportunities to socialise,My work-life balance,My personal relationships,My job satisfaction,My opportunities to socialise
917,My work-life balance,My working relationships,My working relationships,My opportunities to socialise,My working relationships,My working relationships,My work-life balance,My opportunities to socialise,My work-life balance,My personal relationships,My job satisfaction,My opportunities to socialise
918,My work-life balance,My working relationships,My working relationships,My opportunities to socialise,My working relationships,My working relationships,My work-life balance,My opportunities to socialise,My work-life balance,My personal relationships,My job satisfaction,My opportunities to socialise
919,My work-life balance,My working relationships,My working relationships,My opportunities to socialise,My working relationships,My working relationships,My work-life balance,My opportunities to socialise,My work-life balance,My personal relationships,My job satisfaction,My opportunities to socialise
920,My work-life balance,My working relationships,My working relationships,My opportunities to socialise,My working relationships,My working relationships,My work-life balance,My opportunities to socialise,My work-life balance,My personal relationships,My job satisfaction,My opportunities to socialise
921,My work-life balance,My working relationships,My working relationships,My opportunities to socialise,My working relationships,My working relationships,My work-life balance,My opportunities to socialise,My work-life balance,My personal relationships,My job satisfaction,My opportunities to socialise
922,My work-life balance,My work-life balance,My working relationships,My opportunities to socialise,My working relationships,My working relationships,My work-life balance,My opportunities to socialise,My work-life balance,My personal relationships,My job satisfaction,My opportunities to socialise
923,My work-life balance,My work-life balance,My working relationships,My opportunities to socialise,My working relationships,My working relationships,My work-life balance,My opportunities to socialise,My work-life balance,My personal relationships,My job satisfaction,My opportunities to socialise
924,My work-life balance,My work-life balance,My working relationships,My opportunities to socialise,My working relationships,My working relationships,My work-life balance,My opportunities to socialise,My work-life balance,My personal relationships,My job satisfaction,My opportunities to socialise
925,My work-life balance,My work-life balance,My working relationships,My opportunities to socialise,My working relationships,My working relationships,My work-life balance,My opportunities to socialise,My work-life balance,My personal relationships,My job satisfaction,My opportunities to socialise
926,My work-life balance,My work-life balance,My working relationships,My opportunities to socialise,My working relationships,My working relationships,My work-life balance,My opportunities to socialise,My work-life balance,My personal relationships,My job satisfaction,My opportunities to socialise
927,My work-life balance,My work-life balance,My working relationships,My opportunities to socialise,My working relationships,My working relationships,My work-life balance,My opportunities to socialise,My work-life balance,My personal relationships,My job satisfaction,My opportunities to socialise
928,My work-life balance,My work-life balance,My working relationships,My opportunities to socialise,My working relationships,My working relationships,My work-life balance,My opportunities to socialise,My work-life balance,My personal relationships,My job satisfaction,My opportunities to socialise
929,My work-life balance,My work-life balance,My working relationships,My opportunities to socialise,My working relationships,My working relationships,My work-life balance,My opportunities to socialise,My work-life balance,My personal relationships,My job satisfaction,My opportunities to socialise
930,My work-life balance,My work-life balance,My working relationships,My opportunities to socialise,My working relationships,My working relationships,My work-life balance,My opportunities to socialise,My work-life balance,My personal relationships,My job satisfaction,My opportunities to socialise
931,My work-life balance,My work-life balance,My working relationships,My opportunities to socialise,My working relationships,My working relationships,My work-life balance,My opportunities to socialise,My work-life balance,My personal relationships,My job satisfaction,My opportunities to socialise
932,My work-life balance,My work-life balance,My working relationships,My opportunities to socialise,My working relationships,My working relationships,My work-life balance,My opportunities to socialise,My work-life balance,My personal relationships,My job satisfaction,My opportunities to socialise
933,My work-life balance,My work-life balance,My working relationships,My opportunities to socialise,My working relationships,My working relationships,My work-life balance,My opportunities to socialise,My work-life balance,My personal relationships,My job satisfaction,My opportunities to socialise
934,My work-life balance,My work-life balance,My working relationships,My opportunities to socialise,My working relationships,My working relationships,My work-life balance,My opportunities to socialise,My work-life balance,My personal relationships,My job satisfaction,My opportunities to socialise
935,My work-life balance,My work-life balance,My working relationships,My opportunities to socialise,My working relationships,My working relationships,My work-life balance,My opportunities to socialise,My work-life balance,My personal relationships,My job satisfaction,My opportunities to socialise
936,My work-life balance,My work-life balance,My working relationships,My opportunities to socialise,My working relationships,My working relationships,My work-life balance,My opportunities to socialise,My work-life balance,My personal relationships,My job satisfaction,My opportunities to socialise
937,My work-life balance,My work-life balance,My working relationships,My opportunities to socialise,My working relationships,My working relationships,My work-life balance,My opportunities to socialise,My work-life balance,My personal relationships,My job satisfaction,My opportunities to socialise
938,My work-life balance,My work-life balance,My working relationships,My opportunities to socialise,My working relationships,My working relationships,My work-life balance,My opportunities to socialise,My work-life balance,My personal relationships,My job satisfaction,My opportunities to socialise
939,My work-life balance,My work-life balance,My working relationships,My opportunities to socialise,My working relationships,My working relationships,My work-life balance,My opportunities to socialise,My work-life balance,My personal relationships,My job satisfaction,My opportunities to socialise
940,My work-life balance,My work-life balance,My working relationships,My opportunities to socialise,My working relationships,My working relationships,My work-life balance,My opportunities to socialise,My work-life balance,My personal relationships,My job satisfaction,My opportunities to socialise
941,My work-life balance,My work-life balance,My working relationships,My opportunities to socialise,My working relationships,My working relationships,My work-life balance,My opportunities to socialise,My work-life balance,My personal relationships,My job satisfaction,My opportunities to socialise
942,Preparing for work and commuting,My work-life balance,My working relationships,My opportunities to socialise,My working relationships,My working relationships,My work-life balance,My opportunities to socialise,My work-life balance,My personal relationships,My job satisfaction,My opportunities to socialise
943,Preparing for work and commuting,My work-life balance,My working relationships,My opportunities to socialise,My working relationships,My working relationships,My work-life balance,My opportunities to socialise,My work-life balance,My personal relationships,My job satisfaction,My opportunities to socialise
944,Preparing for work and commuting,My work-life balance,My working relationships,My opportunities to socialise,My working relationships,My working relationships,My work-life balance,My opportunities to socialise,My work-life balance,My personal relationships,My job satisfaction,My opportunities to socialise
945,Preparing for work and commuting,My work-life balance,My working relationships,My opportunities to socialise,My working relationships,My working relationships,My work-life balance,My opportunities to socialise,My work-life balance,My personal relationships,My job satisfaction,My opportunities to socialise
946,Preparing for work and commuting,My work-life balance,My working relationships,My opportunities to socialise,My working relationships,My working relationships,My work-life balance,My opportunities to socialise,My work-life balance,My personal relationships,My job satisfaction,My opportunities to socialise
947,Preparing for work and commuting,My work-life balance,My working relationships,My opportunities to socialise,My working relationships,My working relationships,My work-life balance,My opportunities to socialise,My work-life balance,My personal relationships,My job satisfaction,My opportunities to socialise
948,Preparing for work and commuting,My work-life balance,My working relationships,My opportunities to socialise,My working relationships,My working relationships,My work-life balance,My opportunities to socialise,My work-life balance,My personal relationships,My job satisfaction,My opportunities to socialise
949,Preparing for work and commuting,My work-life balance,My working relationships,My opportunities to socialise,My working relationships,My working relationships,My work-life balance,My opportunities to socialise,My work-life balance,My personal relationships,My job satisfaction,My opportunities to socialise
950,Preparing for work and commuting,My work-life balance,My working relationships,My opportunities to socialise,My working relationships,My working relationships,My work-life balance,My opportunities to socialise,My work-life balance,My personal relationships,My job satisfaction,My opportunities to socialise
951,Preparing for work and commuting,My work-life balance,My working relationships,My opportunities to socialise,My working relationships,My working relationships,My work-life balance,My opportunities to socialise,My work-life balance,My personal relationships,My job satisfaction,My opportunities to socialise
952,Preparing for work and commuting,My work-life balance,My working relationships,My opportunities to socialise,My working relationships,My working relationships,My work-life balance,My opportunities to socialise,My work-life balance,My personal relationships,My job satisfaction,My opportunities to socialise
953,Preparing for work and commuting,My work-life balance,My working relationships,My opportunities to socialise,My working relationships,My working relationships,My work-life balance,My opportunities to socialise,My work-life balance,My personal relationships,My job satisfaction,My opportunities to socialise
954,Preparing for work and commuting,My work-life balance,My working relationships,My opportunities to socialise,My working relationships,My working relationships,My work-life balance,My opportunities to socialise,My work-life balance,My personal relationships,My job satisfaction,My opportunities to socialise
955,Preparing for work and commuting,My work-life balance,My working relationships,My opportunities to socialise,My working relationships,My working relationships,My work-life balance,My opportunities to socialise,My work-life balance,My personal relationships,My job satisfaction,My opportunities to socialise
956,Preparing for work and commuting,My work-life balance,My working relationships,My opportunities to socialise,My working relationships,My working relationships,My work-life balance,My opportunities to socialise,My work-life balance,My personal relationships,My job satisfaction,My opportunities to socialise
957,Preparing for work and commuting,My work-life balance,My working relationships,My opportunities to socialise,My working relationships,My working relationships,My work-life balance,My opportunities to socialise,My work-life balance,My personal relationships,My job satisfaction,My opportunities to socialise
958,Preparing for work and commuting,My work-life balance,My working relationships,My opportunities to socialise,My working relationships,My working relationships,My work-life balance,My opportunities to socialise,My work-life balance,My personal relationships,My job satisfaction,My opportunities to socialise
959,Preparing for work and commuting,My work-life balance,My working relationships,My opportunities to socialise,My working relationships,My working relationships,My work-life balance,My opportunities to socialise,My work-life balance,My personal relationships,My job satisfaction,My opportunities to socialise
960,Preparing for work and commuting,My work-life balance,My working relationships,My opportunities to socialise,My working relationships,My working relationships,My work-life balance,My opportunities to socialise,My work-life balance,My personal relationships,My job satisfaction,My opportunities to socialise
961,Preparing for work and commuting,My work-life balance,My working relationships,My opportunities to socialise,My working relationships,My working relationships,My work-life balance,My opportunities to socialise,My work-life balance,My personal relationships,My job satisfaction,My opportunities to socialise
962,Preparing for work and commuting,My work-life balance,My working relationships,My opportunities to socialise,My working relationships,My working relationships,My work-life balance,My opportunities to socialise,My work-life balance,My personal relationships,My job satisfaction,My opportunities to socialise
963,Preparing for work and commuting,My work-life balance,My working relationships,My opportunities to socialise,My working relationships,My working relationships,My work-life balance,My opportunities to socialise,My work-life balance,My personal relationships,My job satisfaction,My opportunities to socialise
964,Preparing for work and commuting,My work-life balance,My working relationships,My opportunities to socialise,My working relationships,My working relationships,My work-life balance,My opportunities to socialise,My work-life balance,My personal relationships,My job satisfaction,My opportunities to socialise
965,Preparing for work and commuting,My work-life balance,My working relationships,My opportunities to socialise,My working relationships,My working relationships,My work-life balance,My opportunities to socialise,My work-life balance,My personal relationships,My job satisfaction,My opportunities to socialise
966,Preparing for work and commuting,My work-life balance,My working relationships,My opportunities to socialise,My working relationships,My working relationships,My work-life balance,My opportunities to socialise,My work-life balance,My personal relationships,My job satisfaction,My opportunities to socialise
967,Preparing for work and commuting,My work-life balance,My working relationships,My opportunities to socialise,My working relationships,My working relationships,My work-life balance,My opportunities to socialise,My work-life balance,My personal relationships,My job satisfaction,My opportunities to socialise
968,Preparing for work and commuting,My work-life balance,My working relationships,My opportunities to socialise,My working relationships,My working relationships,My work-life balance,My opportunities to socialise,My work-life balance,My personal relationships,My job satisfaction,My opportunities to socialise
969,Preparing for work and commuting,My work-life balance,My working relationships,My opportunities to socialise,My working relationships,My working relationships,My work-life balance,My opportunities to socialise,My work-life balance,My personal relationships,My job satisfaction,My opportunities to socialise
970,Preparing for work and commuting,My work-life balance,My working relationships,My opportunities to socialise,My working relationships,My working relationships,My work-life balance,My opportunities to socialise,My work-life balance,My personal relationships,My job satisfaction,My opportunities to socialise
971,Preparing for work and commuting,My work-life balance,My working relationships,My opportunities to socialise,My working relationships,My working relationships,My work-life balance,My opportunities to socialise,My work-life balance,My personal relationships,My job satisfaction,My opportunities to socialise
972,Preparing for work and commuting,My work-life balance,My working relationships,My opportunities to socialise,My working relationships,My working relationships,My work-life balance,My opportunities to socialise,My work-life balance,My personal relationships,My job satisfaction,My opportunities to socialise
973,Preparing for work and commuting,My work-life balance,My working relationships,My opportunities to socialise,My working relationships,My working relationships,My work-life balance,My opportunities to socialise,My work-life balance,My personal relationships,My job satisfaction,My opportunities to socialise
974,Preparing for work and commuting,My work-life balance,My working relationships,My opportunities to socialise,My working relationships,My working relationships,My work-life balance,My opportunities to socialise,My work-life balance,My personal relationships,My job satisfaction,My opportunities to socialise
975,Preparing for work and commuting,My work-life balance,My working relationships,My opportunities to socialise,My working relationships,My working relationships,My work-life balance,My opportunities to socialise,My work-life balance,My personal relationships,My job satisfaction,My opportunities to socialise
976,Preparing for work and commuting,My work-life balance,My working relationships,My opportunities to socialise,My working relationships,My working relationships,My work-life balance,My opportunities to socialise,My work-life balance,My personal relationships,My job satisfaction,My opportunities to socialise
977,Preparing for work and commuting,My work-life balance,My working relationships,My opportunities to socialise,My working relationships,My working relationships,My work-life balance,My opportunities to socialise,My work-life balance,My personal relationships,My job satisfaction,My opportunities to socialise
978,Preparing for work and commuting,My work-life balance,My working relationships,My opportunities to socialise,My working relationships,My working relationships,My work-life balance,My opportunities to socialise,My work-life balance,My personal relationships,My job satisfaction,My opportunities to socialise
979,Preparing for work and commuting,My work-life balance,My working relationships,My opportunities to socialise,My working relationships,My working relationships,My work-life balance,My opportunities to socialise,My work-life balance,My personal relationships,My job satisfaction,My opportunities to socialise
980,Preparing for work and commuting,My work-life balance,My working relationships,My opportunities to socialise,My working relationships,My working relationships,My work-life balance,My opportunities to socialise,My work-life balance,My personal relationships,My job satisfaction,My opportunities to socialise
981,Preparing for work and commuting,My work-life balance,My working relationships,My opportunities to socialise,My working relationships,My working relationships,My work-life balance,My opportunities to socialise,My work-life balance,My personal relationships,My job satisfaction,My opportunities to socialise
982,Preparing for work and commuting,My work-life balance,My working relationships,My opportunities to socialise,My working relationships,My working relationships,My work-life balance,My opportunities to socialise,My work-life balance,My personal relationships,My job satisfaction,My opportunities to socialise
983,Preparing for work and commuting,My work-life balance,My working relationships,My opportunities to socialise,My working relationships,My working relationships,My work-life balance,My opportunities to socialise,My work-life balance,My personal relationships,My job satisfaction,My opportunities to socialise
984,Preparing for work and commuting,My work-life balance,Preparing for work and commuting,My opportunities to socialise,My working relationships,My working relationships,My work-life balance,My opportunities to socialise,My work-life balance,My personal relationships,My job satisfaction,My opportunities to socialise
985,Preparing for work and commuting,My work-life balance,Preparing for work and commuting,My opportunities to socialise,My working relationships,My working relationships,My work-life balance,My opportunities to socialise,My work-life balance,My personal relationships,My job satisfaction,My opportunities to socialise
986,Preparing for work and commuting,My work-life balance,Preparing for work and commuting,My opportunities to socialise,My working relationships,My working relationships,My work-life balance,My opportunities to socialise,My work-life balance,My personal relationships,My job satisfaction,My opportunities to socialise
987,Preparing for work and commuting,My work-life balance,Preparing for work and commuting,My opportunities to socialise,My working relationships,My working relationships,My work-life balance,My opportunities to socialise,My work-life balance,My personal relationships,My job satisfaction,My opportunities to socialise
988,Preparing for work and commuting,My work-life balance,Preparing for work and commuting,My opportunities to socialise,My working relationships,My working relationships,My work-life balance,My opportunities to socialise,My work-life balance,My personal relationships,My job satisfaction,My opportunities to socialise
989,Preparing for work and commuting,My work-life balance,Preparing for work and commuting,My opportunities to socialise,My working relationships,My working relationships,My work-life balance,My opportunities to socialise,My work-life balance,My personal relationships,My job satisfaction,My opportunities to socialise
990,Preparing for work and commuting,My work-life balance,Preparing for work and commuting,My opportunities to socialise,My working relationships,My working relationships,My work-life balance,My opportunities to socialise,My work-life balance,My personal relationships,My job satisfaction,My opportunities to socialise
991,Preparing for work and commuting,My work-life balance,Preparing for work and commuting,My working relationships,My working relationships,My working relationships,My work-life balance,My opportunities to socialise,My work-life balance,My personal relationships,My job satisfaction,My opportunities to socialise
992,Preparing for work and commuting,My work-life balance,Preparing for work and commuting,My working relationships,My working relationships,My working relationships,My work-life balance,My opportunities to socialise,My work-life balance,My personal relationships,My job satisfaction,My opportunities to socialise
993,Preparing for work and commuting,My work-life balance,Preparing for work and commuting,My working relationships,My working relationships,My working relationships,My work-life balance,My opportunities to socialise,My work-life balance,My personal relationships,My job satisfaction,My opportunities to socialise
994,Preparing for work and commuting,My work-life balance,Preparing for work and commuting,My working relationships,Preparing for work and commuting,My working relationships,My work-life balance,My opportunities to socialise,My work-life balance,My personal relationships,My job satisfaction,My opportunities to socialise
995,Preparing for work and commuting,My work-life balance,Preparing for work and commuting,My working relationships,Preparing for work and commuting,My working relationships,My work-life balance,My opportunities to socialise,My work-life balance,My personal relationships,My job satisfaction,My opportunities to socialise
996,Preparing for work and commuting,My work-life balance,Preparing for work and commuting,My working relationships,Preparing for work and commuting,My working relationships,My work-life balance,My opportunities to socialise,My work-life balance,My personal relationships,My job satisfaction,My opportunities to socialise
997,Preparing for work and commuting,My work-life balance,Preparing for work and commuting,My working relationships,Preparing for work and commuting,My working relationships,My work-life balance,My opportunities to socialise,My work-life balance,My personal relationships,My job satisfaction,My opportunities to socialise
998,Preparing for work and commuting,My work-life balance,Preparing for work and commuting,My working relationships,Preparing for work and commuting,My working relationships,My work-life balance,My opportunities to socialise,My work-life balance,My personal relationships,My job satisfaction,My opportunities to socialise
999,Preparing for work and commuting,My work-life balance,Preparing for work and commuting,My working relationships,Preparing for work and commuting,My working relationships,My work-life balance,My opportunities to socialise,My work-life balance,My personal relationships,My job satisfaction,My opportunities to socialise
1000,Preparing for work and commuting,My work-life balance,Preparing for work and commuting,My working relationships,Preparing for work and commuting,My working relationships,My work-life balance,My opportunities to socialise,My work-life balance,My personal relationships,My job satisfaction,My opportunities to socialise
1001,Preparing for work and commuting,My work-life balance,Preparing for work and commuting,My working relationships,Preparing for work and commuting,My working relationships,My work-life balance,My opportunities to socialise,My work-life balance,My personal relationships,My job satisfaction,My opportunities to socialise
1002,Preparing for work and commuting,My work-life balance,Preparing for work and commuting,My working relationships,Preparing for work and commuting,My working relationships,My work-life balance,My opportunities to socialise,My work-life balance,My personal relationships,My job satisfaction,My opportunities to socialise
1003,Preparing for work and commuting,My work-life balance,Preparing for work and commuting,My working relationships,Preparing for work and commuting,My working relationships,My work-life balance,My opportunities to socialise,My work-life balance,My personal relationships,My job satisfaction,My opportunities to socialise
1004,Preparing for work and commuting,My work-life balance,Preparing for work and commuting,My working relationships,Preparing for work and commuting,My working relationships,My work-life balance,My opportunities to socialise,My work-life balance,My personal relationships,My job satisfaction,My opportunities to socialise
1005,Preparing for work and commuting,My work-life balance,Preparing for work and commuting,My working relationships,Preparing for work and commuting,My working relationships,My work-life balance,My opportunities to socialise,My work-life balance,My personal relationships,My job satisfaction,My opportunities to socialise
1006,Preparing for work and commuting,My work-life balance,Preparing for work and commuting,My working relationships,Preparing for work and commuting,My working relationships,My work-life balance,My opportunities to socialise,My work-life balance,My personal relationships,My job satisfaction,My opportunities to socialise
1007,Preparing for work and commuting,My work-life balance,Preparing for work and commuting,My working relationships,Preparing for work and commuting,My working relationships,My work-life balance,My opportunities to socialise,My work-life balance,My personal relationships,My job satisfaction,My opportunities to socialise
1008,Preparing for work and commuting,My work-life balance,Preparing for work and commuting,My working relationships,Preparing for work and commuting,My working relationships,My work-life balance,My opportunities to socialise,My work-life balance,My work-life balance,My job satisfaction,My opportunities to socialise
1009,Preparing for work and commuting,My work-life balance,Preparing for work and commuting,My working relationships,Preparing for work and commuting,My working relationships,My work-life balance,My opportunities to socialise,My work-life balance,My work-life balance,My job satisfaction,My opportunities to socialise
1010,Preparing for work and commuting,My work-life balance,Preparing for work and commuting,My working relationships,Preparing for work and commuting,My working relationships,My work-life balance,My opportunities to socialise,My work-life balance,My work-life balance,My job satisfaction,My opportunities to socialise
1011,Preparing for work and commuting,My work-life balance,Preparing for work and commuting,My working relationships,Preparing for work and commuting,My working relationships,My work-life balance,My opportunities to socialise,My work-life balance,My work-life balance,My job satisfaction,My opportunities to socialise
1012,Preparing for work and commuting,My work-life balance,Preparing for work and commuting,My working relationships,Preparing for work and commuting,My working relationships,My work-life balance,My opportunities to socialise,My work-life balance,My work-life balance,My job satisfaction,My opportunities to socialise
1013,Preparing for work and commuting,My work-life balance,Preparing for work and commuting,My working relationships,Preparing for work and commuting,My working relationships,My work-life balance,My opportunities to socialise,My work-life balance,My work-life balance,My job satisfaction,My opportunities to socialise
1014,Preparing for work and commuting,My work-life balance,Preparing for work and commuting,My working relationships,Preparing for work and commuting,My working relationships,My work-life balance,My opportunities to socialise,My work-life balance,My work-life balance,My job satisfaction,My opportunities to socialise
1015,Preparing for work and commuting,My work-life balance,Preparing for work and commuting,My working relationships,Preparing for work and commuting,My working relationships,My work-life balance,My opportunities to socialise,My work-life balance,My work-life balance,My job satisfaction,My opportunities to socialise
1016,Preparing for work and commuting,My work-life balance,Preparing for work and commuting,My working relationships,Preparing for work and commuting,My working relationships,My work-life balance,My opportunities to socialise,My work-life balance,My work-life balance,My job satisfaction,My opportunities to socialise
1017,Preparing for work and commuting,My work-life balance,Preparing for work and commuting,My working relationships,Preparing for work and commuting,My working relationships,My work-life balance,My opportunities to socialise,My work-life balance,My work-life balance,My job satisfaction,My opportunities to socialise
1018,Preparing for work and commuting,My work-life balance,Preparing for work and commuting,My working relationships,Preparing for work and commuting,My working relationships,My work-life balance,My opportunities to socialise,My work-life balance,My work-life balance,My job satisfaction,My opportunities to socialise
1019,Preparing for work and commuting,My work-life balance,Preparing for work and commuting,My working relationships,Preparing for work and commuting,My working relationships,My work-life balance,My opportunities to socialise,My work-life balance,My work-life balance,My job satisfaction,My opportunities to socialise
1020,Preparing for work and commuting,My work-life balance,Preparing for work and commuting,My working relationships,Preparing for work and commuting,My working relationships,My work-life balance,My opportunities to socialise,My work-life balance,My work-life balance,My job satisfaction,My opportunities to socialise
1021,Preparing for work and commuting,My work-life balance,Preparing for work and commuting,My working relationships,Preparing for work and commuting,My working relationships,My work-life balance,My opportunities to socialise,My work-life balance,My work-life balance,My job satisfaction,My opportunities to socialise
1022,Preparing for work and commuting,My work-life balance,Preparing for work and commuting,My working relationships,Preparing for work and commuting,My working relationships,My work-life balance,My opportunities to socialise,My work-life balance,My work-life balance,My job satisfaction,My opportunities to socialise
1023,Preparing for work and commuting,My work-life balance,Preparing for work and commuting,My working relationships,Preparing for work and commuting,My working relationships,My work-life balance,My opportunities to socialise,My work-life balance,My work-life balance,My job satisfaction,My opportunities to socialise
1024,Preparing for work and commuting,My work-life balance,Preparing for work and commuting,My working relationships,Preparing for work and commuting,My working relationships,My work-life balance,My opportunities to socialise,My work-life balance,My work-life balance,My job satisfaction,My opportunities to socialise
1025,Preparing for work and commuting,My work-life balance,Preparing for work and commuting,My working relationships,Preparing for work and commuting,My working relationships,My work-life balance,My opportunities to socialise,My work-life balance,My work-life balance,My job satisfaction,My opportunities to socialise
1026,Preparing for work and commuting,My work-life balance,Preparing for work and commuting,My working relationships,Preparing for work and commuting,My working relationships,My work-life balance,My opportunities to socialise,My work-life balance,My work-life balance,My job satisfaction,My opportunities to socialise
1027,Preparing for work and commuting,My work-life balance,Preparing for work and commuting,My working relationships,Preparing for work and commuting,My working relationships,My work-life balance,My opportunities to socialise,My work-life balance,My work-life balance,My job satisfaction,My opportunities to socialise
1028,Preparing for work and commuting,My work-life balance,Preparing for work and commuting,My working relationships,Preparing for work and commuting,My working relationships,My work-life balance,My opportunities to socialise,My work-life balance,My work-life balance,My job satisfaction,My opportunities to socialise
1029,Preparing for work and commuting,My work-life balance,Preparing for work and commuting,My working relationships,Preparing for work and commuting,My working relationships,My work-life balance,My opportunities to socialise,My work-life balance,My work-life balance,My job satisfaction,My opportunities to socialise
1030,Preparing for work and commuting,My work-life balance,Preparing for work and commuting,My working relationships,Preparing for work and commuting,My working relationships,My work-life balance,My opportunities to socialise,My work-life balance,My work-life balance,My job satisfaction,My opportunities to socialise
1031,Preparing for work and commuting,My work-life balance,Preparing for work and commuting,My working relationships,Preparing for work and commuting,My working relationships,My work-life balance,My opportunities to socialise,My work-life balance,My work-life balance,My job satisfaction,My opportunities to socialise
1032,Preparing for work and commuting,My work-life balance,Preparing for work and commuting,My working relationships,Preparing for work and commuting,My working relationships,My work-life balance,My opportunities to socialise,My work-life balance,My work-life balance,My job satisfaction,My opportunities to socialise
1033,Preparing for work and commuting,My work-life balance,Preparing for work and commuting,My working relationships,Preparing for work and commuting,My working relationships,My work-life balance,My opportunities to socialise,My work-life balance,My work-life balance,My job satisfaction,My opportunities to socialise
1034,Preparing for work and commuting,My work-life balance,Preparing for work and commuting,My working relationships,Preparing for work and commuting,My working relationships,My work-life balance,My opportunities to socialise,My work-life balance,My work-life balance,My job satisfaction,My opportunities to socialise
1035,Preparing for work and commuting,My work-life balance,Preparing for work and commuting,My working relationships,Preparing for work and commuting,My working relationships,My work-life balance,My opportunities to socialise,My work-life balance,My work-life balance,My job satisfaction,My opportunities to socialise
1036,Preparing for work and commuting,My work-life balance,Preparing for work and commuting,My working relationships,Preparing for work and commuting,My working relationships,My work-life balance,My opportunities to socialise,My work-life balance,My work-life balance,My job satisfaction,My opportunities to socialise
1037,Preparing for work and commuting,My work-life balance,Preparing for work and commuting,My working relationships,Preparing for work and commuting,My working relationships,My work-life balance,My opportunities to socialise,My work-life balance,My work-life balance,My job satisfaction,My opportunities to socialise
1038,Preparing for work and commuting,My work-life balance,Preparing for work and commuting,My working relationships,Preparing for work and commuting,My working relationships,My work-life balance,My opportunities to socialise,My work-life balance,My work-life balance,My job satisfaction,My opportunities to socialise
1039,Preparing for work and commuting,My work-life balance,Preparing for work and commuting,My working relationships,Preparing for work and commuting,My working relationships,My work-life balance,My opportunities to socialise,My work-life balance,My work-life balance,My job satisfaction,My opportunities to socialise
1040,Preparing for work and commuting,My work-life balance,Preparing for work and commuting,My working relationships,Preparing for work and commuting,My working relationships,My work-life balance,My opportunities to socialise,My work-life balance,My work-life balance,My job satisfaction,My opportunities to socialise
1041,Preparing for work and commuting,My work-life balance,Preparing for work and commuting,My working relationships,Preparing for work and commuting,My working relationships,My work-life balance,My opportunities to socialise,My work-life balance,My work-life balance,My job satisfaction,My opportunities to socialise
1042,Preparing for work and commuting,My work-life balance,Preparing for work and commuting,My working relationships,Preparing for work and commuting,My working relationships,My work-life balance,My opportunities to socialise,My work-life balance,My work-life balance,My job satisfaction,My opportunities to socialise
1043,Preparing for work and commuting,My work-life balance,Preparing for work and commuting,My working relationships,Preparing for work and commuting,My working relationships,My work-life balance,My opportunities to socialise,My work-life balance,My work-life balance,My job satisfaction,My opportunities to socialise
1044,Preparing for work and commuting,My work-life balance,Preparing for work and commuting,My working relationships,Preparing for work and commuting,My working relationships,My work-life balance,My opportunities to socialise,My work-life balance,My work-life balance,My job satisfaction,My opportunities to socialise
1045,Preparing for work and commuting,My work-life balance,Preparing for work and commuting,My working relationships,Preparing for work and commuting,My working relationships,My work-life balance,My opportunities to socialise,My work-life balance,My work-life balance,My job satisfaction,My opportunities to socialise
1046,Preparing for work and commuting,My work-life balance,Preparing for work and commuting,My working relationships,Preparing for work and commuting,My working relationships,My work-life balance,My opportunities to socialise,My work-life balance,My work-life balance,My job satisfaction,My opportunities to socialise
1047,Preparing for work and commuting,My work-life balance,Preparing for work and commuting,My working relationships,Preparing for work and commuting,My working relationships,My work-life balance,My opportunities to socialise,My work-life balance,My work-life balance,My job satisfaction,My opportunities to socialise
1048,Preparing for work and commuting,My work-life balance,Preparing for work and commuting,My working relationships,Preparing for work and commuting,My working relationships,My work-life balance,My opportunities to socialise,My work-life balance,My work-life balance,My job satisfaction,My opportunities to socialise
1049,Preparing for work and commuting,My work-life balance,Preparing for work and commuting,My working relationships,Preparing for work and commuting,My working relationships,My work-life balance,My opportunities to socialise,My work-life balance,My work-life balance,My job satisfaction,My opportunities to socialise
1050,Preparing for work and commuting,My work-life balance,Preparing for work and commuting,My working relationships,Preparing for work and commuting,My working relationships,My work-life balance,My opportunities to socialise,My work-life balance,My work-life balance,My job satisfaction,My opportunities to socialise
1051,Preparing for work and commuting,My work-life balance,Preparing for work and commuting,My working relationships,Preparing for work and commuting,My working relationships,My work-life balance,My opportunities to socialise,My work-life balance,My work-life balance,My job satisfaction,My opportunities to socialise
1052,Preparing for work and commuting,My work-life balance,Preparing for work and commuting,My working relationships,Preparing for work and commuting,My working relationships,My work-life balance,My opportunities to socialise,My work-life balance,My work-life balance,My job satisfaction,My opportunities to socialise
1053,Preparing for work and commuting,My work-life balance,Preparing for work and commuting,My working relationships,Preparing for work and commuting,My working relationships,My work-life balance,My opportunities to socialise,My work-life balance,My work-life balance,My job satisfaction,My opportunities to socialise
1054,Preparing for work and commuting,My work-life balance,Preparing for work and commuting,My working relationships,Preparing for work and commuting,My working relationships,My work-life balance,My opportunities to socialise,My work-life balance,My work-life balance,My job satisfaction,My opportunities to socialise
1055,Preparing for work and commuting,My work-life balance,Preparing for work and commuting,My working relationships,Preparing for work and commuting,My working relationships,My work-life balance,My opportunities to socialise,My work-life balance,My work-life balance,My job satisfaction,My opportunities to socialise
1056,Preparing for work and commuting,My work-life balance,Preparing for work and commuting,My working relationships,Preparing for work and commuting,My working relationships,My work-life balance,My opportunities to socialise,My work-life balance,My work-life balance,My job satisfaction,My opportunities to socialise
1057,Preparing for work and commuting,My work-life balance,Preparing for work and commuting,My working relationships,Preparing for work and commuting,My working relationships,My work-life balance,My opportunities to socialise,My work-life balance,My work-life balance,My job satisfaction,My opportunities to socialise
1058,Preparing for work and commuting,My work-life balance,Preparing for work and commuting,My working relationships,Preparing for work and commuting,My working relationships,My work-life balance,My opportunities to socialise,My work-life balance,My work-life balance,My job satisfaction,My opportunities to socialise
1059,Preparing for work and commuting,My work-life balance,Preparing for work and commuting,My working relationships,Preparing for work and commuting,My working relationships,My work-life balance,My opportunities to socialise,My work-life balance,My work-life balance,My job satisfaction,My opportunities to socialise
1060,Preparing for work and commuting,My work-life balance,Preparing for work and commuting,My working relationships,Preparing for work and commuting,My working relationships,My work-life balance,My opportunities to socialise,My work-life balance,My work-life balance,My mental wellbeing,My opportunities to socialise
1061,Preparing for work and commuting,My work-life balance,Preparing for work and commuting,My working relationships,Preparing for work and commuting,My working relationships,My work-life balance,My opportunities to socialise,My work-life balance,My work-life balance,My mental wellbeing,My opportunities to socialise
1062,Preparing for work and commuting,My work-life balance,Preparing for work and commuting,My working relationships,Preparing for work and commuting,My working relationships,My work-life balance,My opportunities to socialise,My work-life balance,My work-life balance,My mental wellbeing,My opportunities to socialise
1063,Preparing for work and commuting,My work-life balance,Preparing for work and commuting,My working relationships,Preparing for work and commuting,My working relationships,My work-life balance,My opportunities to socialise,My work-life balance,My work-life balance,My mental wellbeing,My opportunities to socialise
1064,Preparing for work and commuting,My work-life balance,Preparing for work and commuting,My working relationships,Preparing for work and commuting,My working relationships,My work-life balance,My opportunities to socialise,My work-life balance,My work-life balance,My mental wellbeing,My opportunities to socialise
1065,Preparing for work and commuting,My work-life balance,Preparing for work and commuting,My working relationships,Preparing for work and commuting,My working relationships,My work-life balance,My opportunities to socialise,My work-life balance,My work-life balance,My mental wellbeing,My opportunities to socialise
1066,Preparing for work and commuting,My work-life balance,Preparing for work and commuting,My working relationships,Preparing for work and commuting,My working relationships,My work-life balance,My opportunities to socialise,My work-life balance,My work-life balance,My mental wellbeing,My opportunities to socialise
1067,Preparing for work and commuting,My work-life balance,Preparing for work and commuting,My working relationships,Preparing for work and commuting,My working relationships,My work-life balance,My opportunities to socialise,My work-life balance,My work-life balance,My mental wellbeing,My opportunities to socialise
1068,Preparing for work and commuting,My work-life balance,Preparing for work and commuting,My working relationships,Preparing for work and commuting,My working relationships,My work-life balance,My opportunities to socialise,My work-life balance,My work-life balance,My mental wellbeing,My opportunities to socialise
1069,Preparing for work and commuting,My work-life balance,Preparing for work and commuting,My working relationships,Preparing for work and commuting,My working relationships,My work-life balance,My opportunities to socialise,My work-life balance,My work-life balance,My mental wellbeing,My opportunities to socialise
1070,Preparing for work and commuting,My work-life balance,Preparing for work and commuting,My working relationships,Preparing for work and commuting,My working relationships,My work-life balance,My opportunities to socialise,My work-life balance,My work-life balance,My mental wellbeing,My opportunities to socialise
1071,Preparing for work and commuting,My work-life balance,Preparing for work and commuting,My working relationships,Preparing for work and commuting,My working relationships,My work-life balance,My opportunities to socialise,My work-life balance,My work-life balance,My mental wellbeing,My opportunities to socialise
1072,Preparing for work and commuting,My work-life balance,Preparing for work and commuting,My working relationships,Preparing for work and commuting,My working relationships,My work-life balance,My opportunities to socialise,My work-life balance,My work-life balance,My mental wellbeing,My opportunities to socialise
1073,Preparing for work and commuting,My work-life balance,Preparing for work and commuting,My working relationships,Preparing for work and commuting,My working relationships,My work-life balance,My opportunities to socialise,My work-life balance,My work-life balance,My mental wellbeing,My opportunities to socialise
1074,Preparing for work and commuting,My work-life balance,Preparing for work and commuting,My working relationships,Preparing for work and commuting,My working relationships,My work-life balance,My opportunities to socialise,My work-life balance,My work-life balance,My mental wellbeing,My opportunities to socialise
1075,Preparing for work and commuting,My work-life balance,Preparing for work and commuting,My working relationships,Preparing for work and commuting,My working relationships,My work-life balance,My opportunities to socialise,My work-life balance,My work-life balance,My mental wellbeing,My opportunities to socialise
1076,Preparing for work and commuting,My work-life balance,Preparing for work and commuting,My working relationships,Preparing for work and commuting,My working relationships,My work-life balance,My opportunities to socialise,My work-life balance,My work-life balance,My mental wellbeing,My opportunities to socialise
1077,Preparing for work and commuting,My work-life balance,Preparing for work and commuting,My working relationships,Preparing for work and commuting,My working relationships,My work-life balance,My opportunities to socialise,My work-life balance,My work-life balance,My mental wellbeing,My opportunities to socialise
1078,Preparing for work and commuting,My work-life balance,Preparing for work and commuting,My working relationships,Preparing for work and commuting,My working relationships,My work-life balance,My opportunities to socialise,My work-life balance,My work-life balance,My mental wellbeing,My opportunities to socialise
1079,Preparing for work and commuting,My work-life balance,Preparing for work and commuting,My working relationships,Preparing for work and commuting,My working relationships,My work-life balance,My opportunities to socialise,My work-life balance,My work-life balance,My mental wellbeing,My opportunities to socialise
1080,Preparing for work and commuting,My work-life balance,Preparing for work and commuting,My working relationships,Preparing for work and commuting,My working relationships,My work-life balance,My opportunities to socialise,My work-life balance,My work-life balance,My mental wellbeing,My opportunities to socialise
1081,Preparing for work and commuting,My work-life balance,Preparing for work and commuting,My working relationships,Preparing for work and commuting,My working relationships,My work-life balance,My opportunities to socialise,My work-life balance,My work-life balance,My mental wellbeing,My opportunities to socialise
1082,Preparing for work and commuting,My work-life balance,Preparing for work and commuting,My working relationships,Preparing for work and commuting,My working relationships,My work-life balance,My opportunities to socialise,My work-life balance,My work-life balance,My mental wellbeing,My opportunities to socialise
1083,Preparing for work and commuting,My work-life balance,Preparing for work and commuting,My working relationships,Preparing for work and commuting,My working relationships,My work-life balance,My opportunities to socialise,My work-life balance,My work-life balance,My mental wellbeing,My opportunities to socialise
1084,Preparing for work and commuting,My work-life balance,Preparing for work and commuting,My working relationships,Preparing for work and commuting,My working relationships,My work-life balance,My opportunities to socialise,My work-life balance,My work-life balance,My mental wellbeing,My opportunities to socialise
1085,Preparing for work and commuting,Preparing for work and commuting,Preparing for work and commuting,My working relationships,Preparing for work and commuting,My working relationships,My work-life balance,My opportunities to socialise,My work-life balance,My work-life balance,My mental wellbeing,My opportunities to socialise
1086,Preparing for work and commuting,Preparing for work and commuting,Preparing for work and commuting,My working relationships,Preparing for work and commuting,My working relationships,My work-life balance,My opportunities to socialise,My work-life balance,My work-life balance,My mental wellbeing,My opportunities to socialise
1087,Preparing for work and commuting,Preparing for work and commuting,Preparing for work and commuting,My working relationships,Preparing for work and commuting,My working relationships,My work-life balance,My opportunities to socialise,My work-life balance,My work-life balance,My mental wellbeing,My opportunities to socialise
1088,Preparing for work and commuting,Preparing for work and commuting,Preparing for work and commuting,My working relationships,Preparing for work and commuting,My working relationships,My work-life balance,My opportunities to socialise,My work-life balance,My work-life balance,My mental wellbeing,My opportunities to socialise
1089,Preparing for work and commuting,Preparing for work and commuting,Preparing for work and commuting,My working relationships,Preparing for work and commuting,My working relationships,My work-life balance,My opportunities to socialise,My work-life balance,My work-life balance,My mental wellbeing,My opportunities to socialise
1090,Preparing for work and commuting,Preparing for work and commuting,Preparing for work and commuting,My working relationships,Preparing for work and commuting,My working relationships,My work-life balance,My opportunities to socialise,My work-life balance,My work-life balance,My mental wellbeing,My opportunities to socialise
1091,Preparing for work and commuting,Preparing for work and commuting,Preparing for work and commuting,My working relationships,Preparing for work and commuting,My working relationships,My work-life balance,My opportunities to socialise,My work-life balance,My work-life balance,My mental wellbeing,My opportunities to socialise
1092,Preparing for work and commuting,Preparing for work and commuting,Preparing for work and commuting,My working relationships,Preparing for work and commuting,My working relationships,My work-life balance,My opportunities to socialise,My work-life balance,My work-life balance,My mental wellbeing,My opportunities to socialise
1093,Preparing for work and commuting,Preparing for work and commuting,Preparing for work and commuting,My working relationships,Preparing for work and commuting,My working relationships,My work-life balance,My opportunities to socialise,My work-life balance,My work-life balance,My mental wellbeing,My opportunities to socialise
1094,Preparing for work and commuting,Preparing for work and commuting,Preparing for work and commuting,My working relationships,Preparing for work and commuting,My working relationships,My work-life balance,My work-life balance,My work-life balance,My work-life balance,My mental wellbeing,My opportunities to socialise
1095,Preparing for work and commuting,Preparing for work and commuting,Preparing for work and commuting,My working relationships,Preparing for work and commuting,My working relationships,My work-life balance,My work-life balance,My work-life balance,My work-life balance,My mental wellbeing,My opportunities to socialise
1096,Preparing for work and commuting,Preparing for work and commuting,Preparing for work and commuting,My working relationships,Preparing for work and commuting,My working relationships,My work-life balance,My work-life balance,My work-life balance,My work-life balance,My mental wellbeing,My opportunities to socialise
1097,Preparing for work and commuting,Preparing for work and commuting,Preparing for work and commuting,My working relationships,Preparing for work and commuting,My working relationships,My work-life balance,My work-life balance,My work-life balance,My work-life balance,My mental wellbeing,My opportunities to socialise
1098,Preparing for work and commuting,Preparing for work and commuting,Preparing for work and commuting,My working relationships,Preparing for work and commuting,My working relationships,My work-life balance,My work-life balance,My work-life balance,My work-life balance,My mental wellbeing,My opportunities to socialise
1099,Preparing for work and commuting,Preparing for work and commuting,Preparing for work and commuting,My working relationships,Preparing for work and commuting,My working relationships,My work-life balance,My work-life balance,My work-life balance,My work-life balance,My mental wellbeing,My opportunities to socialise
1100,Preparing for work and commuting,Preparing for work and commuting,Preparing for work and commuting,My working relationships,Preparing for work and commuting,My working relationships,My work-life balance,My work-life balance,My work-life balance,My work-life balance,My mental wellbeing,My opportunities to socialise
1101,Preparing for work and commuting,Preparing for work and commuting,Preparing for work and commuting,My working relationships,Preparing for work and commuting,My working relationships,My work-life balance,My work-life balance,My work-life balance,My work-life balance,My mental wellbeing,My opportunities to socialise
1102,Preparing for work and commuting,Preparing for work and commuting,Preparing for work and commuting,My working relationships,Preparing for work and commuting,My working relationships,My work-life balance,My work-life balance,My work-life balance,My work-life balance,My mental wellbeing,My opportunities to socialise
1103,Preparing for work and commuting,Preparing for work and commuting,Preparing for work and commuting,My working relationships,Preparing for work and commuting,My working relationships,My work-life balance,My work-life balance,My work-life balance,My work-life balance,My mental wellbeing,My opportunities to socialise
1104,Preparing for work and commuting,Preparing for work and commuting,Preparing for work and commuting,My working relationships,Preparing for work and commuting,My working relationships,My work-life balance,My work-life balance,My work-life balance,My work-life balance,My mental wellbeing,My opportunities to socialise
1105,Preparing for work and commuting,Preparing for work and commuting,Preparing for work and commuting,My working relationships,Preparing for work and commuting,My working relationships,My work-life balance,My work-life balance,My work-life balance,My work-life balance,My mental wellbeing,My opportunities to socialise
1106,Preparing for work and commuting,Preparing for work and commuting,Preparing for work and commuting,My working relationships,Preparing for work and commuting,My working relationships,My work-life balance,My work-life balance,My work-life balance,My work-life balance,My mental wellbeing,My opportunities to socialise
1107,Preparing for work and commuting,Preparing for work and commuting,Preparing for work and commuting,My working relationships,Preparing for work and commuting,My working relationships,My work-life balance,My work-life balance,My work-life balance,My work-life balance,My mental wellbeing,My opportunities to socialise
1108,Preparing for work and commuting,Preparing for work and commuting,Preparing for work and commuting,My working relationships,Preparing for work and commuting,My working relationships,My work-life balance,My work-life balance,My work-life balance,My work-life balance,My mental wellbeing,My opportunities to socialise
1109,Preparing for work and commuting,Preparing for work and commuting,Preparing for work and commuting,My working relationships,Preparing for work and commuting,My working relationships,My work-life balance,My work-life balance,My work-life balance,My work-life balance,My mental wellbeing,My opportunities to socialise
1110,Preparing for work and commuting,Preparing for work and commuting,Preparing for work and commuting,My working relationships,Preparing for work and commuting,My working relationships,My work-life balance,My work-life balance,My work-life balance,My work-life balance,My mental wellbeing,My opportunities to socialise
1111,Preparing for work and commuting,Preparing for work and commuting,Preparing for work and commuting,My working relationships,Preparing for work and commuting,My working relationships,My work-life balance,My work-life balance,My work-life balance,My work-life balance,My mental wellbeing,My opportunities to socialise
1112,Preparing for work and commuting,Preparing for work and commuting,Preparing for work and commuting,My working relationships,Preparing for work and commuting,My working relationships,My work-life balance,My work-life balance,My work-life balance,My work-life balance,My mental wellbeing,My opportunities to socialise
1113,Preparing for work and commuting,Preparing for work and commuting,Preparing for work and commuting,My working relationships,Preparing for work and commuting,My working relationships,My work-life balance,My work-life balance,My work-life balance,My work-life balance,My mental wellbeing,My opportunities to socialise
1114,Preparing for work and commuting,Preparing for work and commuting,Preparing for work and commuting,My working relationships,Preparing for work and commuting,My working relationships,My work-life balance,My work-life balance,My work-life balance,My work-life balance,My mental wellbeing,My opportunities to socialise
1115,Preparing for work and commuting,Preparing for work and commuting,Preparing for work and commuting,My working relationships,Preparing for work and commuting,My working relationships,My work-life balance,My work-life balance,My work-life balance,My work-life balance,My mental wellbeing,My opportunities to socialise
1116,Preparing for work and commuting,Preparing for work and commuting,Preparing for work and commuting,My working relationships,Preparing for work and commuting,My working relationships,My work-life balance,My work-life balance,My work-life balance,My work-life balance,My mental wellbeing,My opportunities to socialise
1117,Preparing for work and commuting,Preparing for work and commuting,Preparing for work and commuting,My working relationships,Preparing for work and commuting,My working relationships,My work-life balance,My work-life balance,My work-life balance,My work-life balance,My mental wellbeing,My opportunities to socialise
1118,Preparing for work and commuting,Preparing for work and commuting,Preparing for work and commuting,My working relationships,Preparing for work and commuting,My working relationships,My work-life balance,My work-life balance,My work-life balance,My work-life balance,My mental wellbeing,My opportunities to socialise
1119,Preparing for work and commuting,Preparing for work and commuting,Preparing for work and commuting,My working relationships,Preparing for work and commuting,My working relationships,My work-life balance,My work-life balance,My work-life balance,My work-life balance,My mental wellbeing,My opportunities to socialise
1120,Preparing for work and commuting,Preparing for work and commuting,Preparing for work and commuting,My working relationships,Preparing for work and commuting,My working relationships,My work-life balance,My work-life balance,My work-life balance,My work-life balance,My mental wellbeing,My opportunities to socialise
1121,Preparing for work and commuting,Preparing for work and commuting,Preparing for work and commuting,My working relationships,Preparing for work and commuting,My working relationships,My work-life balance,My work-life balance,My work-life balance,My work-life balance,My mental wellbeing,My opportunities to socialise
1122,Preparing for work and commuting,Preparing for work and commuting,Preparing for work and commuting,My working relationships,Preparing for work and commuting,My working relationships,My work-life balance,My work-life balance,My work-life balance,My work-life balance,My mental wellbeing,My opportunities to socialise
1123,Preparing for work and commuting,Preparing for work and commuting,Preparing for work and commuting,My working relationships,Preparing for work and commuting,My working relationships,My work-life balance,My work-life balance,My work-life balance,My work-life balance,My mental wellbeing,My opportunities to socialise
1124,Preparing for work and commuting,Preparing for work and commuting,Preparing for work and commuting,My working relationships,Preparing for work and commuting,My working relationships,My work-life balance,My work-life balance,My work-life balance,My work-life balance,My mental wellbeing,My opportunities to socialise
1125,Preparing for work and commuting,Preparing for work and commuting,Preparing for work and commuting,My working relationships,Preparing for work and commuting,My working relationships,My work-life balance,My work-life balance,My work-life balance,My work-life balance,My mental wellbeing,My opportunities to socialise
1126,Preparing for work and commuting,Preparing for work and commuting,Preparing for work and commuting,My working relationships,Preparing for work and commuting,My working relationships,My work-life balance,My work-life balance,My work-life balance,My work-life balance,My mental wellbeing,My opportunities to socialise
1127,Preparing for work and commuting,Preparing for work and commuting,Preparing for work and commuting,My working relationships,Preparing for work and commuting,My working relationships,My work-life balance,My work-life balance,My work-life balance,My work-life balance,My mental wellbeing,My opportunities to socialise
1128,Preparing for work and commuting,Preparing for work and commuting,Preparing for work and commuting,My working relationships,Preparing for work and commuting,My working relationships,My work-life balance,My work-life balance,My work-life balance,My work-life balance,My mental wellbeing,My opportunities to socialise
1129,Preparing for work and commuting,Preparing for work and commuting,Preparing for work and commuting,My working relationships,Preparing for work and commuting,My working relationships,My work-life balance,My work-life balance,My work-life balance,My work-life balance,My mental wellbeing,My opportunities to socialise
1130,Preparing for work and commuting,Preparing for work and commuting,Preparing for work and commuting,My working relationships,Preparing for work and commuting,My working relationships,My work-life balance,My work-life balance,My work-life balance,My work-life balance,My mental wellbeing,My opportunities to socialise
1131,Preparing for work and commuting,Preparing for work and commuting,Preparing for work and commuting,My working relationships,Preparing for work and commuting,My working relationships,My work-life balance,My work-life balance,My work-life balance,My work-life balance,My mental wellbeing,My opportunities to socialise
1132,Preparing for work and commuting,Preparing for work and commuting,Preparing for work and commuting,My working relationships,Preparing for work and commuting,My working relationships,My work-life balance,My work-life balance,My work-life balance,My work-life balance,My mental wellbeing,My opportunities to socialise
1133,Preparing for work and commuting,Preparing for work and commuting,Preparing for work and commuting,My working relationships,Preparing for work and commuting,My working relationships,My work-life balance,My work-life balance,My work-life balance,My work-life balance,My mental wellbeing,My opportunities to socialise
1134,Preparing for work and commuting,Preparing for work and commuting,Preparing for work and commuting,My working relationships,Preparing for work and commuting,My working relationships,My work-life balance,My work-life balance,My work-life balance,My work-life balance,My mental wellbeing,My opportunities to socialise
1135,Preparing for work and commuting,Preparing for work and commuting,Preparing for work and commuting,My working relationships,Preparing for work and commuting,My working relationships,My work-life balance,My work-life balance,My work-life balance,My work-life balance,My mental wellbeing,My opportunities to socialise
1136,Preparing for work and commuting,Preparing for work and commuting,Preparing for work and commuting,My working relationships,Preparing for work and commuting,My working relationships,My work-life balance,My work-life balance,My work-life balance,My work-life balance,My mental wellbeing,My opportunities to socialise
1137,Preparing for work and commuting,Preparing for work and commuting,Preparing for work and commuting,My working relationships,Preparing for work and commuting,My working relationships,My work-life balance,My work-life balance,My work-life balance,My work-life balance,My mental wellbeing,My opportunities to socialise
1138,Preparing for work and commuting,Preparing for work and commuting,Preparing for work and commuting,My working relationships,Preparing for work and commuting,My working relationships,My work-life balance,My work-life balance,My work-life balance,My work-life balance,My mental wellbeing,My opportunities to socialise
1139,Preparing for work and commuting,Preparing for work and commuting,Preparing for work and commuting,My working relationships,Preparing for work and commuting,My working relationships,My work-life balance,My work-life balance,My work-life balance,My work-life balance,My mental wellbeing,My opportunities to socialise
1140,Preparing for work and commuting,Preparing for work and commuting,Preparing for work and commuting,My working relationships,Preparing for work and commuting,My working relationships,My work-life balance,My work-life balance,My work-life balance,My work-life balance,My mental wellbeing,My opportunities to socialise
1141,Preparing for work and commuting,Preparing for work and commuting,Preparing for work and commuting,My working relationships,Preparing for work and commuting,My working relationships,My work-life balance,My work-life balance,My work-life balance,My work-life balance,My mental wellbeing,My opportunities to socialise
1142,Preparing for work and commuting,Preparing for work and commuting,Preparing for work and commuting,My working relationships,Preparing for work and commuting,My working relationships,My work-life balance,My work-life balance,My work-life balance,My work-life balance,My mental wellbeing,My opportunities to socialise
1143,Preparing for work and commuting,Preparing for work and commuting,Preparing for work and commuting,My working relationships,Preparing for work and commuting,My working relationships,My work-life balance,My work-life balance,My work-life balance,My work-life balance,My mental wellbeing,My opportunities to socialise
1144,Preparing for work and commuting,Preparing for work and commuting,Preparing for work and commuting,My working relationships,Preparing for work and commuting,My working relationships,My work-life balance,My work-life balance,My work-life balance,My work-life balance,My mental wellbeing,My opportunities to socialise
1145,Preparing for work and commuting,Preparing for work and commuting,Preparing for work and commuting,My working relationships,Preparing for work and commuting,My working relationships,My work-life balance,My work-life balance,My work-life balance,My work-life balance,My mental wellbeing,My opportunities to socialise
1146,Preparing for work and commuting,Preparing for work and commuting,Preparing for work and commuting,My working relationships,Preparing for work and commuting,My working relationships,My work-life balance,My work-life balance,My work-life balance,My work-life balance,My mental wellbeing,My opportunities to socialise
1147,Preparing for work and commuting,Preparing for work and commuting,Preparing for work and commuting,My working relationships,Preparing for work and commuting,My working relationships,My work-life balance,My work-life balance,My work-life balance,My work-life balance,My mental wellbeing,My opportunities to socialise
1148,Preparing for work and commuting,Preparing for work and commuting,Preparing for work and commuting,My working relationships,Preparing for work and commuting,My working relationships,My work-life balance,My work-life balance,My work-life balance,My work-life balance,My mental wellbeing,My opportunities to socialise
1149,Preparing for work and commuting,Preparing for work and commuting,Preparing for work and commuting,My working relationships,Preparing for work and commuting,My working relationships,My work-life balance,My work-life balance,My work-life balance,My work-life balance,My mental wellbeing,My opportunities to socialise
1150,Preparing for work and commuting,Preparing for work and commuting,Preparing for work and commuting,My working relationships,Preparing for work and commuting,My working relationships,My work-life balance,My work-life balance,My work-life balance,My work-life balance,My mental wellbeing,My opportunities to socialise
1151,Preparing for work and commuting,Preparing for work and commuting,Preparing for work and commuting,My working relationships,Preparing for work and commuting,My working relationships,My work-life balance,My work-life balance,My work-life balance,My work-life balance,My mental wellbeing,My opportunities to socialise
1152,Preparing for work and commuting,Preparing for work and commuting,Preparing for work and commuting,My working relationships,Preparing for work and commuting,My working relationships,My work-life balance,My work-life balance,My work-life balance,My work-life balance,My mental wellbeing,My opportunities to socialise
1153,Preparing for work and commuting,Preparing for work and commuting,Preparing for work and commuting,My working relationships,Preparing for work and commuting,My working relationships,My work-life balance,My work-life balance,My work-life balance,My work-life balance,My mental wellbeing,My opportunities to socialise
1154,Preparing for work and commuting,Preparing for work and commuting,Preparing for work and commuting,My working relationships,Preparing for work and commuting,My working relationships,My work-life balance,My work-life balance,My work-life balance,My work-life balance,My mental wellbeing,My opportunities to socialise
1155,Preparing for work and commuting,Preparing for work and commuting,Preparing for work and commuting,My working relationships,Preparing for work and commuting,My working relationships,My work-life balance,My work-life balance,My work-life balance,My work-life balance,My mental wellbeing,My opportunities to socialise
1156,Preparing for work and commuting,Preparing for work and commuting,Preparing for work and commuting,My working relationships,Preparing for work and commuting,My working relationships,My work-life balance,My work-life balance,My work-life balance,My work-life balance,My mental wellbeing,My opportunities to socialise
1157,Preparing for work and commuting,Preparing for work and commuting,Preparing for work and commuting,My working relationships,Preparing for work and commuting,My working relationships,My work-life balance,My work-life balance,My work-life balance,My work-life balance,My mental wellbeing,My opportunities to socialise
1158,Preparing for work and commuting,Preparing for work and commuting,Preparing for work and commuting,My working relationships,Preparing for work and commuting,My working relationships,My work-life balance,My work-life balance,My work-life balance,My work-life balance,My mental wellbeing,My opportunities to socialise
1159,Preparing for work and commuting,Preparing for work and commuting,Preparing for work and commuting,My working relationships,Preparing for work and commuting,My working relationships,My work-life balance,My work-life balance,My work-life balance,My work-life balance,My mental wellbeing,My opportunities to socialise
1160,Preparing for work and commuting,Preparing for work and commuting,Preparing for work and commuting,My working relationships,Preparing for work and commuting,My working relationships,My work-life balance,My work-life balance,My work-life balance,My work-life balance,My mental wellbeing,My opportunities to socialise
1161,Preparing for work and commuting,Preparing for work and commuting,Preparing for work and commuting,My working relationships,Preparing for work and commuting,My working relationships,My work-life balance,My work-life balance,My work-life balance,My work-life balance,My mental wellbeing,My opportunities to socialise
1162,Preparing for work and commuting,Preparing for work and commuting,Preparing for work and commuting,My working relationships,Preparing for work and commuting,My working relationships,My work-life balance,My work-life balance,My work-life balance,The number of hours  I work,My mental wellbeing,My opportunities to socialise
1163,Preparing for work and commuting,Preparing for work and commuting,Preparing for work and commuting,My working relationships,Preparing for work and commuting,My working relationships,My work-life balance,My work-life balance,My work-life balance,The number of hours  I work,My mental wellbeing,My opportunities to socialise
1164,Preparing for work and commuting,Preparing for work and commuting,Preparing for work and commuting,My working relationships,Preparing for work and commuting,My working relationships,My work-life balance,My work-life balance,My work-life balance,The number of hours  I work,My mental wellbeing,My opportunities to socialise
1165,Preparing for work and commuting,Preparing for work and commuting,Preparing for work and commuting,My working relationships,Preparing for work and commuting,My working relationships,My work-life balance,My work-life balance,My work-life balance,The number of hours  I work,My mental wellbeing,My opportunities to socialise
1166,Preparing for work and commuting,Preparing for work and commuting,Preparing for work and commuting,My working relationships,Preparing for work and commuting,My working relationships,My work-life balance,My work-life balance,My work-life balance,The number of hours  I work,My mental wellbeing,My opportunities to socialise
1167,Preparing for work and commuting,Preparing for work and commuting,Preparing for work and commuting,My working relationships,Preparing for work and commuting,My working relationships,My work-life balance,My work-life balance,My work-life balance,The number of hours  I work,My mental wellbeing,My opportunities to socialise
1168,Preparing for work and commuting,Preparing for work and commuting,Preparing for work and commuting,My working relationships,Preparing for work and commuting,My working relationships,My work-life balance,My work-life balance,My work-life balance,The number of hours  I work,My mental wellbeing,My opportunities to socialise
1169,Preparing for work and commuting,Preparing for work and commuting,Preparing for work and commuting,My working relationships,Preparing for work and commuting,My working relationships,My work-life balance,My work-life balance,My work-life balance,The number of hours  I work,My mental wellbeing,My opportunities to socialise
1170,Preparing for work and commuting,Preparing for work and commuting,Preparing for work and commuting,My working relationships,Preparing for work and commuting,My working relationships,My work-life balance,My work-life balance,My work-life balance,The number of hours  I work,My mental wellbeing,My opportunities to socialise
1171,Preparing for work and commuting,Preparing for work and commuting,Preparing for work and commuting,My working relationships,Preparing for work and commuting,My working relationships,My work-life balance,My work-life balance,My work-life balance,The number of hours  I work,My mental wellbeing,My opportunities to socialise
1172,Preparing for work and commuting,Preparing for work and commuting,Preparing for work and commuting,My working relationships,Preparing for work and commuting,My working relationships,My work-life balance,My work-life balance,My work-life balance,The number of hours  I work,My mental wellbeing,My opportunities to socialise
1173,Preparing for work and commuting,Preparing for work and commuting,Preparing for work and commuting,My working relationships,Preparing for work and commuting,My working relationships,My work-life balance,My work-life balance,My work-life balance,The number of hours  I work,My mental wellbeing,My opportunities to socialise
1174,Preparing for work and commuting,Preparing for work and commuting,Preparing for work and commuting,My working relationships,Preparing for work and commuting,My working relationships,My work-life balance,My work-life balance,My work-life balance,The number of hours  I work,My mental wellbeing,My opportunities to socialise
1175,Preparing for work and commuting,Preparing for work and commuting,Preparing for work and commuting,My working relationships,Preparing for work and commuting,My working relationships,My work-life balance,My work-life balance,My work-life balance,The number of hours  I work,My mental wellbeing,My opportunities to socialise
1176,Preparing for work and commuting,Preparing for work and commuting,Preparing for work and commuting,My working relationships,Preparing for work and commuting,My working relationships,My work-life balance,My work-life balance,My work-life balance,The number of hours  I work,My mental wellbeing,My opportunities to socialise
1177,Preparing for work and commuting,Preparing for work and commuting,Preparing for work and commuting,My working relationships,Preparing for work and commuting,My working relationships,My work-life balance,My work-life balance,My work-life balance,The number of hours  I work,My mental wellbeing,My opportunities to socialise
1178,Preparing for work and commuting,Preparing for work and commuting,Preparing for work and commuting,My working relationships,Preparing for work and commuting,My working relationships,My work-life balance,My work-life balance,My work-life balance,The number of hours  I work,My mental wellbeing,My opportunities to socialise
1179,Preparing for work and commuting,Preparing for work and commuting,Preparing for work and commuting,My working relationships,Preparing for work and commuting,My working relationships,My work-life balance,My work-life balance,My work-life balance,The number of hours  I work,My mental wellbeing,My opportunities to socialise
1180,Preparing for work and commuting,Preparing for work and commuting,Preparing for work and commuting,My working relationships,Preparing for work and commuting,My working relationships,My work-life balance,My work-life balance,My work-life balance,The number of hours  I work,My mental wellbeing,My opportunities to socialise
1181,Preparing for work and commuting,Preparing for work and commuting,Preparing for work and commuting,My working relationships,Preparing for work and commuting,My working relationships,My work-life balance,My work-life balance,My work-life balance,The number of hours  I work,My mental wellbeing,My opportunities to socialise
1182,Preparing for work and commuting,Preparing for work and commuting,Preparing for work and commuting,My working relationships,Preparing for work and commuting,My working relationships,My work-life balance,My work-life balance,My work-life balance,The number of hours  I work,My mental wellbeing,My opportunities to socialise
1183,Preparing for work and commuting,Preparing for work and commuting,Preparing for work and commuting,My working relationships,Preparing for work and commuting,My working relationships,My work-life balance,My work-life balance,My work-life balance,The number of hours  I work,My mental wellbeing,My opportunities to socialise
1184,Preparing for work and commuting,Preparing for work and commuting,Preparing for work and commuting,My working relationships,Preparing for work and commuting,My working relationships,My work-life balance,My work-life balance,My work-life balance,The number of hours  I work,My mental wellbeing,My opportunities to socialise
1185,Preparing for work and commuting,Preparing for work and commuting,Preparing for work and commuting,My working relationships,Preparing for work and commuting,My working relationships,My work-life balance,My work-life balance,My work-life balance,The number of hours  I work,My mental wellbeing,My opportunities to socialise
1186,Preparing for work and commuting,Preparing for work and commuting,Preparing for work and commuting,My working relationships,Preparing for work and commuting,My working relationships,My work-life balance,My work-life balance,My work-life balance,The number of hours  I work,My mental wellbeing,My opportunities to socialise
1187,Preparing for work and commuting,Preparing for work and commuting,Preparing for work and commuting,My working relationships,Preparing for work and commuting,My working relationships,My work-life balance,My work-life balance,My work-life balance,The number of hours  I work,My mental wellbeing,My opportunities to socialise
1188,Preparing for work and commuting,Preparing for work and commuting,Preparing for work and commuting,My working relationships,Preparing for work and commuting,My working relationships,My work-life balance,My work-life balance,My work-life balance,The number of hours  I work,My mental wellbeing,My opportunities to socialise
1189,Preparing for work and commuting,Preparing for work and commuting,Preparing for work and commuting,My working relationships,Preparing for work and commuting,My working relationships,My work-life balance,My work-life balance,My work-life balance,The number of hours  I work,My mental wellbeing,My opportunities to socialise
1190,Preparing for work and commuting,Preparing for work and commuting,Preparing for work and commuting,My working relationships,Preparing for work and commuting,My working relationships,My work-life balance,My work-life balance,My work-life balance,The number of hours  I work,My mental wellbeing,My opportunities to socialise
1191,Preparing for work and commuting,Preparing for work and commuting,Preparing for work and commuting,My working relationships,Preparing for work and commuting,My working relationships,My work-life balance,My work-life balance,My work-life balance,The number of hours  I work,My mental wellbeing,My opportunities to socialise
1192,Preparing for work and commuting,Preparing for work and commuting,Preparing for work and commuting,My working relationships,Preparing for work and commuting,My working relationships,My work-life balance,My work-life balance,My work-life balance,The number of hours  I work,My mental wellbeing,My opportunities to socialise
1193,Preparing for work and commuting,Preparing for work and commuting,Preparing for work and commuting,My working relationships,Preparing for work and commuting,My working relationships,My work-life balance,My work-life balance,My work-life balance,The number of hours  I work,My mental wellbeing,My opportunities to socialise
1194,Preparing for work and commuting,Preparing for work and commuting,Preparing for work and commuting,My working relationships,Preparing for work and commuting,My working relationships,My work-life balance,My work-life balance,My work-life balance,The number of hours  I work,My mental wellbeing,My opportunities to socialise
1195,Preparing for work and commuting,Preparing for work and commuting,Preparing for work and commuting,My working relationships,Preparing for work and commuting,My working relationships,My work-life balance,My work-life balance,My work-life balance,The number of hours  I work,My mental wellbeing,My opportunities to socialise
1196,Preparing for work and commuting,Preparing for work and commuting,Preparing for work and commuting,My working relationships,Preparing for work and commuting,My working relationships,My work-life balance,My work-life balance,My work-life balance,The number of hours  I work,My mental wellbeing,My opportunities to socialise
1197,Preparing for work and commuting,Preparing for work and commuting,Preparing for work and commuting,My working relationships,Preparing for work and commuting,My working relationships,My work-life balance,My work-life balance,My work-life balance,The number of hours  I work,My mental wellbeing,My opportunities to socialise
1198,Preparing for work and commuting,Preparing for work and commuting,Preparing for work and commuting,My working relationships,Preparing for work and commuting,My working relationships,My work-life balance,My work-life balance,My work-life balance,The number of hours  I work,My mental wellbeing,My opportunities to socialise
1199,Preparing for work and commuting,Preparing for work and commuting,Preparing for work and commuting,My working relationships,Preparing for work and commuting,My working relationships,My work-life balance,My work-life balance,My work-life balance,The number of hours  I work,My mental wellbeing,My opportunities to socialise
1200,Preparing for work and commuting,Preparing for work and commuting,Preparing for work and commuting,My working relationships,Preparing for work and commuting,My working relationships,My work-life balance,My work-life balance,My work-life balance,The number of hours  I work,My mental wellbeing,My opportunities to socialise
1201,Preparing for work and commuting,Preparing for work and commuting,Preparing for work and commuting,My working relationships,Preparing for work and commuting,My working relationships,My work-life balance,My work-life balance,My work-life balance,The number of hours  I work,My mental wellbeing,My opportunities to socialise
1202,Preparing for work and commuting,The number of hours  I work,Preparing for work and commuting,My working relationships,Preparing for work and commuting,My working relationships,My work-life balance,My work-life balance,My work-life balance,The number of hours  I work,My mental wellbeing,My opportunities to socialise
1203,Preparing for work and commuting,The number of hours  I work,Preparing for work and commuting,My working relationships,Preparing for work and commuting,My working relationships,My work-life balance,My work-life balance,My work-life balance,The number of hours  I work,My mental wellbeing,My opportunities to socialise
1204,Preparing for work and commuting,The number of hours  I work,Preparing for work and commuting,My working relationships,Preparing for work and commuting,My working relationships,My work-life balance,My work-life balance,My work-life balance,The number of hours  I work,My mental wellbeing,My opportunities to socialise
1205,Preparing for work and commuting,The number of hours  I work,Preparing for work and commuting,My working relationships,Preparing for work and commuting,My working relationships,My work-life balance,My work-life balance,My work-life balance,The number of hours  I work,My mental wellbeing,My opportunities to socialise
1206,Preparing for work and commuting,The number of hours  I work,Preparing for work and commuting,My working relationships,Preparing for work and commuting,My working relationships,My work-life balance,My work-life balance,My work-life balance,The number of hours  I work,My mental wellbeing,My opportunities to socialise
1207,Preparing for work and commuting,The number of hours  I work,Preparing for work and commuting,My working relationships,Preparing for work and commuting,My working relationships,My work-life balance,My work-life balance,My work-life balance,The number of hours  I work,My mental wellbeing,My opportunities to socialise
1208,Preparing for work and commuting,The number of hours  I work,Preparing for work and commuting,My working relationships,Preparing for work and commuting,My working relationships,My work-life balance,My work-life balance,My work-life balance,The number of hours  I work,My mental wellbeing,My opportunities to socialise
1209,Preparing for work and commuting,The number of hours  I work,Preparing for work and commuting,My working relationships,Preparing for work and commuting,My working relationships,My work-life balance,My work-life balance,My work-life balance,The number of hours  I work,My mental wellbeing,My opportunities to socialise
1210,Preparing for work and commuting,The number of hours  I work,Preparing for work and commuting,My working relationships,Preparing for work and commuting,My working relationships,My work-life balance,My work-life balance,My work-life balance,The number of hours  I work,My mental wellbeing,My opportunities to socialise
1211,Preparing for work and commuting,The number of hours  I work,Preparing for work and commuting,My working relationships,Preparing for work and commuting,My working relationships,My work-life balance,My work-life balance,My work-life balance,The number of hours  I work,My mental wellbeing,My opportunities to socialise
1212,Preparing for work and commuting,The number of hours  I work,Preparing for work and commuting,My working relationships,Preparing for work and commuting,My working relationships,My work-life balance,My work-life balance,My work-life balance,The number of hours  I work,My mental wellbeing,My opportunities to socialise
1213,Preparing for work and commuting,The number of hours  I work,Preparing for work and commuting,My working relationships,Preparing for work and commuting,My working relationships,My work-life balance,My work-life balance,My work-life balance,The number of hours  I work,My mental wellbeing,My opportunities to socialise
1214,Preparing for work and commuting,The number of hours  I work,Preparing for work and commuting,My working relationships,Preparing for work and commuting,My working relationships,My work-life balance,My work-life balance,My work-life balance,The number of hours  I work,My mental wellbeing,My opportunities to socialise
1215,Preparing for work and commuting,The number of hours  I work,Preparing for work and commuting,My working relationships,Preparing for work and commuting,My working relationships,My work-life balance,My work-life balance,My work-life balance,The number of hours  I work,My mental wellbeing,My opportunities to socialise
1216,Preparing for work and commuting,The number of hours  I work,Preparing for work and commuting,My working relationships,Preparing for work and commuting,My working relationships,My work-life balance,My work-life balance,My work-life balance,The number of hours  I work,My mental wellbeing,My opportunities to socialise
1217,Preparing for work and commuting,The number of hours  I work,Preparing for work and commuting,My working relationships,Preparing for work and commuting,My working relationships,My work-life balance,My work-life balance,My work-life balance,The number of hours  I work,My mental wellbeing,My opportunities to socialise
1218,Preparing for work and commuting,The number of hours  I work,Preparing for work and commuting,My working relationships,Preparing for work and commuting,My working relationships,My work-life balance,My work-life balance,My work-life balance,The number of hours  I work,My mental wellbeing,My opportunities to socialise
1219,Preparing for work and commuting,The number of hours  I work,Preparing for work and commuting,My working relationships,Preparing for work and commuting,My working relationships,My work-life balance,My work-life balance,My work-life balance,The number of hours  I work,My mental wellbeing,My opportunities to socialise
1220,Preparing for work and commuting,The number of hours  I work,Preparing for work and commuting,My working relationships,Preparing for work and commuting,My working relationships,My work-life balance,My work-life balance,My work-life balance,The number of hours  I work,My mental wellbeing,My opportunities to socialise
1221,Preparing for work and commuting,The number of hours  I work,Preparing for work and commuting,My working relationships,Preparing for work and commuting,My working relationships,My work-life balance,My work-life balance,My work-life balance,The number of hours  I work,My mental wellbeing,My opportunities to socialise
1222,Preparing for work and commuting,The number of hours  I work,Preparing for work and commuting,My working relationships,Preparing for work and commuting,My working relationships,My work-life balance,My work-life balance,My work-life balance,The number of hours  I work,My mental wellbeing,My opportunities to socialise
1223,Preparing for work and commuting,The number of hours  I work,Preparing for work and commuting,My working relationships,Preparing for work and commuting,My working relationships,My work-life balance,My work-life balance,My work-life balance,The number of hours  I work,My mental wellbeing,My opportunities to socialise
1224,Preparing for work and commuting,The number of hours  I work,Preparing for work and commuting,My working relationships,Preparing for work and commuting,My working relationships,My work-life balance,My work-life balance,My work-life balance,The number of hours  I work,My mental wellbeing,My opportunities to socialise
1225,Preparing for work and commuting,The number of hours  I work,Preparing for work and commuting,My working relationships,Preparing for work and commuting,My working relationships,My work-life balance,My work-life balance,My work-life balance,The number of hours  I work,My mental wellbeing,My opportunities to socialise
1226,Preparing for work and commuting,The number of hours  I work,Preparing for work and commuting,My working relationships,Preparing for work and commuting,My working relationships,My work-life balance,My work-life balance,My work-life balance,The number of hours  I work,My mental wellbeing,My opportunities to socialise
1227,Preparing for work and commuting,The number of hours  I work,Preparing for work and commuting,My working relationships,Preparing for work and commuting,My working relationships,My work-life balance,My work-life balance,My work-life balance,The number of hours  I work,My mental wellbeing,My opportunities to socialise
1228,Preparing for work and commuting,The number of hours  I work,Preparing for work and commuting,My working relationships,Preparing for work and commuting,My working relationships,My work-life balance,My work-life balance,My work-life balance,The number of hours  I work,My mental wellbeing,My opportunities to socialise
1229,Preparing for work and commuting,The number of hours  I work,Preparing for work and commuting,My working relationships,Preparing for work and commuting,My working relationships,My work-life balance,My work-life balance,My work-life balance,The number of hours  I work,My mental wellbeing,My opportunities to socialise
1230,Preparing for work and commuting,The number of hours  I work,Preparing for work and commuting,My working relationships,Preparing for work and commuting,My working relationships,My work-life balance,The number of hours  I work,My work-life balance,The number of hours  I work,My mental wellbeing,My opportunities to socialise
1231,Preparing for work and commuting,The number of hours  I work,Preparing for work and commuting,My working relationships,Preparing for work and commuting,My working relationships,My work-life balance,The number of hours  I work,My work-life balance,The number of hours  I work,My mental wellbeing,My opportunities to socialise
1232,Preparing for work and commuting,The number of hours  I work,Preparing for work and commuting,My working relationships,Preparing for work and commuting,My working relationships,My work-life balance,The number of hours  I work,My work-life balance,The number of hours  I work,My mental wellbeing,My opportunities to socialise
1233,Preparing for work and commuting,The number of hours  I work,Preparing for work and commuting,My working relationships,Preparing for work and commuting,My working relationships,My work-life balance,The number of hours  I work,My work-life balance,The number of hours  I work,My mental wellbeing,My opportunities to socialise
1234,Preparing for work and commuting,The number of hours  I work,Preparing for work and commuting,My working relationships,Preparing for work and commuting,My working relationships,My work-life balance,The number of hours  I work,My work-life balance,The number of hours  I work,My mental wellbeing,My opportunities to socialise
1235,Preparing for work and commuting,The number of hours  I work,Preparing for work and commuting,My working relationships,Preparing for work and commuting,My working relationships,My work-life balance,The number of hours  I work,My work-life balance,The number of hours  I work,My mental wellbeing,My opportunities to socialise
1236,Preparing for work and commuting,The number of hours  I work,Preparing for work and commuting,My working relationships,Preparing for work and commuting,My working relationships,My work-life balance,The number of hours  I work,My work-life balance,The number of hours  I work,My mental wellbeing,My opportunities to socialise
1237,Preparing for work and commuting,The number of hours  I work,Preparing for work and commuting,My working relationships,Preparing for work and commuting,My working relationships,My work-life balance,The number of hours  I work,My work-life balance,The number of hours  I work,My mental wellbeing,My opportunities to socialise
1238,Preparing for work and commuting,The number of hours  I work,Preparing for work and commuting,My working relationships,Preparing for work and commuting,My working relationships,My work-life balance,The number of hours  I work,My work-life balance,The number of hours  I work,My mental wellbeing,My opportunities to socialise
1239,Preparing for work and commuting,The number of hours  I work,Preparing for work and commuting,My working relationships,Preparing for work and commuting,My working relationships,My work-life balance,The number of hours  I work,My work-life balance,The number of hours  I work,My mental wellbeing,My opportunities to socialise
1240,Preparing for work and commuting,The number of hours  I work,Preparing for work and commuting,My working relationships,Preparing for work and commuting,My working relationships,My work-life balance,The number of hours  I work,My work-life balance,The number of hours  I work,My mental wellbeing,My opportunities to socialise
1241,Preparing for work and commuting,The number of hours  I work,Preparing for work and commuting,My working relationships,Preparing for work and commuting,My working relationships,My work-life balance,The number of hours  I work,My work-life balance,The number of hours  I work,My mental wellbeing,My opportunities to socialise
1242,Preparing for work and commuting,The number of hours  I work,Preparing for work and commuting,My working relationships,Preparing for work and commuting,My working relationships,My work-life balance,The number of hours  I work,My work-life balance,The number of hours  I work,My mental wellbeing,My opportunities to socialise
1243,Preparing for work and commuting,The number of hours  I work,Preparing for work and commuting,My working relationships,Preparing for work and commuting,My working relationships,My work-life balance,The number of hours  I work,My work-life balance,The number of hours  I work,My mental wellbeing,My opportunities to socialise
1244,Preparing for work and commuting,The number of hours  I work,Preparing for work and commuting,My working relationships,Preparing for work and commuting,My working relationships,My work-life balance,The number of hours  I work,My work-life balance,The number of hours  I work,My mental wellbeing,My opportunities to socialise
1245,Preparing for work and commuting,The number of hours  I work,Preparing for work and commuting,My working relationships,Preparing for work and commuting,My working relationships,My work-life balance,The number of hours  I work,My work-life balance,The number of hours  I work,My mental wellbeing,My opportunities to socialise
1246,Preparing for work and commuting,The number of hours  I work,Preparing for work and commuting,My working relationships,Preparing for work and commuting,My working relationships,My work-life balance,The number of hours  I work,My work-life balance,The number of hours  I work,My mental wellbeing,My opportunities to socialise
1247,Preparing for work and commuting,The number of hours  I work,Preparing for work and commuting,My working relationships,Preparing for work and commuting,My working relationships,My work-life balance,The number of hours  I work,My work-life balance,The number of hours  I work,My mental wellbeing,My opportunities to socialise
1248,Preparing for work and commuting,The number of hours  I work,Preparing for work and commuting,My working relationships,Preparing for work and commuting,My working relationships,My work-life balance,The number of hours  I work,My work-life balance,The number of hours  I work,My mental wellbeing,My opportunities to socialise
1249,Preparing for work and commuting,The number of hours  I work,Preparing for work and commuting,My working relationships,Preparing for work and commuting,My working relationships,My work-life balance,The number of hours  I work,My work-life balance,The number of hours  I work,My mental wellbeing,My opportunities to socialise
1250,Preparing for work and commuting,The number of hours  I work,Preparing for work and commuting,My working relationships,Preparing for work and commuting,My working relationships,My work-life balance,The number of hours  I work,My work-life balance,The number of hours  I work,My mental wellbeing,My opportunities to socialise
1251,Preparing for work and commuting,The number of hours  I work,Preparing for work and commuting,My working relationships,Preparing for work and commuting,My working relationships,My work-life balance,The number of hours  I work,My work-life balance,The number of hours  I work,My mental wellbeing,My opportunities to socialise
1252,Preparing for work and commuting,The number of hours  I work,Preparing for work and commuting,My working relationships,Preparing for work and commuting,My working relationships,My work-life balance,The number of hours  I work,My work-life balance,The number of hours  I work,My mental wellbeing,My opportunities to socialise
1253,Preparing for work and commuting,The number of hours  I work,Preparing for work and commuting,My working relationships,Preparing for work and commuting,My working relationships,My work-life balance,The number of hours  I work,My work-life balance,The number of hours  I work,My mental wellbeing,My opportunities to socialise
1254,Preparing for work and commuting,The number of hours  I work,Preparing for work and commuting,My working relationships,Preparing for work and commuting,My working relationships,My work-life balance,The number of hours  I work,My work-life balance,The number of hours  I work,My mental wellbeing,My opportunities to socialise
1255,Preparing for work and commuting,The number of hours  I work,Preparing for work and commuting,My working relationships,Preparing for work and commuting,My working relationships,My work-life balance,The number of hours  I work,My work-life balance,The number of hours  I work,My mental wellbeing,My opportunities to socialise
1256,Preparing for work and commuting,The number of hours  I work,Preparing for work and commuting,My working relationships,Preparing for work and commuting,My working relationships,My work-life balance,The number of hours  I work,My work-life balance,The number of hours  I work,My mental wellbeing,My opportunities to socialise
1257,Preparing for work and commuting,The number of hours  I work,Preparing for work and commuting,My working relationships,Preparing for work and commuting,My working relationships,My work-life balance,The number of hours  I work,My work-life balance,The number of hours  I work,My mental wellbeing,My opportunities to socialise
1258,Preparing for work and commuting,The number of hours  I work,Preparing for work and commuting,My working relationships,Preparing for work and commuting,My working relationships,My work-life balance,The number of hours  I work,My work-life balance,The number of hours  I work,My mental wellbeing,My opportunities to socialise
1259,Preparing for work and commuting,The number of hours  I work,Preparing for work and commuting,My working relationships,Preparing for work and commuting,My working relationships,My work-life balance,The number of hours  I work,My work-life balance,The number of hours  I work,My mental wellbeing,My opportunities to socialise
1260,Preparing for work and commuting,The number of hours  I work,Preparing for work and commuting,My working relationships,Preparing for work and commuting,My working relationships,My work-life balance,The number of hours  I work,My work-life balance,The number of hours  I work,My mental wellbeing,My opportunities to socialise
1261,Preparing for work and commuting,The number of hours  I work,Preparing for work and commuting,My working relationships,Preparing for work and commuting,My working relationships,My work-life balance,The number of hours  I work,My work-life balance,The number of hours  I work,My mental wellbeing,My opportunities to socialise
1262,Preparing for work and commuting,The number of hours  I work,Preparing for work and commuting,My working relationships,Preparing for work and commuting,My working relationships,My work-life balance,The number of hours  I work,My work-life balance,The number of hours  I work,My mental wellbeing,My opportunities to socialise
1263,Preparing for work and commuting,The number of hours  I work,Preparing for work and commuting,My working relationships,Preparing for work and commuting,My working relationships,My work-life balance,The number of hours  I work,My work-life balance,The number of hours  I work,My opportunities to socialise,My opportunities to socialise
1264,Preparing for work and commuting,The number of hours  I work,Preparing for work and commuting,My working relationships,Preparing for work and commuting,My working relationships,My work-life balance,The number of hours  I work,My work-life balance,The number of hours  I work,My opportunities to socialise,My opportunities to socialise
1265,Preparing for work and commuting,The number of hours  I work,Preparing for work and commuting,My working relationships,Preparing for work and commuting,My working relationships,My work-life balance,The number of hours  I work,My work-life balance,The number of hours  I work,My opportunities to socialise,My opportunities to socialise
1266,Preparing for work and commuting,The number of hours  I work,Preparing for work and commuting,My working relationships,Preparing for work and commuting,My working relationships,My work-life balance,The number of hours  I work,My work-life balance,The number of hours  I work,My opportunities to socialise,My opportunities to socialise
1267,Preparing for work and commuting,The number of hours  I work,Preparing for work and commuting,My working relationships,Preparing for work and commuting,My working relationships,My work-life balance,The number of hours  I work,My work-life balance,The number of hours  I work,My opportunities to socialise,My opportunities to socialise
1268,Preparing for work and commuting,The number of hours  I work,Preparing for work and commuting,My working relationships,Preparing for work and commuting,My working relationships,My work-life balance,The number of hours  I work,My work-life balance,The number of hours  I work,My opportunities to socialise,My opportunities to socialise
1269,Preparing for work and commuting,The number of hours  I work,Preparing for work and commuting,My working relationships,Preparing for work and commuting,My working relationships,My work-life balance,The number of hours  I work,My work-life balance,The number of hours  I work,My opportunities to socialise,My opportunities to socialise
1270,Preparing for work and commuting,The number of hours  I work,Preparing for work and commuting,My working relationships,Preparing for work and commuting,My working relationships,My work-life balance,The number of hours  I work,My work-life balance,The number of hours  I work,My opportunities to socialise,My opportunities to socialise
1271,Preparing for work and commuting,The number of hours  I work,Preparing for work and commuting,My working relationships,Preparing for work and commuting,My working relationships,My work-life balance,The number of hours  I work,My work-life balance,The number of hours  I work,My opportunities to socialise,My opportunities to socialise
1272,Preparing for work and commuting,The number of hours  I work,Preparing for work and commuting,My working relationships,Preparing for work and commuting,My working relationships,My work-life balance,The number of hours  I work,My work-life balance,The number of hours  I work,My opportunities to socialise,My opportunities to socialise
1273,Preparing for work and commuting,The number of hours  I work,Preparing for work and commuting,My working relationships,Preparing for work and commuting,My working relationships,My work-life balance,The number of hours  I work,My work-life balance,The number of hours  I work,My opportunities to socialise,My opportunities to socialise
1274,Preparing for work and commuting,The number of hours  I work,Preparing for work and commuting,My working relationships,Preparing for work and commuting,My working relationships,My work-life balance,The number of hours  I work,My work-life balance,The number of hours  I work,My opportunities to socialise,My opportunities to socialise
1275,Preparing for work and commuting,The number of hours  I work,Preparing for work and commuting,My working relationships,Preparing for work and commuting,My working relationships,My work-life balance,The number of hours  I work,My work-life balance,The number of hours  I work,My opportunities to socialise,My opportunities to socialise
1276,Preparing for work and commuting,The number of hours  I work,Preparing for work and commuting,My working relationships,Preparing for work and commuting,My working relationships,My work-life balance,The number of hours  I work,My work-life balance,The number of hours  I work,My opportunities to socialise,My opportunities to socialise
1277,Preparing for work and commuting,The number of hours  I work,Preparing for work and commuting,My working relationships,Preparing for work and commuting,My working relationships,My work-life balance,The number of hours  I work,My work-life balance,The number of hours  I work,My opportunities to socialise,My opportunities to socialise
1278,Preparing for work and commuting,The number of hours  I work,Preparing for work and commuting,My working relationships,Preparing for work and commuting,My working relationships,My work-life balance,The number of hours  I work,My work-life balance,The number of hours  I work,My opportunities to socialise,My opportunities to socialise
1279,Preparing for work and commuting,The number of hours  I work,Preparing for work and commuting,My working relationships,Preparing for work and commuting,My working relationships,My work-life balance,The number of hours  I work,My work-life balance,The number of hours  I work,My opportunities to socialise,My opportunities to socialise
1280,Preparing for work and commuting,The number of hours  I work,Preparing for work and commuting,My working relationships,Preparing for work and commuting,My working relationships,My work-life balance,The number of hours  I work,My work-life balance,The number of hours  I work,My opportunities to socialise,My opportunities to socialise
1281,Preparing for work and commuting,The number of hours  I work,Preparing for work and commuting,My working relationships,Preparing for work and commuting,My working relationships,My work-life balance,The number of hours  I work,My work-life balance,The number of hours  I work,My opportunities to socialise,My opportunities to socialise
1282,Preparing for work and commuting,The number of hours  I work,Preparing for work and commuting,My working relationships,Preparing for work and commuting,My working relationships,My work-life balance,The number of hours  I work,My work-life balance,The number of hours  I work,My opportunities to socialise,My opportunities to socialise
1283,Preparing for work and commuting,The number of hours  I work,Preparing for work and commuting,My working relationships,Preparing for work and commuting,My working relationships,My work-life balance,The number of hours  I work,My work-life balance,The number of hours  I work,My opportunities to socialise,My opportunities to socialise
1284,Preparing for work and commuting,The number of hours  I work,Preparing for work and commuting,My working relationships,Preparing for work and commuting,My working relationships,My work-life balance,The number of hours  I work,My work-life balance,The number of hours  I work,My opportunities to socialise,My opportunities to socialise
1285,Preparing for work and commuting,The number of hours  I work,Preparing for work and commuting,My working relationships,Preparing for work and commuting,My working relationships,My work-life balance,The number of hours  I work,My work-life balance,The number of hours  I work,My opportunities to socialise,My opportunities to socialise
1286,Preparing for work and commuting,The number of hours  I work,Preparing for work and commuting,My working relationships,Preparing for work and commuting,My working relationships,My work-life balance,The number of hours  I work,My work-life balance,The number of hours  I work,My opportunities to socialise,My opportunities to socialise
1287,Preparing for work and commuting,The number of hours  I work,Preparing for work and commuting,My working relationships,Preparing for work and commuting,My working relationships,My work-life balance,The number of hours  I work,My work-life balance,The number of hours  I work,My opportunities to socialise,My opportunities to socialise
1288,Preparing for work and commuting,The number of hours  I work,Preparing for work and commuting,My working relationships,Preparing for work and commuting,My working relationships,My work-life balance,The number of hours  I work,My work-life balance,The number of hours  I work,My opportunities to socialise,My opportunities to socialise
1289,Preparing for work and commuting,The number of hours  I work,Preparing for work and commuting,My working relationships,Preparing for work and commuting,My working relationships,My work-life balance,The number of hours  I work,My work-life balance,The number of hours  I work,My opportunities to socialise,My opportunities to socialise
1290,Preparing for work and commuting,The number of hours  I work,Preparing for work and commuting,My working relationships,Preparing for work and commuting,My working relationships,My work-life balance,The number of hours  I work,My work-life balance,The number of hours  I work,My opportunities to socialise,My opportunities to socialise
1291,Preparing for work and commuting,The number of hours  I work,Preparing for work and commuting,My working relationships,Preparing for work and commuting,My working relationships,My work-life balance,The number of hours  I work,My work-life balance,The number of hours  I work,My opportunities to socialise,My opportunities to socialise
1292,Preparing for work and commuting,The number of hours  I work,Preparing for work and commuting,My working relationships,Preparing for work and commuting,My working relationships,My work-life balance,The number of hours  I work,My work-life balance,The number of hours  I work,My opportunities to socialise,My opportunities to socialise
1293,Preparing for work and commuting,The number of hours  I work,Preparing for work and commuting,My working relationships,Preparing for work and commuting,My working relationships,My work-life balance,The number of hours  I work,My work-life balance,The number of hours  I work,My opportunities to socialise,My opportunities to socialise
1294,Preparing for work and commuting,The number of hours  I work,Preparing for work and commuting,My working relationships,Preparing for work and commuting,My working relationships,My work-life balance,The number of hours  I work,My work-life balance,The number of hours  I work,My opportunities to socialise,My opportunities to socialise
1295,Preparing for work and commuting,The number of hours  I work,Preparing for work and commuting,My working relationships,Preparing for work and commuting,My working relationships,My work-life balance,The number of hours  I work,My work-life balance,The number of hours  I work,My opportunities to socialise,My opportunities to socialise
1296,Preparing for work and commuting,The number of hours  I work,Preparing for work and commuting,My working relationships,Preparing for work and commuting,My working relationships,My work-life balance,The number of hours  I work,My work-life balance,The number of hours  I work,My opportunities to socialise,My opportunities to socialise
1297,Preparing for work and commuting,The number of hours  I work,Preparing for work and commuting,My working relationships,Preparing for work and commuting,My working relationships,My work-life balance,The number of hours  I work,My work-life balance,The number of hours  I work,My opportunities to socialise,My opportunities to socialise
1298,Preparing for work and commuting,The number of hours  I work,Preparing for work and commuting,My working relationships,Preparing for work and commuting,My working relationships,My work-life balance,The number of hours  I work,My work-life balance,The number of hours  I work,My opportunities to socialise,My opportunities to socialise
1299,Preparing for work and commuting,The number of hours  I work,Preparing for work and commuting,My working relationships,Preparing for work and commuting,My working relationships,My work-life balance,The number of hours  I work,My work-life balance,The number of hours  I work,My opportunities to socialise,My opportunities to socialise
1300,Preparing for work and commuting,The number of hours  I work,Preparing for work and commuting,My working relationships,Preparing for work and commuting,My working relationships,My work-life balance,The number of hours  I work,My work-life balance,The number of hours  I work,My opportunities to socialise,My opportunities to socialise
1301,Preparing for work and commuting,The number of hours  I work,Preparing for work and commuting,My working relationships,Preparing for work and commuting,My working relationships,My work-life balance,The number of hours  I work,My work-life balance,The number of hours  I work,My opportunities to socialise,My opportunities to socialise
1302,Preparing for work and commuting,The number of hours  I work,Preparing for work and commuting,My working relationships,Preparing for work and commuting,My working relationships,My work-life balance,The number of hours  I work,My work-life balance,The number of hours  I work,My opportunities to socialise,My opportunities to socialise
1303,Preparing for work and commuting,The number of hours  I work,Preparing for work and commuting,My working relationships,Preparing for work and commuting,My working relationships,My work-life balance,The number of hours  I work,My work-life balance,The number of hours  I work,My opportunities to socialise,My opportunities to socialise
1304,Preparing for work and commuting,The number of hours  I work,Preparing for work and commuting,My working relationships,Preparing for work and commuting,My working relationships,My work-life balance,The number of hours  I work,My work-life balance,The number of hours  I work,My opportunities to socialise,My opportunities to socialise
1305,Preparing for work and commuting,The number of hours  I work,Preparing for work and commuting,My working relationships,Preparing for work and commuting,My working relationships,My work-life balance,The number of hours  I work,My work-life balance,The number of hours  I work,My opportunities to socialise,My opportunities to socialise
1306,Preparing for work and commuting,The number of hours  I work,Preparing for work and commuting,My working relationships,Preparing for work and commuting,My working relationships,My work-life balance,The number of hours  I work,My work-life balance,The number of hours  I work,My opportunities to socialise,My opportunities to socialise
1307,Preparing for work and commuting,The number of hours  I work,Preparing for work and commuting,My working relationships,Preparing for work and commuting,My working relationships,The number of hours  I work,The number of hours  I work,My work-life balance,The number of hours  I work,My opportunities to socialise,My opportunities to socialise
1308,Preparing for work and commuting,The number of hours  I work,Preparing for work and commuting,My working relationships,Preparing for work and commuting,My working relationships,The number of hours  I work,The number of hours  I work,My work-life balance,The number of hours  I work,My opportunities to socialise,My opportunities to socialise
1309,Preparing for work and commuting,The number of hours  I work,Preparing for work and commuting,My working relationships,Preparing for work and commuting,My working relationships,The number of hours  I work,The number of hours  I work,My work-life balance,The number of hours  I work,My opportunities to socialise,My opportunities to socialise
1310,Preparing for work and commuting,The number of hours  I work,Preparing for work and commuting,My working relationships,Preparing for work and commuting,My working relationships,The number of hours  I work,The number of hours  I work,My work-life balance,The number of hours  I work,My opportunities to socialise,My opportunities to socialise
1311,Preparing for work and commuting,The number of hours  I work,Preparing for work and commuting,My working relationships,Preparing for work and commuting,My working relationships,The number of hours  I work,The number of hours  I work,My work-life balance,The number of hours  I work,My opportunities to socialise,My opportunities to socialise
1312,Preparing for work and commuting,The number of hours  I work,Preparing for work and commuting,My working relationships,Preparing for work and commuting,My working relationships,The number of hours  I work,The number of hours  I work,My work-life balance,The number of hours  I work,My opportunities to socialise,My opportunities to socialise
1313,Preparing for work and commuting,The number of hours  I work,Preparing for work and commuting,My working relationships,Preparing for work and commuting,My working relationships,The number of hours  I work,The number of hours  I work,My work-life balance,The number of hours  I work,My opportunities to socialise,My opportunities to socialise
1314,Preparing for work and commuting,The number of hours  I work,Preparing for work and commuting,My working relationships,Preparing for work and commuting,My working relationships,The number of hours  I work,The number of hours  I work,My work-life balance,The number of hours  I work,My opportunities to socialise,My opportunities to socialise
1315,Preparing for work and commuting,The number of hours  I work,Preparing for work and commuting,My working relationships,Preparing for work and commuting,My working relationships,The number of hours  I work,The number of hours  I work,My work-life balance,The number of hours  I work,My opportunities to socialise,My opportunities to socialise
1316,Preparing for work and commuting,The number of hours  I work,Preparing for work and commuting,My working relationships,Preparing for work and commuting,My working relationships,The number of hours  I work,The number of hours  I work,My work-life balance,The number of hours  I work,My opportunities to socialise,My opportunities to socialise
1317,Preparing for work and commuting,The number of hours  I work,Preparing for work and commuting,My working relationships,Preparing for work and commuting,My working relationships,The number of hours  I work,The number of hours  I work,My work-life balance,The number of hours  I work,My opportunities to socialise,My opportunities to socialise
1318,Preparing for work and commuting,The number of hours  I work,Preparing for work and commuting,My working relationships,Preparing for work and commuting,My working relationships,The number of hours  I work,The number of hours  I work,My work-life balance,The number of hours  I work,My opportunities to socialise,My opportunities to socialise
1319,Preparing for work and commuting,The number of hours  I work,Preparing for work and commuting,My working relationships,Preparing for work and commuting,My working relationships,The number of hours  I work,The number of hours  I work,My work-life balance,The number of hours  I work,My opportunities to socialise,My opportunities to socialise
1320,Preparing for work and commuting,The number of hours  I work,Preparing for work and commuting,My working relationships,Preparing for work and commuting,My working relationships,The number of hours  I work,The number of hours  I work,My work-life balance,The number of hours  I work,My opportunities to socialise,My opportunities to socialise
1321,Preparing for work and commuting,The number of hours  I work,Preparing for work and commuting,My working relationships,Preparing for work and commuting,My working relationships,The number of hours  I work,The number of hours  I work,My work-life balance,The number of hours  I work,My opportunities to socialise,My opportunities to socialise
1322,Preparing for work and commuting,The number of hours  I work,Preparing for work and commuting,My working relationships,Preparing for work and commuting,My working relationships,The number of hours  I work,The number of hours  I work,My work-life balance,The number of hours  I work,My opportunities to socialise,My opportunities to socialise
1323,Preparing for work and commuting,The number of hours  I work,Preparing for work and commuting,My working relationships,Preparing for work and commuting,My working relationships,The number of hours  I work,The number of hours  I work,My work-life balance,The number of hours  I work,My opportunities to socialise,My opportunities to socialise
1324,Preparing for work and commuting,The number of hours  I work,Preparing for work and commuting,My working relationships,Preparing for work and commuting,My working relationships,The number of hours  I work,The number of hours  I work,My work-life balance,The number of hours  I work,My opportunities to socialise,My opportunities to socialise
1325,Preparing for work and commuting,The number of hours  I work,Preparing for work and commuting,My working relationships,Preparing for work and commuting,My working relationships,The number of hours  I work,The number of hours  I work,My work-life balance,The number of hours  I work,My opportunities to socialise,My opportunities to socialise
1326,Preparing for work and commuting,The number of hours  I work,Preparing for work and commuting,My working relationships,Preparing for work and commuting,My working relationships,The number of hours  I work,The number of hours  I work,The number of hours  I work,The number of hours  I work,My opportunities to socialise,My opportunities to socialise
1327,Preparing for work and commuting,The number of hours  I work,Preparing for work and commuting,My working relationships,Preparing for work and commuting,My working relationships,The number of hours  I work,The number of hours  I work,The number of hours  I work,The number of hours  I work,My opportunities to socialise,My opportunities to socialise
1328,Preparing for work and commuting,The number of hours  I work,Preparing for work and commuting,My working relationships,Preparing for work and commuting,My working relationships,The number of hours  I work,The number of hours  I work,The number of hours  I work,The number of hours  I work,My opportunities to socialise,My opportunities to socialise
1329,Preparing for work and commuting,The number of hours  I work,Preparing for work and commuting,My working relationships,Preparing for work and commuting,My working relationships,The number of hours  I work,The number of hours  I work,The number of hours  I work,The number of hours  I work,My opportunities to socialise,My opportunities to socialise
1330,Preparing for work and commuting,The number of hours  I work,Preparing for work and commuting,My working relationships,Preparing for work and commuting,My working relationships,The number of hours  I work,The number of hours  I work,The number of hours  I work,The number of hours  I work,My opportunities to socialise,My opportunities to socialise
1331,Preparing for work and commuting,The number of hours  I work,Preparing for work and commuting,My working relationships,Preparing for work and commuting,My working relationships,The number of hours  I work,The number of hours  I work,The number of hours  I work,The number of hours  I work,My opportunities to socialise,My opportunities to socialise
1332,Preparing for work and commuting,The number of hours  I work,Preparing for work and commuting,My working relationships,Preparing for work and commuting,My working relationships,The number of hours  I work,The number of hours  I work,The number of hours  I work,The number of hours  I work,My opportunities to socialise,My opportunities to socialise
1333,Preparing for work and commuting,The number of hours  I work,Preparing for work and commuting,My working relationships,Preparing for work and commuting,My working relationships,The number of hours  I work,The number of hours  I work,The number of hours  I work,The number of hours  I work,My opportunities to socialise,My opportunities to socialise
1334,Preparing for work and commuting,The number of hours  I work,Preparing for work and commuting,My working relationships,Preparing for work and commuting,My working relationships,The number of hours  I work,The number of hours  I work,The number of hours  I work,The number of hours  I work,My opportunities to socialise,My opportunities to socialise
1335,Preparing for work and commuting,The number of hours  I work,Preparing for work and commuting,My working relationships,Preparing for work and commuting,My working relationships,The number of hours  I work,The number of hours  I work,The number of hours  I work,The number of hours  I work,My opportunities to socialise,My opportunities to socialise
1336,Preparing for work and commuting,The number of hours  I work,Preparing for work and commuting,My working relationships,Preparing for work and commuting,My working relationships,The number of hours  I work,The number of hours  I work,The number of hours  I work,The number of hours  I work,My opportunities to socialise,My opportunities to socialise
1337,Preparing for work and commuting,The number of hours  I work,Preparing for work and commuting,My working relationships,Preparing for work and commuting,My working relationships,The number of hours  I work,The number of hours  I work,The number of hours  I work,The number of hours  I work,My opportunities to socialise,My opportunities to socialise
1338,Preparing for work and commuting,The number of hours  I work,Preparing for work and commuting,My working relationships,Preparing for work and commuting,My working relationships,The number of hours  I work,The number of hours  I work,The number of hours  I work,The number of hours  I work,My opportunities to socialise,My opportunities to socialise
1339,Preparing for work and commuting,The number of hours  I work,Preparing for work and commuting,My working relationships,Preparing for work and commuting,My working relationships,The number of hours  I work,The number of hours  I work,The number of hours  I work,The number of hours  I work,My opportunities to socialise,My opportunities to socialise
1340,Preparing for work and commuting,The number of hours  I work,Preparing for work and commuting,My working relationships,Preparing for work and commuting,My working relationships,The number of hours  I work,The number of hours  I work,The number of hours  I work,The number of hours  I work,My opportunities to socialise,My opportunities to socialise
1341,Preparing for work and commuting,The number of hours  I work,Preparing for work and commuting,My working relationships,Preparing for work and commuting,My working relationships,The number of hours  I work,The number of hours  I work,The number of hours  I work,The number of hours  I work,My opportunities to socialise,My opportunities to socialise
1342,Preparing for work and commuting,The number of hours  I work,Preparing for work and commuting,My working relationships,Preparing for work and commuting,My working relationships,The number of hours  I work,The number of hours  I work,The number of hours  I work,The number of hours  I work,My opportunities to socialise,My opportunities to socialise
1343,Preparing for work and commuting,The number of hours  I work,Preparing for work and commuting,My working relationships,Preparing for work and commuting,My working relationships,The number of hours  I work,The number of hours  I work,The number of hours  I work,The number of hours  I work,My opportunities to socialise,My opportunities to socialise
1344,Preparing for work and commuting,The number of hours  I work,Preparing for work and commuting,My working relationships,Preparing for work and commuting,My working relationships,The number of hours  I work,The number of hours  I work,The number of hours  I work,The number of hours  I work,My opportunities to socialise,My opportunities to socialise
1345,Preparing for work and commuting,The number of hours  I work,Preparing for work and commuting,My working relationships,Preparing for work and commuting,My working relationships,The number of hours  I work,The number of hours  I work,The number of hours  I work,The number of hours  I work,My opportunities to socialise,My opportunities to socialise
1346,Preparing for work and commuting,The number of hours  I work,Preparing for work and commuting,My working relationships,Preparing for work and commuting,My working relationships,The number of hours  I work,The number of hours  I work,The number of hours  I work,The number of hours  I work,My opportunities to socialise,My opportunities to socialise
1347,Preparing for work and commuting,The number of hours  I work,Preparing for work and commuting,My working relationships,Preparing for work and commuting,My working relationships,The number of hours  I work,The number of hours  I work,The number of hours  I work,The number of hours  I work,My opportunities to socialise,My opportunities to socialise
1348,Preparing for work and commuting,The number of hours  I work,Preparing for work and commuting,My working relationships,Preparing for work and commuting,My working relationships,The number of hours  I work,The number of hours  I work,The number of hours  I work,The number of hours  I work,My opportunities to socialise,My opportunities to socialise
1349,Preparing for work and commuting,The number of hours  I work,Preparing for work and commuting,My working relationships,Preparing for work and commuting,My working relationships,The number of hours  I work,The number of hours  I work,The number of hours  I work,The number of hours  I work,My opportunities to socialise,My opportunities to socialise
1350,Preparing for work and commuting,The number of hours  I work,Preparing for work and commuting,My working relationships,Preparing for work and commuting,My working relationships,The number of hours  I work,The number of hours  I work,The number of hours  I work,The number of hours  I work,My opportunities to socialise,My opportunities to socialise
1351,Preparing for work and commuting,The number of hours  I work,Preparing for work and commuting,My working relationships,Preparing for work and commuting,My working relationships,The number of hours  I work,The number of hours  I work,The number of hours  I work,The number of hours  I work,My opportunities to socialise,My opportunities to socialise
1352,Preparing for work and commuting,The number of hours  I work,Preparing for work and commuting,My working relationships,Preparing for work and commuting,My working relationships,The number of hours  I work,The number of hours  I work,The number of hours  I work,The number of hours  I work,My opportunities to socialise,My opportunities to socialise
1353,Preparing for work and commuting,The number of hours  I work,Preparing for work and commuting,My working relationships,Preparing for work and commuting,My working relationships,The number of hours  I work,The number of hours  I work,The number of hours  I work,The number of hours  I work,My opportunities to socialise,My opportunities to socialise
1354,Preparing for work and commuting,The number of hours  I work,Preparing for work and commuting,My working relationships,Preparing for work and commuting,My working relationships,The number of hours  I work,The number of hours  I work,The number of hours  I work,The number of hours  I work,My personal relationships,My opportunities to socialise
1355,Preparing for work and commuting,The number of hours  I work,Preparing for work and commuting,My working relationships,Preparing for work and commuting,My working relationships,The number of hours  I work,The number of hours  I work,The number of hours  I work,The number of hours  I work,My personal relationships,My opportunities to socialise
1356,Preparing for work and commuting,The number of hours  I work,Preparing for work and commuting,My working relationships,Preparing for work and commuting,My working relationships,The number of hours  I work,The number of hours  I work,The number of hours  I work,The number of hours  I work,My personal relationships,My opportunities to socialise
1357,Preparing for work and commuting,The number of hours  I work,Preparing for work and commuting,My working relationships,Preparing for work and commuting,My working relationships,The number of hours  I work,The number of hours  I work,The number of hours  I work,The number of hours  I work,My personal relationships,My opportunities to socialise
1358,Preparing for work and commuting,The number of hours  I work,Preparing for work and commuting,My working relationships,Preparing for work and commuting,My working relationships,The number of hours  I work,The number of hours  I work,The number of hours  I work,The number of hours  I work,My personal relationships,My opportunities to socialise
1359,Preparing for work and commuting,The number of hours  I work,Preparing for work and commuting,My working relationships,Preparing for work and commuting,My working relationships,The number of hours  I work,The number of hours  I work,The number of hours  I work,The number of hours  I work,My personal relationships,My opportunities to socialise
1360,Preparing for work and commuting,The number of hours  I work,Preparing for work and commuting,My working relationships,Preparing for work and commuting,My working relationships,The number of hours  I work,The number of hours  I work,The number of hours  I work,The number of hours  I work,My personal relationships,My opportunities to socialise
1361,Preparing for work and commuting,The number of hours  I work,Preparing for work and commuting,My working relationships,Preparing for work and commuting,My working relationships,The number of hours  I work,The number of hours  I work,The number of hours  I work,The number of hours  I work,My personal relationships,My opportunities to socialise
1362,Preparing for work and commuting,The number of hours  I work,Preparing for work and commuting,My working relationships,Preparing for work and commuting,My working relationships,The number of hours  I work,The number of hours  I work,The number of hours  I work,The number of hours  I work,My personal relationships,My opportunities to socialise
1363,Preparing for work and commuting,The number of hours  I work,Preparing for work and commuting,My working relationships,Preparing for work and commuting,My working relationships,The number of hours  I work,The number of hours  I work,The number of hours  I work,The number of hours  I work,My personal relationships,My opportunities to socialise
1364,Preparing for work and commuting,The number of hours  I work,Preparing for work and commuting,My working relationships,Preparing for work and commuting,My working relationships,The number of hours  I work,The number of hours  I work,The number of hours  I work,The number of hours  I work,My personal relationships,My opportunities to socialise
1365,Preparing for work and commuting,The number of hours  I work,Preparing for work and commuting,My working relationships,Preparing for work and commuting,My working relationships,The number of hours  I work,The number of hours  I work,The number of hours  I work,The number of hours  I work,My personal relationships,My opportunities to socialise
1366,Preparing for work and commuting,The number of hours  I work,Preparing for work and commuting,My working relationships,Preparing for work and commuting,My working relationships,The number of hours  I work,The number of hours  I work,The number of hours  I work,The number of hours  I work,My personal relationships,My opportunities to socialise
1367,Preparing for work and commuting,The number of hours  I work,Preparing for work and commuting,My working relationships,Preparing for work and commuting,My working relationships,The number of hours  I work,The number of hours  I work,The number of hours  I work,The number of hours  I work,My personal relationships,My opportunities to socialise
1368,Preparing for work and commuting,The number of hours  I work,Preparing for work and commuting,My working relationships,Preparing for work and commuting,My working relationships,The number of hours  I work,The number of hours  I work,The number of hours  I work,The number of hours  I work,My personal relationships,My opportunities to socialise
1369,Preparing for work and commuting,The number of hours  I work,Preparing for work and commuting,My working relationships,Preparing for work and commuting,My working relationships,The number of hours  I work,The number of hours  I work,The number of hours  I work,The number of hours  I work,My personal relationships,My opportunities to socialise
1370,Preparing for work and commuting,The number of hours  I work,Preparing for work and commuting,My working relationships,Preparing for work and commuting,My working relationships,The number of hours  I work,The number of hours  I work,The number of hours  I work,The number of hours  I work,My personal relationships,My opportunities to socialise
1371,Preparing for work and commuting,The number of hours  I work,Preparing for work and commuting,My working relationships,Preparing for work and commuting,My working relationships,The number of hours  I work,The number of hours  I work,The number of hours  I work,The number of hours  I work,My personal relationships,My opportunities to socialise
1372,Preparing for work and commuting,The number of hours  I work,Preparing for work and commuting,My working relationships,Preparing for work and commuting,My working relationships,The number of hours  I work,The number of hours  I work,The number of hours  I work,The number of hours  I work,My personal relationships,My opportunities to socialise
1373,Preparing for work and commuting,The number of hours  I work,Preparing for work and commuting,My working relationships,Preparing for work and commuting,My working relationships,The number of hours  I work,The number of hours  I work,The number of hours  I work,The number of hours  I work,My personal relationships,My opportunities to socialise
1374,Preparing for work and commuting,The number of hours  I work,Preparing for work and commuting,My working relationships,Preparing for work and commuting,My working relationships,The number of hours  I work,The number of hours  I work,The number of hours  I work,The number of hours  I work,My personal relationships,My opportunities to socialise
1375,Preparing for work and commuting,The number of hours  I work,Preparing for work and commuting,My working relationships,Preparing for work and commuting,My working relationships,The number of hours  I work,The number of hours  I work,The number of hours  I work,The number of hours  I work,My personal relationships,My opportunities to socialise
1376,Preparing for work and commuting,The number of hours  I work,Preparing for work and commuting,My working relationships,Preparing for work and commuting,My working relationships,The number of hours  I work,The number of hours  I work,The number of hours  I work,The number of hours  I work,My personal relationships,My opportunities to socialise
1377,Preparing for work and commuting,The number of hours  I work,Preparing for work and commuting,My working relationships,Preparing for work and commuting,My working relationships,The number of hours  I work,The number of hours  I work,The number of hours  I work,The number of hours  I work,My personal relationships,My opportunities to socialise
1378,Preparing for work and commuting,The number of hours  I work,Preparing for work and commuting,My working relationships,Preparing for work and commuting,My working relationships,The number of hours  I work,The number of hours  I work,The number of hours  I work,The number of hours  I work,My personal relationships,My opportunities to socialise
1379,Preparing for work and commuting,The number of hours  I work,Preparing for work and commuting,My working relationships,Preparing for work and commuting,My working relationships,The number of hours  I work,The number of hours  I work,The number of hours  I work,The number of hours  I work,My personal relationships,My opportunities to socialise
1380,Preparing for work and commuting,The number of hours  I work,Preparing for work and commuting,My working relationships,Preparing for work and commuting,My working relationships,The number of hours  I work,The number of hours  I work,The number of hours  I work,The number of hours  I work,My personal relationships,My opportunities to socialise
1381,Preparing for work and commuting,The number of hours  I work,Preparing for work and commuting,My working relationships,Preparing for work and commuting,My working relationships,The number of hours  I work,The number of hours  I work,The number of hours  I work,The number of hours  I work,My personal relationships,My opportunities to socialise
1382,Preparing for work and commuting,The number of hours  I work,Preparing for work and commuting,My working relationships,Preparing for work and commuting,My working relationships,The number of hours  I work,The number of hours  I work,The number of hours  I work,The number of hours  I work,My personal relationships,My opportunities to socialise
1383,Preparing for work and commuting,The number of hours  I work,Preparing for work and commuting,My working relationships,Preparing for work and commuting,My working relationships,The number of hours  I work,The number of hours  I work,The number of hours  I work,The number of hours  I work,My personal relationships,My opportunities to socialise
1384,Preparing for work and commuting,The number of hours  I work,Preparing for work and commuting,My working relationships,Preparing for work and commuting,My working relationships,The number of hours  I work,The number of hours  I work,The number of hours  I work,The number of hours  I work,My personal relationships,My opportunities to socialise
1385,Preparing for work and commuting,The number of hours  I work,Preparing for work and commuting,My working relationships,Preparing for work and commuting,My working relationships,The number of hours  I work,The number of hours  I work,The number of hours  I work,The number of hours  I work,My personal relationships,My opportunities to socialise
1386,Preparing for work and commuting,The number of hours  I work,Preparing for work and commuting,My working relationships,Preparing for work and commuting,My working relationships,The number of hours  I work,The number of hours  I work,The number of hours  I work,The number of hours  I work,My personal relationships,My opportunities to socialise
1387,Preparing for work and commuting,The number of hours  I work,Preparing for work and commuting,My working relationships,Preparing for work and commuting,My working relationships,The number of hours  I work,The number of hours  I work,The number of hours  I work,The number of hours  I work,My personal relationships,My personal relationships
1388,Preparing for work and commuting,The number of hours  I work,Preparing for work and commuting,My working relationships,Preparing for work and commuting,My working relationships,The number of hours  I work,The number of hours  I work,The number of hours  I work,The number of hours  I work,My personal relationships,My personal relationships
1389,The number of hours  I work,The number of hours  I work,Preparing for work and commuting,My working relationships,Preparing for work and commuting,My working relationships,The number of hours  I work,The number of hours  I work,The number of hours  I work,The number of hours  I work,My personal relationships,My personal relationships
1390,The number of hours  I work,The number of hours  I work,Preparing for work and commuting,My working relationships,Preparing for work and commuting,My working relationships,The number of hours  I work,The number of hours  I work,The number of hours  I work,The number of hours  I work,My personal relationships,My personal relationships
1391,The number of hours  I work,The number of hours  I work,Preparing for work and commuting,My working relationships,Preparing for work and commuting,My working relationships,The number of hours  I work,The number of hours  I work,The number of hours  I work,The number of hours  I work,My personal relationships,My personal relationships
1392,The number of hours  I work,The number of hours  I work,Preparing for work and commuting,My working relationships,Preparing for work and commuting,My working relationships,The number of hours  I work,The number of hours  I work,The number of hours  I work,The number of hours  I work,My personal relationships,My personal relationships
1393,The number of hours  I work,The number of hours  I work,Preparing for work and commuting,My working relationships,Preparing for work and commuting,My working relationships,The number of hours  I work,The number of hours  I work,The number of hours  I work,The number of hours  I work,My personal relationships,My personal relationships
1394,The number of hours  I work,The number of hours  I work,Preparing for work and commuting,My working relationships,Preparing for work and commuting,My working relationships,The number of hours  I work,The number of hours  I work,The number of hours  I work,The number of hours  I work,My personal relationships,My personal relationships
1395,The number of hours  I work,The number of hours  I work,Preparing for work and commuting,My working relationships,Preparing for work and commuting,My working relationships,The number of hours  I work,The number of hours  I work,The number of hours  I work,The number of hours  I work,My personal relationships,My personal relationships
1396,The number of hours  I work,The number of hours  I work,Preparing for work and commuting,My working relationships,Preparing for work and commuting,My working relationships,The number of hours  I work,The number of hours  I work,The number of hours  I work,The number of hours  I work,My personal relationships,My personal relationships
1397,The number of hours  I work,The number of hours  I work,Preparing for work and commuting,My working relationships,Preparing for work and commuting,My working relationships,The number of hours  I work,The number of hours  I work,The number of hours  I work,The number of hours  I work,My personal relationships,My personal relationships
1398,The number of hours  I work,The number of hours  I work,Preparing for work and commuting,My working relationships,Preparing for work and commuting,My working relationships,The number of hours  I work,The number of hours  I work,The number of hours  I work,The number of hours  I work,My personal relationships,My personal relationships
1399,The number of hours  I work,The number of hours  I work,Preparing for work and commuting,My working relationships,Preparing for work and commuting,My working relationships,The number of hours  I work,The number of hours  I work,The number of hours  I work,The number of hours  I work,My personal relationships,My personal relationships
1400,The number of hours  I work,The number of hours  I work,Preparing for work and commuting,My working relationships,Preparing for work and commuting,My working relationships,The number of hours  I work,The number of hours  I work,The number of hours  I work,The number of hours  I work,My personal relationships,My personal relationships
1401,The number of hours  I work,The number of hours  I work,Preparing for work and commuting,My working relationships,Preparing for work and commuting,My working relationships,The number of hours  I work,The number of hours  I work,The number of hours  I work,The number of hours  I work,My personal relationships,My personal relationships
1402,The number of hours  I work,The number of hours  I work,Preparing for work and commuting,My working relationships,Preparing for work and commuting,Preparing for work and commuting,The number of hours  I work,The number of hours  I work,The number of hours  I work,The number of hours  I work,My personal relationships,My personal relationships
1403,The number of hours  I work,The number of hours  I work,Preparing for work and commuting,Preparing for work and commuting,Preparing for work and commuting,Preparing for work and commuting,The number of hours  I work,The number of hours  I work,The number of hours  I work,The number of hours  I work,My personal relationships,My personal relationships
1404,The number of hours  I work,The number of hours  I work,Preparing for work and commuting,Preparing for work and commuting,Preparing for work and commuting,Preparing for work and commuting,The number of hours  I work,The number of hours  I work,The number of hours  I work,The number of hours  I work,My personal relationships,My personal relationships
1405,The number of hours  I work,The number of hours  I work,Preparing for work and commuting,Preparing for work and commuting,Preparing for work and commuting,Preparing for work and commuting,The number of hours  I work,The number of hours  I work,The number of hours  I work,The number of hours  I work,My personal relationships,My personal relationships
1406,The number of hours  I work,The number of hours  I work,Preparing for work and commuting,Preparing for work and commuting,Preparing for work and commuting,Preparing for work and commuting,The number of hours  I work,The number of hours  I work,The number of hours  I work,The number of hours  I work,My personal relationships,My personal relationships
1407,The number of hours  I work,The number of hours  I work,Preparing for work and commuting,Preparing for work and commuting,Preparing for work and commuting,Preparing for work and commuting,The number of hours  I work,The number of hours  I work,The number of hours  I work,The number of hours  I work,My personal relationships,My personal relationships
1408,The number of hours  I work,The number of hours  I work,Preparing for work and commuting,Preparing for work and commuting,Preparing for work and commuting,Preparing for work and commuting,The number of hours  I work,The number of hours  I work,The number of hours  I work,The number of hours  I work,My personal relationships,My personal relationships
1409,The number of hours  I work,The number of hours  I work,Preparing for work and commuting,Preparing for work and commuting,Preparing for work and commuting,Preparing for work and commuting,The number of hours  I work,The number of hours  I work,The number of hours  I work,The number of hours  I work,My personal relationships,My personal relationships
1410,The number of hours  I work,The number of hours  I work,Preparing for work and commuting,Preparing for work and commuting,Preparing for work and commuting,Preparing for work and commuting,The number of hours  I work,The number of hours  I work,The number of hours  I work,The number of hours  I work,My personal relationships,My personal relationships
1411,The number of hours  I work,The number of hours  I work,Preparing for work and commuting,Preparing for work and commuting,Preparing for work and commuting,Preparing for work and commuting,The number of hours  I work,The number of hours  I work,The number of hours  I work,The number of hours  I work,My personal relationships,My personal relationships
1412,The number of hours  I work,The number of hours  I work,Preparing for work and commuting,Preparing for work and commuting,Preparing for work and commuting,Preparing for work and commuting,The number of hours  I work,The number of hours  I work,The number of hours  I work,The number of hours  I work,My personal relationships,My personal relationships
1413,The number of hours  I work,The number of hours  I work,Preparing for work and commuting,Preparing for work and commuting,Preparing for work and commuting,Preparing for work and commuting,The number of hours  I work,The number of hours  I work,The number of hours  I work,The number of hours  I work,My personal relationships,My personal relationships
1414,The number of hours  I work,The number of hours  I work,Preparing for work and commuting,Preparing for work and commuting,Preparing for work and commuting,Preparing for work and commuting,The number of hours  I work,The number of hours  I work,The number of hours  I work,The number of hours  I work,My personal relationships,My personal relationships
1415,The number of hours  I work,The number of hours  I work,Preparing for work and commuting,Preparing for work and commuting,Preparing for work and commuting,Preparing for work and commuting,The number of hours  I work,The number of hours  I work,The number of hours  I work,The number of hours  I work,My personal relationships,My personal relationships
1416,The number of hours  I work,The number of hours  I work,Preparing for work and commuting,Preparing for work and commuting,Preparing for work and commuting,Preparing for work and commuting,The number of hours  I work,The number of hours  I work,The number of hours  I work,The number of hours  I work,My personal relationships,My personal relationships
1417,The number of hours  I work,The number of hours  I work,Preparing for work and commuting,Preparing for work and commuting,Preparing for work and commuting,Preparing for work and commuting,The number of hours  I work,The number of hours  I work,The number of hours  I work,The number of hours  I work,My personal relationships,My personal relationships
1418,The number of hours  I work,The number of hours  I work,Preparing for work and commuting,Preparing for work and commuting,Preparing for work and commuting,Preparing for work and commuting,The number of hours  I work,The number of hours  I work,The number of hours  I work,The number of hours  I work,My personal relationships,My personal relationships
1419,The number of hours  I work,The number of hours  I work,Preparing for work and commuting,Preparing for work and commuting,Preparing for work and commuting,Preparing for work and commuting,The number of hours  I work,The number of hours  I work,The number of hours  I work,The number of hours  I work,My personal relationships,My personal relationships
1420,The number of hours  I work,The number of hours  I work,Preparing for work and commuting,Preparing for work and commuting,Preparing for work and commuting,Preparing for work and commuting,The number of hours  I work,The number of hours  I work,The number of hours  I work,The number of hours  I work,My personal relationships,My personal relationships
1421,The number of hours  I work,The number of hours  I work,Preparing for work and commuting,Preparing for work and commuting,Preparing for work and commuting,Preparing for work and commuting,The number of hours  I work,The number of hours  I work,The number of hours  I work,The number of hours  I work,My personal relationships,My personal relationships
1422,The number of hours  I work,The number of hours  I work,Preparing for work and commuting,Preparing for work and commuting,Preparing for work and commuting,Preparing for work and commuting,The number of hours  I work,The number of hours  I work,The number of hours  I work,The number of hours  I work,My personal relationships,My personal relationships
1423,The number of hours  I work,The number of hours  I work,Preparing for work and commuting,Preparing for work and commuting,Preparing for work and commuting,Preparing for work and commuting,The number of hours  I work,The number of hours  I work,The number of hours  I work,The number of hours  I work,My personal relationships,My personal relationships
1424,The number of hours  I work,The number of hours  I work,Preparing for work and commuting,Preparing for work and commuting,Preparing for work and commuting,Preparing for work and commuting,The number of hours  I work,The number of hours  I work,The number of hours  I work,The number of hours  I work,My personal relationships,My personal relationships
1425,The number of hours  I work,The number of hours  I work,Preparing for work and commuting,Preparing for work and commuting,Preparing for work and commuting,Preparing for work and commuting,The number of hours  I work,The number of hours  I work,The number of hours  I work,The number of hours  I work,My personal relationships,My personal relationships
1426,The number of hours  I work,The number of hours  I work,Preparing for work and commuting,Preparing for work and commuting,Preparing for work and commuting,Preparing for work and commuting,The number of hours  I work,The number of hours  I work,The number of hours  I work,The number of hours  I work,My personal relationships,My personal relationships
1427,The number of hours  I work,The number of hours  I work,Preparing for work and commuting,Preparing for work and commuting,Preparing for work and commuting,Preparing for work and commuting,The number of hours  I work,The number of hours  I work,The number of hours  I work,The number of hours  I work,My personal relationships,My personal relationships
1428,The number of hours  I work,The number of hours  I work,Preparing for work and commuting,Preparing for work and commuting,Preparing for work and commuting,Preparing for work and commuting,The number of hours  I work,The number of hours  I work,The number of hours  I work,The number of hours  I work,My personal relationships,My personal relationships
1429,The number of hours  I work,The number of hours  I work,Preparing for work and commuting,Preparing for work and commuting,Preparing for work and commuting,Preparing for work and commuting,The number of hours  I work,The number of hours  I work,The number of hours  I work,The number of hours  I work,My personal relationships,My personal relationships
1430,The number of hours  I work,The number of hours  I work,Preparing for work and commuting,Preparing for work and commuting,Preparing for work and commuting,Preparing for work and commuting,The number of hours  I work,The number of hours  I work,The number of hours  I work,The number of hours  I work,My personal relationships,My personal relationships
1431,The number of hours  I work,The number of hours  I work,Preparing for work and commuting,Preparing for work and commuting,Preparing for work and commuting,Preparing for work and commuting,The number of hours  I work,The number of hours  I work,The number of hours  I work,The number of hours  I work,My personal relationships,My personal relationships
1432,The number of hours  I work,The number of hours  I work,Preparing for work and commuting,Preparing for work and commuting,Preparing for work and commuting,Preparing for work and commuting,The number of hours  I work,The number of hours  I work,The number of hours  I work,The number of hours  I work,My personal relationships,My personal relationships
1433,The number of hours  I work,The number of hours  I work,Preparing for work and commuting,Preparing for work and commuting,Preparing for work and commuting,Preparing for work and commuting,The number of hours  I work,The number of hours  I work,The number of hours  I work,The number of hours  I work,My personal relationships,My personal relationships
1434,The number of hours  I work,The number of hours  I work,Preparing for work and commuting,Preparing for work and commuting,Preparing for work and commuting,Preparing for work and commuting,The number of hours  I work,The number of hours  I work,The number of hours  I work,The number of hours  I work,My personal relationships,My personal relationships
1435,The number of hours  I work,The number of hours  I work,Preparing for work and commuting,Preparing for work and commuting,Preparing for work and commuting,Preparing for work and commuting,The number of hours  I work,The number of hours  I work,The number of hours  I work,The number of hours  I work,My personal relationships,My personal relationships
1436,The number of hours  I work,The number of hours  I work,Preparing for work and commuting,Preparing for work and commuting,Preparing for work and commuting,Preparing for work and commuting,The number of hours  I work,The number of hours  I work,The number of hours  I work,The number of hours  I work,My personal relationships,My personal relationships
1437,The number of hours  I work,The number of hours  I work,Preparing for work and commuting,Preparing for work and commuting,Preparing for work and commuting,Preparing for work and commuting,The number of hours  I work,The number of hours  I work,The number of hours  I work,The number of hours  I work,My personal relationships,My personal relationships
1438,The number of hours  I work,The number of hours  I work,Preparing for work and commuting,Preparing for work and commuting,Preparing for work and commuting,Preparing for work and commuting,The number of hours  I work,The number of hours  I work,The number of hours  I work,The number of hours  I work,My personal relationships,My personal relationships
1439,The number of hours  I work,The number of hours  I work,Preparing for work and commuting,Preparing for work and commuting,Preparing for work and commuting,Preparing for work and commuting,The number of hours  I work,The number of hours  I work,The number of hours  I work,The number of hours  I work,My personal relationships,My personal relationships
1440,The number of hours  I work,The number of hours  I work,Preparing for work and commuting,Preparing for work and commuting,Preparing for work and commuting,Preparing for work and commuting,The number of hours  I work,The number of hours  I work,The number of hours  I work,The number of hours  I work,My personal relationships,My personal relationships
1441,The number of hours  I work,The number of hours  I work,Preparing for work and commuting,Preparing for work and commuting,Preparing for work and commuting,Preparing for work and commuting,The number of hours  I work,The number of hours  I work,The number of hours  I work,The number of hours  I work,My personal relationships,My personal relationships
1442,The number of hours  I work,The number of hours  I work,Preparing for work and commuting,Preparing for work and commuting,Preparing for work and commuting,Preparing for work and commuting,The number of hours  I work,The number of hours  I work,The number of hours  I work,The number of hours  I work,My personal relationships,My personal relationships
1443,The number of hours  I work,The number of hours  I work,Preparing for work and commuting,Preparing for work and commuting,Preparing for work and commuting,Preparing for work and commuting,The number of hours  I work,The number of hours  I work,The number of hours  I work,The number of hours  I work,My personal relationships,My personal relationships
1444,The number of hours  I work,The number of hours  I work,Preparing for work and commuting,Preparing for work and commuting,Preparing for work and commuting,Preparing for work and commuting,The number of hours  I work,The number of hours  I work,The number of hours  I work,The number of hours  I work,My personal relationships,My personal relationships
1445,The number of hours  I work,The number of hours  I work,Preparing for work and commuting,Preparing for work and commuting,Preparing for work and commuting,Preparing for work and commuting,The number of hours  I work,The number of hours  I work,The number of hours  I work,The number of hours  I work,My personal relationships,My personal relationships
1446,The number of hours  I work,The number of hours  I work,Preparing for work and commuting,Preparing for work and commuting,Preparing for work and commuting,Preparing for work and commuting,The number of hours  I work,The number of hours  I work,The number of hours  I work,The number of hours  I work,My personal relationships,My personal relationships
1447,The number of hours  I work,The number of hours  I work,Preparing for work and commuting,Preparing for work and commuting,Preparing for work and commuting,Preparing for work and commuting,The number of hours  I work,The number of hours  I work,The number of hours  I work,The number of hours  I work,My personal relationships,My personal relationships
1448,The number of hours  I work,The number of hours  I work,Preparing for work and commuting,Preparing for work and commuting,Preparing for work and commuting,Preparing for work and commuting,The number of hours  I work,The number of hours  I work,The number of hours  I work,The number of hours  I work,My personal relationships,My personal relationships
1449,The number of hours  I work,The number of hours  I work,Preparing for work and commuting,Preparing for work and commuting,Preparing for work and commuting,Preparing for work and commuting,The number of hours  I work,The number of hours  I work,The number of hours  I work,The number of hours  I work,My personal relationships,My personal relationships
1450,The number of hours  I work,The number of hours  I work,Preparing for work and commuting,Preparing for work and commuting,Preparing for work and commuting,Preparing for work and commuting,The number of hours  I work,The number of hours  I work,The number of hours  I work,The number of hours  I work,My personal relationships,My personal relationships
1451,The number of hours  I work,The number of hours  I work,Preparing for work and commuting,Preparing for work and commuting,Preparing for work and commuting,Preparing for work and commuting,The number of hours  I work,The number of hours  I work,The number of hours  I work,The number of hours  I work,My personal relationships,My personal relationships
1452,The number of hours  I work,The number of hours  I work,Preparing for work and commuting,Preparing for work and commuting,Preparing for work and commuting,Preparing for work and commuting,The number of hours  I work,The number of hours  I work,The number of hours  I work,The number of hours  I work,My personal relationships,My personal relationships
1453,The number of hours  I work,The number of hours  I work,Preparing for work and commuting,Preparing for work and commuting,Preparing for work and commuting,Preparing for work and commuting,The number of hours  I work,The number of hours  I work,The number of hours  I work,The number of hours  I work,My personal relationships,My personal relationships
1454,The number of hours  I work,The number of hours  I work,Preparing for work and commuting,Preparing for work and commuting,Preparing for work and commuting,Preparing for work and commuting,The number of hours  I work,The number of hours  I work,The number of hours  I work,The number of hours  I work,My personal relationships,My personal relationships
1455,The number of hours  I work,The number of hours  I work,Preparing for work and commuting,Preparing for work and commuting,Preparing for work and commuting,Preparing for work and commuting,The number of hours  I work,The number of hours  I work,The number of hours  I work,The number of hours  I work,My personal relationships,My personal relationships
1456,The number of hours  I work,The number of hours  I work,Preparing for work and commuting,Preparing for work and commuting,Preparing for work and commuting,Preparing for work and commuting,The number of hours  I work,The number of hours  I work,The number of hours  I work,The number of hours  I work,My personal relationships,My personal relationships
1457,The number of hours  I work,The number of hours  I work,Preparing for work and commuting,Preparing for work and commuting,Preparing for work and commuting,Preparing for work and commuting,The number of hours  I work,The number of hours  I work,The number of hours  I work,The number of hours  I work,My personal relationships,My personal relationships
1458,The number of hours  I work,The number of hours  I work,Preparing for work and commuting,Preparing for work and commuting,Preparing for work and commuting,Preparing for work and commuting,The number of hours  I work,The number of hours  I work,The number of hours  I work,The number of hours  I work,My personal relationships,My personal relationships
1459,The number of hours  I work,The number of hours  I work,Preparing for work and commuting,Preparing for work and commuting,Preparing for work and commuting,Preparing for work and commuting,The number of hours  I work,The number of hours  I work,The number of hours  I work,The number of hours  I work,My personal relationships,My personal relationships
1460,The number of hours  I work,The number of hours  I work,Preparing for work and commuting,Preparing for work and commuting,Preparing for work and commuting,Preparing for work and commuting,The number of hours  I work,The number of hours  I work,The number of hours  I work,The number of hours  I work,My personal relationships,My personal relationships
1461,The number of hours  I work,The number of hours  I work,Preparing for work and commuting,Preparing for work and commuting,Preparing for work and commuting,Preparing for work and commuting,The number of hours  I work,The number of hours  I work,The number of hours  I work,The number of hours  I work,My personal relationships,My personal relationships
1462,The number of hours  I work,The number of hours  I work,Preparing for work and commuting,Preparing for work and commuting,Preparing for work and commuting,Preparing for work and commuting,The number of hours  I work,The number of hours  I work,The number of hours  I work,The number of hours  I work,My personal relationships,My personal relationships
1463,The number of hours  I work,The number of hours  I work,Preparing for work and commuting,Preparing for work and commuting,Preparing for work and commuting,Preparing for work and commuting,The number of hours  I work,The number of hours  I work,The number of hours  I work,The number of hours  I work,My personal relationships,My personal relationships
1464,The number of hours  I work,The number of hours  I work,Preparing for work and commuting,Preparing for work and commuting,Preparing for work and commuting,Preparing for work and commuting,The number of hours  I work,The number of hours  I work,The number of hours  I work,The number of hours  I work,My personal relationships,My personal relationships
1465,The number of hours  I work,The number of hours  I work,Preparing for work and commuting,Preparing for work and commuting,Preparing for work and commuting,Preparing for work and commuting,The number of hours  I work,The number of hours  I work,The number of hours  I work,The number of hours  I work,My personal relationships,My personal relationships
1466,The number of hours  I work,The number of hours  I work,Preparing for work and commuting,Preparing for work and commuting,Preparing for work and commuting,Preparing for work and commuting,The number of hours  I work,The number of hours  I work,The number of hours  I work,The number of hours  I work,My personal relationships,My personal relationships
1467,The number of hours  I work,The number of hours  I work,Preparing for work and commuting,Preparing for work and commuting,Preparing for work and commuting,Preparing for work and commuting,The number of hours  I work,The number of hours  I work,The number of hours  I work,The number of hours  I work,My personal relationships,My personal relationships
1468,The number of hours  I work,The number of hours  I work,Preparing for work and commuting,Preparing for work and commuting,Preparing for work and commuting,Preparing for work and commuting,The number of hours  I work,The number of hours  I work,The number of hours  I work,The number of hours  I work,My personal relationships,My personal relationships
1469,The number of hours  I work,The number of hours  I work,Preparing for work and commuting,Preparing for work and commuting,Preparing for work and commuting,Preparing for work and commuting,The number of hours  I work,The number of hours  I work,The number of hours  I work,The number of hours  I work,My personal relationships,My personal relationships
1470,The number of hours  I work,The number of hours  I work,Preparing for work and commuting,Preparing for work and commuting,Preparing for work and commuting,Preparing for work and commuting,The number of hours  I work,The number of hours  I work,The number of hours  I work,The number of hours  I work,My personal relationships,My personal relationships
1471,The number of hours  I work,The number of hours  I work,Preparing for work and commuting,Preparing for work and commuting,Preparing for work and commuting,Preparing for work and commuting,The number of hours  I work,The number of hours  I work,The number of hours  I work,The number of hours  I work,My personal relationships,My personal relationships
1472,The number of hours  I work,The number of hours  I work,Preparing for work and commuting,Preparing for work and commuting,Preparing for work and commuting,Preparing for work and commuting,The number of hours  I work,The number of hours  I work,The number of hours  I work,The number of hours  I work,My personal relationships,My personal relationships
1473,The number of hours  I work,The number of hours  I work,Preparing for work and commuting,Preparing for work and commuting,Preparing for work and commuting,Preparing for work and commuting,The number of hours  I work,The number of hours  I work,The number of hours  I work,The number of hours  I work,My personal relationships,My personal relationships
1474,The number of hours  I work,The number of hours  I work,Preparing for work and commuting,Preparing for work and commuting,Preparing for work and commuting,Preparing for work and commuting,The number of hours  I work,The number of hours  I work,The number of hours  I work,The number of hours  I work,My personal relationships,My personal relationships
1475,The number of hours  I work,The number of hours  I work,Preparing for work and commuting,Preparing for work and commuting,Preparing for work and commuting,Preparing for work and commuting,The number of hours  I work,The number of hours  I work,The number of hours  I work,The number of hours  I work,My personal relationships,My personal relationships
1476,The number of hours  I work,The number of hours  I work,Preparing for work and commuting,Preparing for work and commuting,Preparing for work and commuting,Preparing for work and commuting,The number of hours  I work,The number of hours  I work,The number of hours  I work,The number of hours  I work,My personal relationships,My personal relationships
1477,The number of hours  I work,The number of hours  I work,Preparing for work and commuting,Preparing for work and commuting,Preparing for work and commuting,Preparing for work and commuting,The number of hours  I work,The number of hours  I work,The number of hours  I work,The number of hours  I work,My personal relationships,My personal relationships
1478,The number of hours  I work,The number of hours  I work,Preparing for work and commuting,Preparing for work and commuting,Preparing for work and commuting,Preparing for work and commuting,The number of hours  I work,The number of hours  I work,The number of hours  I work,The number of hours  I work,My personal relationships,My personal relationships
1479,The number of hours  I work,The number of hours  I work,Preparing for work and commuting,Preparing for work and commuting,Preparing for work and commuting,Preparing for work and commuting,The number of hours  I work,The number of hours  I work,The number of hours  I work,The number of hours  I work,My personal relationships,My personal relationships
1480,The number of hours  I work,The number of hours  I work,Preparing for work and commuting,Preparing for work and commuting,Preparing for work and commuting,Preparing for work and commuting,The number of hours  I work,The number of hours  I work,The number of hours  I work,The number of hours  I work,My personal relationships,My personal relationships
1481,The number of hours  I work,The number of hours  I work,Preparing for work and commuting,Preparing for work and commuting,Preparing for work and commuting,Preparing for work and commuting,The number of hours  I work,The number of hours  I work,The number of hours  I work,The number of hours  I work,My personal relationships,My personal relationships
1482,The number of hours  I work,The number of hours  I work,Preparing for work and commuting,Preparing for work and commuting,Preparing for work and commuting,Preparing for work and commuting,The number of hours  I work,The number of hours  I work,The number of hours  I work,The number of hours  I work,My personal relationships,My personal relationships
1483,The number of hours  I work,The number of hours  I work,Preparing for work and commuting,Preparing for work and commuting,Preparing for work and commuting,Preparing for work and commuting,The number of hours  I work,The number of hours  I work,The number of hours  I work,The number of hours  I work,My personal relationships,My personal relationships
1484,The number of hours  I work,The number of hours  I work,Preparing for work and commuting,Preparing for work and commuting,Preparing for work and commuting,Preparing for work and commuting,The number of hours  I work,The number of hours  I work,The number of hours  I work,The number of hours  I work,My personal relationships,My personal relationships
1485,The number of hours  I work,The number of hours  I work,Preparing for work and commuting,Preparing for work and commuting,Preparing for work and commuting,Preparing for work and commuting,The number of hours  I work,The number of hours  I work,The number of hours  I work,The number of hours  I work,My personal relationships,My personal relationships
1486,The number of hours  I work,The number of hours  I work,Preparing for work and commuting,Preparing for work and commuting,Preparing for work and commuting,Preparing for work and commuting,The number of hours  I work,The number of hours  I work,The number of hours  I work,The number of hours  I work,My personal relationships,My personal relationships
1487,The number of hours  I work,The number of hours  I work,Preparing for work and commuting,Preparing for work and commuting,Preparing for work and commuting,Preparing for work and commuting,The number of hours  I work,The number of hours  I work,The number of hours  I work,The number of hours  I work,My personal relationships,My personal relationships
1488,The number of hours  I work,The number of hours  I work,Preparing for work and commuting,Preparing for work and commuting,Preparing for work and commuting,Preparing for work and commuting,The number of hours  I work,The number of hours  I work,The number of hours  I work,The number of hours  I work,My personal relationships,My personal relationships
1489,The number of hours  I work,The number of hours  I work,Preparing for work and commuting,Preparing for work and commuting,Preparing for work and commuting,Preparing for work and commuting,The number of hours  I work,The number of hours  I work,The number of hours  I work,The number of hours  I work,My personal relationships,My personal relationships
1490,The number of hours  I work,The number of hours  I work,Preparing for work and commuting,Preparing for work and commuting,Preparing for work and commuting,Preparing for work and commuting,The number of hours  I work,The number of hours  I work,The number of hours  I work,The number of hours  I work,My personal relationships,My personal relationships
1491,The number of hours  I work,The number of hours  I work,Preparing for work and commuting,Preparing for work and commuting,Preparing for work and commuting,Preparing for work and commuting,The number of hours  I work,The number of hours  I work,The number of hours  I work,The number of hours  I work,My personal relationships,My personal relationships
1492,The number of hours  I work,The number of hours  I work,Preparing for work and commuting,Preparing for work and commuting,Preparing for work and commuting,Preparing for work and commuting,The number of hours  I work,The number of hours  I work,The number of hours  I work,The number of hours  I work,My personal relationships,My personal relationships
1493,The number of hours  I work,The number of hours  I work,Preparing for work and commuting,Preparing for work and commuting,Preparing for work and commuting,Preparing for work and commuting,The number of hours  I work,The number of hours  I work,The number of hours  I work,The number of hours  I work,My personal relationships,My personal relationships
1494,The number of hours  I work,The number of hours  I work,Preparing for work and commuting,Preparing for work and commuting,Preparing for work and commuting,Preparing for work and commuting,The number of hours  I work,The number of hours  I work,The number of hours  I work,The number of hours  I work,My personal relationships,My personal relationships
1495,The number of hours  I work,The number of hours  I work,Preparing for work and commuting,Preparing for work and commuting,Preparing for work and commuting,Preparing for work and commuting,The number of hours  I work,The number of hours  I work,The number of hours  I work,The number of hours  I work,My personal relationships,My personal relationships
1496,The number of hours  I work,The number of hours  I work,Preparing for work and commuting,Preparing for work and commuting,Preparing for work and commuting,Preparing for work and commuting,The number of hours  I work,The number of hours  I work,The number of hours  I work,The number of hours  I work,My personal relationships,My personal relationships
1497,The number of hours  I work,The number of hours  I work,Preparing for work and commuting,Preparing for work and commuting,Preparing for work and commuting,Preparing for work and commuting,The number of hours  I work,The number of hours  I work,The number of hours  I work,The number of hours  I work,My personal relationships,My personal relationships
1498,The number of hours  I work,The number of hours  I work,Preparing for work and commuting,Preparing for work and commuting,Preparing for work and commuting,Preparing for work and commuting,The number of hours  I work,The number of hours  I work,The number of hours  I work,The number of hours  I work,My personal relationships,My personal relationships
1499,The number of hours  I work,The number of hours  I work,Preparing for work and commuting,Preparing for work and commuting,Preparing for work and commuting,Preparing for work and commuting,The number of hours  I work,The number of hours  I work,The number of hours  I work,The number of hours  I work,My personal relationships,My personal relationships
1500,The number of hours  I work,The number of hours  I work,Preparing for work and commuting,Preparing for work and commuting,Preparing for work and commuting,Preparing for work and commuting,The number of hours  I work,The number of hours  I work,The number of hours  I work,The number of hours  I work,My personal relationships,My personal relationships
1501,The number of hours  I work,The number of hours  I work,Preparing for work and commuting,Preparing for work and commuting,Preparing for work and commuting,Preparing for work and commuting,The number of hours  I work,The number of hours  I work,The number of hours  I work,The number of hours  I work,My personal relationships,My personal relationships
1502,The number of hours  I work,The number of hours  I work,Preparing for work and commuting,Preparing for work and commuting,Preparing for work and commuting,Preparing for work and commuting,The number of hours  I work,The number of hours  I work,The number of hours  I work,The number of hours  I work,My personal relationships,My personal relationships
1503,The number of hours  I work,The number of hours  I work,Preparing for work and commuting,Preparing for work and commuting,Preparing for work and commuting,Preparing for work and commuting,The number of hours  I work,The number of hours  I work,The number of hours  I work,The number of hours  I work,My personal relationships,My personal relationships
1504,The number of hours  I work,The number of hours  I work,Preparing for work and commuting,Preparing for work and commuting,Preparing for work and commuting,Preparing for work and commuting,The number of hours  I work,The number of hours  I work,The number of hours  I work,The number of hours  I work,My personal relationships,My personal relationships
1505,The number of hours  I work,The number of hours  I work,Preparing for work and commuting,Preparing for work and commuting,Preparing for work and commuting,Preparing for work and commuting,The number of hours  I work,The number of hours  I work,The number of hours  I work,The number of hours  I work,My personal relationships,My personal relationships
1506,The number of hours  I work,The number of hours  I work,Preparing for work and commuting,Preparing for work and commuting,Preparing for work and commuting,Preparing for work and commuting,The number of hours  I work,The number of hours  I work,The number of hours  I work,The number of hours  I work,My personal relationships,My personal relationships
1507,The number of hours  I work,The number of hours  I work,Preparing for work and commuting,Preparing for work and commuting,Preparing for work and commuting,Preparing for work and commuting,The number of hours  I work,The number of hours  I work,The number of hours  I work,The number of hours  I work,My personal relationships,My personal relationships
